DateTime,Hour,DayOfWeek,CrimeType,Location,Latitude,Longitude,Description,VictimGender,CrimeAgainstWomen
2023-10-17 03:01:00,3,1,Homicide,Eastside,28.622178569216853,77.20669559498049,dead incident reported. Evidence collected,Male,0
2023-08-28 13:02:00,13,0,Theft,Northside,28.624694808968346,77.23438383094013,purse incident reported. Evidence collected,Male,0
2023-07-29 06:45:00,6,5,Fraud,Eastside,28.60999744375461,77.20509771738418,scam incident reported. Witness present,Female,0
2023-12-16 13:21:00,13,5,Homicide,Southside,28.640220213591792,77.22179057881922,stabbed incident reported. Evidence collected,Male,0
2022-04-05 12:06:00,12,1,Cyber Crime,Suburb A,28.606075426901086,77.2180426673931,hacked incident reported. No leads yet,Unknown,0
2023-07-04 03:59:00,3,1,Fraud,Northside,28.60617637178646,77.2012378374405,cheated incident reported. Witness present,Unknown,0
2023-12-23 02:02:00,2,5,Robbery,Westside,28.6179327045261,77.17711199592237,gun incident reported. No leads yet,Male,0
2022-10-12 14:40:00,14,2,Cyber Crime,Southside,28.585151369458117,77.19962854117932,ransomware incident reported. Evidence collected,Female,0
2023-09-16 20:10:00,20,5,Robbery,Southside,28.59701948132776,77.21423745554326,mugged incident reported. Witness present,Female,1
2023-12-03 10:53:00,10,6,Theft,Eastside,28.59876626540798,77.18546160497775,pickpocket incident reported. CCTV available,Male,0
2022-03-09 06:58:00,6,2,Cyber Crime,Eastside,28.638327479482026,77.20523706165856,identity theft incident reported. Witness present,Unknown,0
2022-09-29 04:15:00,4,3,Homicide,Suburb B,28.615025470078134,77.18525419689645,murder incident reported. Witness present,Unknown,0
2023-06-06 15:05:00,15,1,Theft,Northside,28.60482695459125,77.2108487098285,pickpocket incident reported. Evidence collected,Male,0
2023-01-30 12:38:00,12,0,Kidnapping,Westside,28.594716773709628,77.2152616336391,abducted incident reported. Evidence collected,Unknown,0
2023-11-30 17:48:00,17,3,Homicide,Suburb A,28.603889355168022,77.20413843750345,murder incident reported. No leads yet,Male,0
2022-01-04 23:56:00,23,1,Homicide,Southside,28.603871556462845,77.23987130307515,stabbed incident reported. Witness present,Unknown,0
2022-06-06 11:48:00,11,0,Burglary,Downtown,28.613675046254368,77.1913714845174,broke incident reported. Evidence collected,Unknown,0
2023-01-07 09:15:00,9,5,Theft,Eastside,28.62760908186839,77.18865260583382,stole incident reported. No leads yet,Unknown,0
2022-03-12 17:49:00,17,5,Burglary,Southside,28.617381059916745,77.17633883126868,door incident reported. Witness present,Unknown,0
2022-09-29 16:55:00,16,3,Fraud,Eastside,28.591763565851693,77.21228102059783,fake incident reported. CCTV available,Unknown,0
2023-02-13 21:41:00,21,0,Cyber Crime,Industrial Area,28.626207776333256,77.21185613801984,phishing incident reported. Witness present,Unknown,0
2022-03-07 10:01:00,10,0,Robbery,Eastside,28.611972528626865,77.20398160507351,gun incident reported. Witness present,Male,1
2022-03-11 01:55:00,1,4,Cyber Crime,Northside,28.589257966827212,77.19700259652676,identity theft incident reported. Witness present,Unknown,0
2023-07-07 04:46:00,4,4,Kidnapping,Eastside,28.60622268715067,77.22661870377031,missing child incident reported. Evidence collected,Female,1
2022-04-10 21:27:00,21,6,Cyber Crime,Suburb B,28.61962697149281,77.17961599741062,hacked incident reported. Evidence collected,Female,0
2022-03-04 12:46:00,12,4,Cyber Crime,Northside,28.619301399489913,77.20258196199306,identity theft incident reported. Witness present,Male,0
2023-03-09 05:17:00,5,3,Kidnapping,Eastside,28.60261796666157,77.21919460481402,abducted incident reported. Evidence collected,Male,0
2023-10-30 17:53:00,17,0,Theft,Northside,28.631083325374934,77.22452133531861,pickpocket incident reported. No leads yet,Male,0
2022-08-07 12:57:00,12,6,Theft,Southside,28.599913041279624,77.20384646040249,pickpocket incident reported. CCTV available,Female,1
2023-04-11 09:27:00,9,1,Kidnapping,Southside,28.61942105719006,77.22525908545204,abducted incident reported. Evidence collected,Male,0
2022-11-18 01:03:00,1,4,Kidnapping,Southside,28.60591376270258,77.20590568372228,abducted incident reported. Witness present,Male,0
2022-03-12 19:04:00,19,5,Robbery,Suburb B,28.595461083766565,77.18906322293199,mugged incident reported. Witness present,Male,0
2023-08-16 19:02:00,19,2,Assault,Suburb B,28.627442097039904,77.23160400047618,beaten incident reported. CCTV available,Unknown,0
2022-09-25 06:42:00,6,6,Cyber Crime,Eastside,28.612699831306994,77.2257255482982,ransomware incident reported. No leads yet,Female,0
2022-11-20 02:00:00,2,6,Kidnapping,Northside,28.61992726708413,77.19824800408992,ransom incident reported. Witness present,Male,0
2022-12-24 02:56:00,2,5,Robbery,Suburb A,28.61992326009181,77.23463394277444,mugged incident reported. CCTV available,Female,1
2023-09-19 20:33:00,20,1,Theft,Westside,28.61330289934817,77.23507739426357,wallet incident reported. CCTV available,Unknown,0
2022-04-29 03:47:00,3,4,Burglary,Westside,28.570237581598505,77.22269837507292,forced incident reported. Witness present,Female,0
2023-12-05 20:54:00,20,1,Homicide,Industrial Area,28.61535078447064,77.2040165441589,dead incident reported. Evidence collected,Female,0
2023-10-12 13:53:00,13,3,Homicide,Downtown,28.615429346275594,77.17587385142332,murder incident reported. CCTV available,Male,0
2022-06-15 23:28:00,23,2,Fraud,Downtown,28.610238801869375,77.21495187619186,fake incident reported. Evidence collected,Male,1
2023-01-14 18:35:00,18,5,Burglary,Suburb B,28.63853156741236,77.20036216302877,forced incident reported. Evidence collected,Male,1
2023-01-02 06:43:00,6,0,Robbery,Northside,28.60042510661845,77.20063738260693,forcibly incident reported. Witness present,Female,1
2022-08-31 05:51:00,5,2,Burglary,Suburb B,28.6291567019617,77.214479185161,forced incident reported. No leads yet,Male,0
2023-11-17 23:51:00,23,4,Robbery,Westside,28.60507066327055,77.21755445721855,gun incident reported. No leads yet,Male,0
2022-02-09 15:14:00,15,2,Robbery,Industrial Area,28.615517959155802,77.22514408317555,threat incident reported. Witness present,Female,1
2022-01-25 21:12:00,21,1,Fraud,Suburb A,28.602199115102046,77.20353896422337,cheated incident reported. CCTV available,Female,0
2023-10-19 16:25:00,16,3,Cyber Crime,Downtown,28.607364864114466,77.1846080841978,ransomware incident reported. Witness present,Male,0
2023-08-18 08:02:00,8,4,Assault,Suburb B,28.618835337951076,77.213350921203,attack incident reported. No leads yet,Female,1
2023-09-13 16:07:00,16,2,Fraud,Eastside,28.613985224277375,77.20509021444376,forgery incident reported. Evidence collected,Female,1
2023-06-17 17:43:00,17,5,Robbery,Suburb A,28.590310487632493,77.20198924462058,demanded incident reported. CCTV available,Female,1
2023-11-11 03:46:00,3,5,Homicide,Westside,28.60818809139122,77.19562871217964,shot incident reported. CCTV available,Unknown,0
2023-07-22 04:12:00,4,5,Fraud,Suburb B,28.611211904805568,77.21573418094691,fake incident reported. CCTV available,Unknown,0
2023-02-20 17:53:00,17,0,Theft,Westside,28.645336431686843,77.21190963021387,purse incident reported. CCTV available,Female,0
2023-04-22 14:28:00,14,5,Robbery,Industrial Area,28.61819250651205,77.20775923473724,gun incident reported. CCTV available,Unknown,0
2023-06-12 21:40:00,21,0,Cyber Crime,Northside,28.581920479745015,77.20855810207586,phishing incident reported. Witness present,Male,0
2022-05-31 00:02:00,0,1,Robbery,Industrial Area,28.61490383683235,77.2500540352081,gun incident reported. No leads yet,Unknown,0
2023-03-01 20:36:00,20,2,Robbery,Suburb B,28.610693983920317,77.2140257890389,threat incident reported. Evidence collected,Female,1
2022-04-20 13:14:00,13,2,Burglary,Industrial Area,28.613321470504914,77.18952203270635,broke incident reported. No leads yet,Male,0
2022-05-17 14:42:00,14,1,Cyber Crime,Industrial Area,28.632947046908583,77.22153221721145,identity theft incident reported. No leads yet,Unknown,0
2022-06-12 23:55:00,23,6,Kidnapping,Industrial Area,28.62708386578405,77.1938435424201,ransom incident reported. No leads yet,Female,1
2023-10-04 07:17:00,7,2,Kidnapping,Northside,28.637279905182268,77.18563581562013,ransom incident reported. CCTV available,Unknown,0
2022-11-24 17:05:00,17,3,Burglary,Southside,28.62368095156334,77.2455075937635,entered incident reported. Witness present,Male,0
2022-03-07 13:26:00,13,0,Cyber Crime,Industrial Area,28.597391061247823,77.19956170450662,identity theft incident reported. No leads yet,Female,1
2023-08-22 22:01:00,22,1,Fraud,Industrial Area,28.615560856084794,77.20060873909807,cheated incident reported. No leads yet,Male,0
2023-03-06 17:47:00,17,0,Robbery,Industrial Area,28.588055609482232,77.21014271624676,forcibly incident reported. Evidence collected,Male,0
2023-02-03 10:42:00,10,4,Fraud,Southside,28.596194938104567,77.21689320717725,scam incident reported. No leads yet,Female,0
2023-08-30 18:42:00,18,2,Theft,Northside,28.59857626276277,77.23483224008363,pickpocket incident reported. Witness present,Unknown,0
2022-02-21 08:24:00,8,0,Cyber Crime,Eastside,28.600845778461064,77.20363230806325,identity theft incident reported. CCTV available,Female,0
2023-03-08 08:53:00,8,2,Assault,Industrial Area,28.627458620289495,77.1884855947261,punched incident reported. CCTV available,Male,0
2022-08-18 20:04:00,20,3,Theft,Downtown,28.61769099891007,77.23078571257138,stole incident reported. Witness present,Male,0
2022-09-02 04:30:00,4,4,Assault,Eastside,28.587108612757312,77.21207723097554,attack incident reported. Witness present,Female,1
2023-09-13 19:47:00,19,2,Assault,Southside,28.61823137990414,77.22203038119629,punched incident reported. CCTV available,Female,1
2023-08-13 21:58:00,21,6,Fraud,Suburb B,28.5932841548187,77.18699238978193,fake incident reported. Evidence collected,Unknown,0
2023-12-15 09:54:00,9,4,Assault,Downtown,28.622599026093617,77.21394974455389,attack incident reported. Evidence collected,Female,1
2023-06-03 20:21:00,20,5,Theft,Suburb B,28.6180748808391,77.21477413682496,missing incident reported. No leads yet,Female,0
2023-12-26 04:27:00,4,1,Burglary,Westside,28.602566254640358,77.21287089495269,door incident reported. No leads yet,Unknown,0
2023-04-22 13:52:00,13,5,Homicide,Suburb A,28.618784541221647,77.1970941430329,dead incident reported. CCTV available,Male,0
2023-04-07 07:48:00,7,4,Kidnapping,Suburb B,28.644996241852414,77.21689721534854,ransom incident reported. Witness present,Female,1
2023-05-15 06:22:00,6,0,Homicide,Suburb A,28.59404494171329,77.2199425601439,stabbed incident reported. Evidence collected,Female,0
2023-06-14 06:05:00,6,2,Robbery,Suburb B,28.59765530549621,77.22211807672905,threat incident reported. No leads yet,Female,1
2023-10-24 22:31:00,22,1,Kidnapping,Downtown,28.63320992631679,77.1953219613608,held captive incident reported. Witness present,Male,0
2022-11-10 21:37:00,21,3,Cyber Crime,Industrial Area,28.629956268820738,77.21587968211561,identity theft incident reported. CCTV available,Unknown,0
2022-12-27 22:29:00,22,1,Homicide,Westside,28.627601002666577,77.24061321637757,murder incident reported. CCTV available,Female,0
2022-05-03 23:34:00,23,1,Burglary,Eastside,28.60981019806662,77.19643773059404,forced incident reported. CCTV available,Male,0
2022-04-13 06:18:00,6,2,Robbery,Suburb A,28.59907475950624,77.19540316191724,mugged incident reported. Witness present,Male,0
2022-10-08 01:03:00,1,5,Homicide,Southside,28.612614971509768,77.21468586624695,shot incident reported. Evidence collected,Unknown,0
2022-01-13 18:18:00,18,3,Kidnapping,Industrial Area,28.61851151332217,77.22278638748394,abducted incident reported. CCTV available,Female,1
2023-05-05 03:52:00,3,4,Assault,Suburb B,28.614116698197964,77.23322556795263,punched incident reported. Witness present,Female,1
2022-06-02 18:19:00,18,3,Assault,Eastside,28.60948905277937,77.2543361527765,injury incident reported. Witness present,Male,0
2023-06-20 12:28:00,12,1,Kidnapping,Westside,28.624327789129417,77.1947140407264,ransom incident reported. Evidence collected,Unknown,0
2023-09-17 23:06:00,23,6,Robbery,Eastside,28.596051791698983,77.21704120692073,threat incident reported. Witness present,Female,1
2022-06-27 17:04:00,17,0,Burglary,Downtown,28.61017562024457,77.22090000823488,door incident reported. No leads yet,Female,0
2022-10-26 01:14:00,1,2,Homicide,Westside,28.621787293742894,77.20778618478906,dead incident reported. Witness present,Unknown,0
2022-09-28 20:37:00,20,2,Robbery,Suburb B,28.599786771365526,77.18375254625523,threat incident reported. CCTV available,Male,0
2022-05-26 02:03:00,2,3,Burglary,Westside,28.606458084132218,77.22327331323872,door incident reported. CCTV available,Unknown,0
2023-03-26 03:29:00,3,6,Homicide,Suburb B,28.617468229068837,77.18823768702147,shot incident reported. No leads yet,Female,0
2022-03-24 19:02:00,19,3,Fraud,Suburb A,28.616786348764187,77.21542195632881,scam incident reported. Witness present,Unknown,0
2023-11-22 18:37:00,18,2,Theft,Westside,28.599169042729983,77.21156208509909,wallet incident reported. No leads yet,Unknown,1
2023-06-16 20:28:00,20,4,Homicide,Southside,28.614870145307435,77.18995049503616,shot incident reported. Evidence collected,Unknown,0
2023-04-27 11:26:00,11,3,Cyber Crime,Suburb A,28.619863122672474,77.2183464087728,phishing incident reported. CCTV available,Unknown,0
2023-02-26 22:31:00,22,6,Homicide,Suburb B,28.63195085405292,77.22656336753391,dead incident reported. CCTV available,Unknown,1
2022-09-16 10:07:00,10,4,Fraud,Downtown,28.590938843867384,77.19336958266808,forgery incident reported. No leads yet,Unknown,0
2022-02-25 06:33:00,6,4,Cyber Crime,Industrial Area,28.622483921120146,77.21756309918187,hacked incident reported. Witness present,Unknown,0
2022-10-01 17:08:00,17,5,Homicide,Industrial Area,28.622484128105103,77.27321219151092,dead incident reported. Witness present,Unknown,0
2023-12-28 05:19:00,5,3,Theft,Suburb B,28.623414841844887,77.22792609400301,stole incident reported. No leads yet,Male,0
2022-05-01 20:53:00,20,6,Burglary,Industrial Area,28.629800029391554,77.2198565208551,forced incident reported. No leads yet,Unknown,0
2023-05-10 15:15:00,15,2,Kidnapping,Southside,28.60864551258933,77.22164948700822,missing child incident reported. Evidence collected,Female,1
2022-10-10 13:21:00,13,0,Homicide,Downtown,28.601019579757708,77.205053023221,killed incident reported. No leads yet,Female,0
2022-06-02 14:34:00,14,3,Kidnapping,Suburb A,28.60581060753618,77.21036456898977,held captive incident reported. No leads yet,Female,1
2022-11-26 06:44:00,6,5,Robbery,Suburb B,28.652477642777892,77.17787891345681,forcibly incident reported. Evidence collected,Male,0
2022-11-22 23:30:00,23,1,Fraud,Suburb B,28.625337669839578,77.18212140214685,fake incident reported. No leads yet,Unknown,0
2022-02-07 04:32:00,4,0,Cyber Crime,Northside,28.60603446890351,77.22714917661612,identity theft incident reported. Evidence collected,Female,1
2022-05-28 13:55:00,13,5,Burglary,Northside,28.614971333651592,77.19103758703451,forced incident reported. CCTV available,Female,0
2023-10-01 22:25:00,22,6,Assault,Suburb A,28.601978271512333,77.22032662914891,injury incident reported. CCTV available,Unknown,0
2023-10-04 22:56:00,22,2,Kidnapping,Downtown,28.601727222804715,77.2126076431597,ransom incident reported. Witness present,Unknown,1
2022-04-03 13:06:00,13,6,Assault,Industrial Area,28.614659530665065,77.19813999420657,punched incident reported. Evidence collected,Male,0
2022-11-29 01:18:00,1,1,Cyber Crime,Suburb A,28.649632401488756,77.21956531703864,identity theft incident reported. Witness present,Female,0
2022-06-24 05:05:00,5,4,Fraud,Eastside,28.580147623555707,77.21210757191282,fake incident reported. Witness present,Female,0
2023-04-18 20:16:00,20,1,Kidnapping,Westside,28.602870225587196,77.2232072222466,held captive incident reported. CCTV available,Unknown,1
2023-11-25 17:10:00,17,5,Assault,Industrial Area,28.600691321026122,77.20708772597555,attack incident reported. No leads yet,Female,1
2023-12-08 08:29:00,8,4,Homicide,Eastside,28.622316454649674,77.22342925323618,dead incident reported. Witness present,Female,0
2023-01-26 18:22:00,18,3,Homicide,Westside,28.593895059882406,77.20342497940266,shot incident reported. CCTV available,Male,0
2022-01-09 18:55:00,18,6,Theft,Industrial Area,28.605984244813985,77.19811117945711,wallet incident reported. CCTV available,Female,0
2022-08-13 20:12:00,20,5,Homicide,Southside,28.64332423733802,77.21574969518268,dead incident reported. CCTV available,Unknown,1
2023-03-28 01:37:00,1,1,Cyber Crime,Southside,28.59288526742775,77.22429769911759,ransomware incident reported. No leads yet,Male,0
2022-06-29 06:08:00,6,2,Cyber Crime,Westside,28.64926926995021,77.22620775434252,identity theft incident reported. CCTV available,Male,0
2022-12-13 03:29:00,3,1,Assault,Southside,28.5885771672341,77.2009294321189,injury incident reported. CCTV available,Male,0
2022-04-03 12:00:00,12,6,Homicide,Northside,28.63501518581978,77.19720550890635,stabbed incident reported. No leads yet,Female,0
2023-10-16 11:06:00,11,0,Robbery,Industrial Area,28.621296990469105,77.22191056755716,mugged incident reported. CCTV available,Male,0
2023-09-17 07:41:00,7,6,Assault,Industrial Area,28.598451158807034,77.2080079107323,injury incident reported. Evidence collected,Unknown,0
2022-05-24 01:02:00,1,1,Homicide,Industrial Area,28.559878877665515,77.19192687264443,killed incident reported. Witness present,Male,1
2023-02-02 14:23:00,14,3,Fraud,Southside,28.609690530810116,77.18820361363392,forgery incident reported. No leads yet,Female,0
2022-10-14 01:44:00,1,4,Cyber Crime,Eastside,28.641106855065527,77.18516431036733,phishing incident reported. CCTV available,Female,0
2022-04-12 21:23:00,21,1,Cyber Crime,Downtown,28.60656592522172,77.21117900962143,hacked incident reported. No leads yet,Female,0
2022-04-04 21:13:00,21,0,Theft,Downtown,28.637921221484437,77.185068964147,wallet incident reported. Witness present,Female,0
2022-03-12 17:13:00,17,5,Robbery,Eastside,28.633286062535916,77.209170551017,mugged incident reported. Evidence collected,Female,1
2022-10-11 04:08:00,4,1,Homicide,Southside,28.597541522482537,77.21670172457105,dead incident reported. Witness present,Male,0
2022-01-16 11:50:00,11,6,Robbery,Suburb A,28.617217661592893,77.1989963853807,gun incident reported. Witness present,Male,0
2023-03-08 16:07:00,16,2,Assault,Industrial Area,28.615063368083167,77.20257810671897,beaten incident reported. Evidence collected,Female,1
2023-04-08 16:14:00,16,5,Theft,Westside,28.61579195575419,77.22003551124202,stole incident reported. Evidence collected,Female,0
2023-05-06 12:27:00,12,5,Assault,Industrial Area,28.640333613602422,77.18836974168622,punched incident reported. Evidence collected,Unknown,0
2022-11-26 19:09:00,19,5,Assault,Southside,28.649450556244272,77.1764652033413,beaten incident reported. CCTV available,Female,1
2023-01-26 19:33:00,19,3,Homicide,Industrial Area,28.611370248416076,77.21880528677475,dead incident reported. Evidence collected,Unknown,0
2023-11-02 20:56:00,20,3,Robbery,Suburb B,28.618583197795584,77.19862167466967,forcibly incident reported. CCTV available,Female,1
2023-04-10 12:26:00,12,0,Assault,Suburb A,28.61043129582738,77.2007833177557,attack incident reported. CCTV available,Female,1
2022-06-06 21:59:00,21,0,Kidnapping,Northside,28.60407725405093,77.22316003495035,abducted incident reported. No leads yet,Male,0
2022-04-09 23:47:00,23,5,Cyber Crime,Southside,28.61985025809942,77.19745150674567,ransomware incident reported. Evidence collected,Unknown,1
2023-02-25 11:55:00,11,5,Fraud,Downtown,28.62889333125722,77.21412165868128,cheated incident reported. Evidence collected,Female,0
2023-08-15 16:13:00,16,1,Burglary,Industrial Area,28.62744770198065,77.21949381403206,forced incident reported. CCTV available,Male,0
2022-04-28 08:36:00,8,3,Robbery,Suburb B,28.600083416484633,77.19966364933005,mugged incident reported. Evidence collected,Unknown,0
2023-09-16 21:53:00,21,5,Homicide,Downtown,28.62635489341872,77.21917283775723,stabbed incident reported. CCTV available,Male,0
2022-12-26 00:11:00,0,0,Burglary,Suburb B,28.6135516401006,77.21095545638849,broke incident reported. Evidence collected,Male,0
2023-06-28 06:24:00,6,2,Fraud,Industrial Area,28.635194414929806,77.19914047685273,cheated incident reported. CCTV available,Female,0
2023-08-05 19:05:00,19,5,Theft,Southside,28.62301828968617,77.20563012245944,stole incident reported. Evidence collected,Male,0
2022-10-06 14:42:00,14,3,Fraud,Industrial Area,28.610271979946216,77.22731294753312,cheated incident reported. Witness present,Unknown,0
2023-06-09 03:22:00,3,4,Fraud,Northside,28.6276569391498,77.22255849393335,forgery incident reported. CCTV available,Female,0
2022-02-16 07:25:00,7,2,Theft,Downtown,28.63565798011924,77.20935006402722,wallet incident reported. Witness present,Male,0
2022-09-19 09:20:00,9,0,Assault,Downtown,28.62526588285492,77.20382888739012,kicked incident reported. Witness present,Female,1
2023-01-25 17:45:00,17,2,Robbery,Suburb A,28.619302772541474,77.20683094909387,gun incident reported. No leads yet,Male,0
2022-01-20 14:58:00,14,3,Assault,Suburb A,28.615516599416548,77.21891928375729,injury incident reported. No leads yet,Unknown,0
2022-10-24 03:25:00,3,0,Theft,Suburb A,28.600262988612776,77.24387312126143,purse incident reported. No leads yet,Male,0
2023-12-08 11:05:00,11,4,Fraud,Northside,28.597133043641673,77.1887635231202,forgery incident reported. Evidence collected,Male,0
2023-02-10 09:47:00,9,4,Cyber Crime,Eastside,28.63320184789167,77.22219437823271,hacked incident reported. Evidence collected,Female,0
2023-06-28 16:12:00,16,2,Cyber Crime,Suburb A,28.62430199695087,77.21947242515441,phishing incident reported. Witness present,Unknown,0
2022-04-16 04:16:00,4,5,Robbery,Southside,28.61369588711922,77.19404576047523,gun incident reported. Witness present,Unknown,0
2023-10-06 15:29:00,15,4,Kidnapping,Suburb A,28.61516340930323,77.1977139714748,held captive incident reported. Evidence collected,Unknown,0
2023-04-26 14:40:00,14,2,Homicide,Westside,28.630151995556965,77.20654904364163,killed incident reported. Evidence collected,Unknown,1
2022-11-14 14:28:00,14,0,Theft,Downtown,28.600141713386794,77.20364356930578,stole incident reported. Evidence collected,Female,0
2023-09-22 19:32:00,19,4,Fraud,Industrial Area,28.620782190904595,77.1996045907866,scam incident reported. No leads yet,Unknown,0
2023-08-09 20:12:00,20,2,Cyber Crime,Industrial Area,28.600196326740562,77.21306145352487,hacked incident reported. No leads yet,Unknown,0
2022-04-16 10:45:00,10,5,Assault,Southside,28.617982776185148,77.20055094707715,injury incident reported. No leads yet,Male,0
2023-06-21 16:39:00,16,2,Burglary,Suburb A,28.606049361573028,77.21286749895596,window incident reported. No leads yet,Female,0
2022-12-13 21:38:00,21,1,Theft,Suburb A,28.589765260975046,77.18554227042706,purse incident reported. No leads yet,Male,0
2022-10-18 08:46:00,8,1,Burglary,Suburb A,28.601925929645795,77.20544254747148,entered incident reported. CCTV available,Male,0
2022-11-14 20:44:00,20,0,Fraud,Southside,28.619081792759967,77.2335892702825,scam incident reported. CCTV available,Unknown,0
2023-07-27 12:41:00,12,3,Cyber Crime,Southside,28.628194327053368,77.20633435783395,hacked incident reported. No leads yet,Unknown,0
2023-06-05 11:01:00,11,0,Cyber Crime,Westside,28.613583063201624,77.19229117725604,ransomware incident reported. No leads yet,Male,0
2022-07-16 07:08:00,7,5,Burglary,Northside,28.613591447733462,77.20418902268467,broke incident reported. Evidence collected,Female,0
2023-11-09 10:56:00,10,3,Burglary,Suburb B,28.619278642672302,77.19521281760747,door incident reported. Witness present,Male,0
2023-03-25 01:26:00,1,5,Cyber Crime,Eastside,28.622555775237355,77.23454564855004,identity theft incident reported. Witness present,Female,0
2023-07-01 07:19:00,7,5,Kidnapping,Eastside,28.612087330859055,77.21569519536831,held captive incident reported. No leads yet,Female,1
2022-10-16 12:32:00,12,6,Fraud,Southside,28.62540239986185,77.20231299213523,fake incident reported. CCTV available,Male,0
2022-02-23 20:30:00,20,2,Cyber Crime,Northside,28.61763487469684,77.20920987334637,hacked incident reported. CCTV available,Unknown,0
2022-03-27 05:17:00,5,6,Kidnapping,Southside,28.615527934975816,77.19611650360241,missing child incident reported. No leads yet,Female,1
2022-12-24 00:26:00,0,5,Theft,Suburb B,28.61430850290432,77.21729997152076,pickpocket incident reported. Evidence collected,Unknown,0
2023-01-19 07:01:00,7,3,Cyber Crime,Northside,28.638085726796586,77.22498784710142,phishing incident reported. Witness present,Unknown,0
2022-02-09 09:58:00,9,2,Kidnapping,Southside,28.64978637429186,77.19621087395187,abducted incident reported. Evidence collected,Unknown,0
2022-01-20 08:13:00,8,3,Burglary,Suburb B,28.62843867727868,77.21205570009565,entered incident reported. CCTV available,Male,0
2022-05-05 01:15:00,1,3,Fraud,Industrial Area,28.65039671555363,77.19552836191075,forgery incident reported. Evidence collected,Male,0
2023-10-10 16:36:00,16,1,Robbery,Southside,28.599904635963654,77.19901012257594,mugged incident reported. CCTV available,Female,1
2022-09-04 18:26:00,18,6,Burglary,Northside,28.57850173792817,77.20023741630533,broke incident reported. Evidence collected,Unknown,0
2023-02-04 15:02:00,15,5,Fraud,Suburb A,28.601247788974106,77.21150656310795,cheated incident reported. Evidence collected,Female,0
2022-12-20 07:46:00,7,1,Assault,Suburb A,28.61959593292962,77.24026951398693,beaten incident reported. CCTV available,Male,1
2023-10-21 05:53:00,5,5,Kidnapping,Industrial Area,28.629740397303102,77.1993849390723,missing child incident reported. Evidence collected,Unknown,0
2023-04-14 01:18:00,1,4,Robbery,Downtown,28.598926422144196,77.21719865285844,demanded incident reported. CCTV available,Male,0
2023-06-12 12:52:00,12,0,Kidnapping,Westside,28.591896113216325,77.23952431276425,missing child incident reported. CCTV available,Male,0
2023-01-01 01:55:00,1,6,Cyber Crime,Westside,28.633557335345355,77.20118040579825,identity theft incident reported. No leads yet,Male,0
2023-03-27 12:21:00,12,0,Burglary,Industrial Area,28.585347757848485,77.23156453956943,door incident reported. CCTV available,Unknown,0
2022-03-26 23:27:00,23,5,Assault,Suburb B,28.611991002579124,77.22963027186623,kicked incident reported. CCTV available,Unknown,0
2022-11-25 03:05:00,3,4,Cyber Crime,Westside,28.58732620568676,77.19901041628411,identity theft incident reported. Witness present,Female,0
2023-12-08 14:22:00,14,4,Kidnapping,Downtown,28.613987394995306,77.20978300989609,ransom incident reported. No leads yet,Unknown,0
2022-10-09 20:50:00,20,6,Theft,Northside,28.60639890880868,77.2193808322058,missing incident reported. Witness present,Unknown,0
2022-02-01 04:54:00,4,1,Kidnapping,Downtown,28.596106326176958,77.20662700858298,ransom incident reported. CCTV available,Male,1
2023-01-28 18:02:00,18,5,Burglary,Industrial Area,28.6159049271952,77.21757398056765,broke incident reported. Witness present,Female,0
2023-06-27 11:25:00,11,1,Cyber Crime,Westside,28.62576024796815,77.19025596513603,hacked incident reported. Witness present,Male,0
2023-05-27 16:24:00,16,5,Assault,Westside,28.58833143048774,77.2302946136983,kicked incident reported. CCTV available,Female,1
2023-12-12 15:12:00,15,1,Assault,Southside,28.61943856686633,77.19652522439073,injury incident reported. Evidence collected,Male,0
2023-11-30 10:42:00,10,3,Cyber Crime,Northside,28.639752532925378,77.21092791057156,ransomware incident reported. Witness present,Unknown,0
2023-12-30 22:59:00,22,5,Burglary,Suburb A,28.63355495306773,77.2101253080235,entered incident reported. Witness present,Unknown,0
2022-08-31 15:01:00,15,2,Cyber Crime,Suburb A,28.648245798748036,77.2382556807074,phishing incident reported. Evidence collected,Female,0
2022-03-09 09:25:00,9,2,Kidnapping,Suburb B,28.60975059752535,77.22519284918258,abducted incident reported. Witness present,Female,1
2022-11-21 20:04:00,20,0,Kidnapping,Industrial Area,28.62465626582642,77.23181052595888,missing child incident reported. Witness present,Unknown,0
2022-05-13 13:32:00,13,4,Theft,Northside,28.597817942323665,77.22043419099998,wallet incident reported. Witness present,Unknown,0
2022-11-27 22:14:00,22,6,Cyber Crime,Westside,28.631540408114162,77.17968767522629,ransomware incident reported. Witness present,Male,0
2023-10-03 09:39:00,9,1,Assault,Southside,28.594179024788904,77.17501279703734,kicked incident reported. Witness present,Unknown,0
2023-11-06 19:46:00,19,0,Cyber Crime,Downtown,28.609409886092593,77.2209590375966,ransomware incident reported. Witness present,Male,1
2023-08-09 13:39:00,13,2,Theft,Industrial Area,28.6389392842016,77.210234913007,missing incident reported. No leads yet,Unknown,0
2022-09-08 21:25:00,21,3,Homicide,Industrial Area,28.64104359242619,77.18599830902976,murder incident reported. No leads yet,Male,0
2023-03-02 15:29:00,15,3,Robbery,Suburb A,28.585510292677416,77.20807420501839,demanded incident reported. CCTV available,Unknown,0
2023-02-13 04:48:00,4,0,Cyber Crime,Northside,28.620301090815655,77.20845508753177,hacked incident reported. CCTV available,Female,0
2023-04-06 07:09:00,7,3,Assault,Downtown,28.579442631666,77.20751466600812,beaten incident reported. No leads yet,Female,1
2022-09-12 05:52:00,5,0,Cyber Crime,Suburb A,28.592158841658254,77.22016120914716,identity theft incident reported. No leads yet,Male,0
2023-05-26 09:31:00,9,4,Theft,Northside,28.620009970768283,77.19333533689455,wallet incident reported. Witness present,Female,0
2023-08-21 11:03:00,11,0,Theft,Westside,28.605335551377724,77.19134644130186,pickpocket incident reported. CCTV available,Female,0
2023-07-04 00:54:00,0,1,Assault,Suburb B,28.61285534837878,77.22491903867503,attack incident reported. No leads yet,Male,0
2023-01-10 01:25:00,1,1,Theft,Eastside,28.597471232561077,77.21740077525864,stole incident reported. No leads yet,Female,0
2023-06-01 14:48:00,14,3,Homicide,Northside,28.605062373027128,77.19578545279563,shot incident reported. CCTV available,Male,0
2022-12-14 17:23:00,17,2,Burglary,Eastside,28.612116160667426,77.19174596129301,door incident reported. Evidence collected,Unknown,0
2022-02-16 01:08:00,1,2,Cyber Crime,Industrial Area,28.604672511577547,77.18903536845686,phishing incident reported. CCTV available,Unknown,0
2023-09-20 10:10:00,10,2,Fraud,Westside,28.646645418881942,77.2095877258662,forgery incident reported. CCTV available,Unknown,0
2023-05-02 00:23:00,0,1,Cyber Crime,Northside,28.602237908200124,77.21256633184558,hacked incident reported. No leads yet,Female,0
2022-09-29 20:50:00,20,3,Robbery,Downtown,28.61202786583849,77.20531717334111,mugged incident reported. No leads yet,Unknown,0
2022-06-01 21:15:00,21,2,Theft,Northside,28.62413611166739,77.22162512850079,missing incident reported. No leads yet,Male,1
2022-06-05 13:44:00,13,6,Robbery,Suburb B,28.60505831420649,77.1994030293226,forcibly incident reported. Evidence collected,Unknown,0
2023-12-24 04:33:00,4,6,Robbery,Suburb A,28.609315805047473,77.17063464725442,forcibly incident reported. CCTV available,Unknown,0
2022-06-27 14:58:00,14,0,Cyber Crime,Suburb A,28.588646815630025,77.23178123779074,ransomware incident reported. No leads yet,Unknown,0
2022-07-16 07:17:00,7,5,Homicide,Eastside,28.641316128558355,77.20484939934073,murder incident reported. No leads yet,Female,0
2022-11-21 15:22:00,15,0,Homicide,Westside,28.623509282717595,77.21418750257573,killed incident reported. No leads yet,Male,0
2023-02-09 11:49:00,11,3,Burglary,Westside,28.66521468014092,77.22765958185725,broke incident reported. CCTV available,Male,0
2023-03-29 20:16:00,20,2,Kidnapping,Eastside,28.61176804014199,77.19307432599,ransom incident reported. CCTV available,Male,0
2022-05-21 03:39:00,3,5,Robbery,Eastside,28.587125894662375,77.2123910605978,mugged incident reported. Witness present,Male,0
2023-10-16 07:03:00,7,0,Assault,Suburb B,28.601294154245263,77.1852957715067,punched incident reported. Witness present,Female,1
2022-01-06 17:59:00,17,3,Burglary,Suburb B,28.603123785262625,77.19097419993976,window incident reported. No leads yet,Unknown,0
2023-10-29 06:48:00,6,6,Homicide,Suburb A,28.64201902725121,77.22369399594916,dead incident reported. Witness present,Female,0
2023-07-02 23:46:00,23,6,Theft,Southside,28.613767122644724,77.23366573564817,wallet incident reported. Evidence collected,Female,0
2023-02-11 15:11:00,15,5,Homicide,Downtown,28.615189471794128,77.1946452633112,killed incident reported. Evidence collected,Male,0
2022-12-10 09:29:00,9,5,Kidnapping,Southside,28.63928540128783,77.21798183406142,missing child incident reported. Evidence collected,Unknown,0
2022-12-05 05:46:00,5,0,Kidnapping,Westside,28.59661256409456,77.2058276886986,ransom incident reported. CCTV available,Unknown,0
2023-08-05 21:48:00,21,5,Robbery,Southside,28.59930636244359,77.18595333781727,forcibly incident reported. No leads yet,Unknown,0
2023-06-12 10:05:00,10,0,Fraud,Northside,28.629336292458863,77.24082361067451,forgery incident reported. CCTV available,Male,0
2022-09-12 00:16:00,0,0,Fraud,Eastside,28.59059054043635,77.21838282061151,cheated incident reported. CCTV available,Female,0
2023-08-20 23:36:00,23,6,Theft,Westside,28.603055957181304,77.20088124360393,wallet incident reported. Evidence collected,Unknown,0
2023-11-15 03:29:00,3,2,Homicide,Southside,28.604026767929355,77.19460015383868,stabbed incident reported. Evidence collected,Female,0
2023-10-17 09:23:00,9,1,Robbery,Eastside,28.61470869379908,77.19515083139315,forcibly incident reported. CCTV available,Male,0
2023-03-02 22:35:00,22,3,Kidnapping,Eastside,28.618407613762997,77.20816269817585,abducted incident reported. No leads yet,Male,0
2023-06-25 22:23:00,22,6,Assault,Northside,28.609917532552227,77.19387393896598,beaten incident reported. Witness present,Male,0
2023-08-10 17:09:00,17,3,Burglary,Suburb A,28.604287144490527,77.22158985376376,entered incident reported. No leads yet,Unknown,0
2022-04-04 16:28:00,16,0,Theft,Industrial Area,28.62224861979374,77.1927074125867,pickpocket incident reported. Evidence collected,Male,0
2023-07-27 14:43:00,14,3,Homicide,Downtown,28.61555553842382,77.22152311872287,dead incident reported. Witness present,Female,0
2023-08-16 02:02:00,2,2,Fraud,Suburb A,28.58607657864798,77.21805600320633,scam incident reported. Evidence collected,Unknown,1
2023-04-29 01:18:00,1,5,Fraud,Southside,28.60285627068424,77.21850997780989,forgery incident reported. CCTV available,Male,0
2023-01-27 14:55:00,14,4,Fraud,Suburb B,28.601179014057625,77.17891863165559,fake incident reported. CCTV available,Male,0
2022-05-02 05:34:00,5,0,Fraud,Southside,28.58677429270195,77.20980141577769,scam incident reported. Evidence collected,Unknown,0
2022-11-02 14:43:00,14,2,Fraud,Suburb B,28.618228708362025,77.19392805624827,cheated incident reported. Witness present,Male,0
2022-10-10 06:59:00,6,0,Assault,Downtown,28.62454320764629,77.18130799896218,punched incident reported. Witness present,Unknown,0
2022-07-31 02:06:00,2,6,Theft,Industrial Area,28.612798670022546,77.18881639667063,stole incident reported. Witness present,Unknown,0
2022-02-15 12:28:00,12,1,Robbery,Eastside,28.603036064869965,77.20978997785528,demanded incident reported. Witness present,Male,0
2023-08-13 10:36:00,10,6,Cyber Crime,Eastside,28.59955977724527,77.20259074092951,phishing incident reported. No leads yet,Female,0
2022-11-04 08:03:00,8,4,Burglary,Suburb B,28.630671546820242,77.19938513550795,forced incident reported. No leads yet,Unknown,0
2023-06-22 10:44:00,10,3,Fraud,Suburb B,28.627828201867754,77.19017155242237,fake incident reported. No leads yet,Male,0
2022-09-04 07:19:00,7,6,Burglary,Industrial Area,28.622730069631924,77.23302614367763,window incident reported. Witness present,Male,0
2023-02-02 07:16:00,7,3,Robbery,Suburb A,28.57270592499788,77.19571841240882,forcibly incident reported. CCTV available,Unknown,1
2022-04-05 17:46:00,17,1,Robbery,Downtown,28.623517868786344,77.20561591023262,mugged incident reported. Evidence collected,Female,1
2022-03-16 06:51:00,6,2,Robbery,Industrial Area,28.62008576455619,77.19893358022141,demanded incident reported. CCTV available,Male,0
2022-01-16 06:59:00,6,6,Robbery,Northside,28.61534316312455,77.20640537941013,forcibly incident reported. Witness present,Unknown,0
2023-12-14 19:45:00,19,3,Robbery,Suburb B,28.633363034360997,77.21324034738835,demanded incident reported. No leads yet,Male,0
2023-04-23 17:41:00,17,6,Cyber Crime,Westside,28.619526711034588,77.20213538389797,identity theft incident reported. No leads yet,Female,0
2022-04-11 23:30:00,23,0,Cyber Crime,Eastside,28.605773229598793,77.20179069686968,hacked incident reported. Witness present,Female,0
2022-05-30 00:16:00,0,0,Fraud,Westside,28.62047420237297,77.20198359198633,fake incident reported. No leads yet,Male,0
2023-08-07 07:31:00,7,0,Cyber Crime,Westside,28.618729580948276,77.24359001331077,identity theft incident reported. No leads yet,Female,0
2022-06-22 23:50:00,23,2,Cyber Crime,Southside,28.628418745057196,77.20356627446387,identity theft incident reported. Witness present,Male,0
2023-07-10 20:03:00,20,0,Theft,Northside,28.63392023203607,77.20219874378297,stole incident reported. No leads yet,Unknown,1
2022-05-21 20:14:00,20,5,Assault,Southside,28.579931257747038,77.19219856148472,injury incident reported. CCTV available,Male,0
2022-03-03 19:40:00,19,3,Kidnapping,Industrial Area,28.58272013464957,77.20314144193264,held captive incident reported. Evidence collected,Male,1
2022-01-18 16:46:00,16,1,Homicide,Westside,28.614206972986494,77.23694062187126,shot incident reported. Witness present,Male,0
2022-04-20 03:33:00,3,2,Burglary,Eastside,28.619348789562736,77.20534832451986,forced incident reported. CCTV available,Male,0
2022-10-01 12:05:00,12,5,Cyber Crime,Suburb B,28.62772342635306,77.17214774484987,phishing incident reported. CCTV available,Female,0
2023-12-02 02:41:00,2,5,Theft,Northside,28.61782690930181,77.22184775323146,purse incident reported. No leads yet,Female,0
2022-02-27 20:00:00,20,6,Burglary,Northside,28.58925689590367,77.22806256738679,forced incident reported. Evidence collected,Female,0
2023-06-25 01:14:00,1,6,Robbery,Industrial Area,28.619541606791575,77.20207853476832,gun incident reported. CCTV available,Female,1
2023-07-11 18:42:00,18,1,Theft,Southside,28.624446364435105,77.24684488096341,wallet incident reported. Witness present,Female,1
2023-12-31 12:59:00,12,6,Assault,Westside,28.616931104250977,77.21313700977167,beaten incident reported. No leads yet,Male,0
2023-11-25 17:21:00,17,5,Fraud,Southside,28.606243985007662,77.19483592717559,cheated incident reported. Evidence collected,Unknown,0
2022-04-11 13:14:00,13,0,Assault,Suburb A,28.62773893027574,77.19473193623486,beaten incident reported. No leads yet,Unknown,0
2022-12-01 00:40:00,0,3,Homicide,Industrial Area,28.615092770620326,77.20103904255392,killed incident reported. No leads yet,Female,0
2023-03-19 05:43:00,5,6,Fraud,Northside,28.621882997095774,77.21456103508812,fake incident reported. Evidence collected,Unknown,0
2022-03-26 08:09:00,8,5,Fraud,Southside,28.6311923324043,77.20049972668576,cheated incident reported. Evidence collected,Unknown,0
2022-04-04 00:19:00,0,0,Kidnapping,Suburb A,28.609402084411776,77.19268727140363,abducted incident reported. Witness present,Female,1
2023-03-18 14:35:00,14,5,Fraud,Northside,28.606495112332066,77.21528834155075,scam incident reported. CCTV available,Male,1
2023-01-30 00:18:00,0,0,Fraud,Suburb B,28.62651647694409,77.19363057793038,fake incident reported. Witness present,Male,0
2023-12-03 12:10:00,12,6,Burglary,Westside,28.62839343200176,77.23159396431342,entered incident reported. Evidence collected,Female,0
2022-06-21 13:17:00,13,1,Fraud,Westside,28.620790581720396,77.2402799302093,cheated incident reported. CCTV available,Female,0
2022-09-10 23:40:00,23,5,Kidnapping,Eastside,28.601003513348275,77.18825575494482,ransom incident reported. Evidence collected,Female,1
2023-02-10 10:53:00,10,4,Fraud,Suburb A,28.584254662518262,77.23393407185816,fake incident reported. CCTV available,Female,0
2022-11-25 19:44:00,19,4,Robbery,Industrial Area,28.624806094272568,77.20807358881817,forcibly incident reported. CCTV available,Female,1
2022-10-26 23:44:00,23,2,Kidnapping,Eastside,28.618566143771996,77.1902418492117,held captive incident reported. CCTV available,Female,1
2022-04-27 18:12:00,18,2,Burglary,Downtown,28.654662532993616,77.21115368636626,entered incident reported. No leads yet,Unknown,0
2022-10-26 22:04:00,22,2,Fraud,Industrial Area,28.61572324657675,77.22109611039832,fake incident reported. CCTV available,Male,0
2023-11-06 04:45:00,4,0,Fraud,Suburb B,28.621916820528945,77.21273140040465,forgery incident reported. No leads yet,Male,0
2023-07-02 16:59:00,16,6,Fraud,Downtown,28.600725425742578,77.21685780595227,scam incident reported. Evidence collected,Female,0
2022-09-12 21:42:00,21,0,Cyber Crime,Southside,28.645267074941252,77.23142366743592,identity theft incident reported. CCTV available,Unknown,0
2023-03-17 03:00:00,3,4,Assault,Westside,28.640453110443993,77.20047973872614,beaten incident reported. Witness present,Male,0
2023-04-02 11:25:00,11,6,Kidnapping,Southside,28.597406586329026,77.20690355133168,held captive incident reported. Evidence collected,Female,1
2022-10-30 13:58:00,13,6,Assault,Northside,28.614828748538145,77.22723652530786,attack incident reported. CCTV available,Unknown,0
2023-04-12 06:33:00,6,2,Kidnapping,Suburb A,28.58569225617142,77.23449250532434,held captive incident reported. CCTV available,Female,1
2022-03-10 09:02:00,9,3,Assault,Downtown,28.611266535023685,77.20188531550087,kicked incident reported. Witness present,Female,1
2023-06-13 05:35:00,5,1,Burglary,Suburb A,28.597031593745665,77.18141905546891,window incident reported. Witness present,Unknown,0
2023-02-19 20:11:00,20,6,Burglary,Suburb B,28.6276195097327,77.2102219661198,door incident reported. Witness present,Female,1
2023-04-06 18:27:00,18,3,Fraud,Downtown,28.592400651670985,77.18741535379894,cheated incident reported. Evidence collected,Unknown,0
2023-08-15 03:51:00,3,1,Burglary,Suburb A,28.608303588345166,77.23681702542149,broke incident reported. CCTV available,Female,0
2023-11-18 15:33:00,15,5,Cyber Crime,Suburb B,28.609573477477273,77.18394761744804,hacked incident reported. CCTV available,Unknown,0
2022-12-27 14:39:00,14,1,Burglary,Westside,28.609804282265234,77.20445460717087,entered incident reported. CCTV available,Unknown,0
2022-05-01 07:19:00,7,6,Assault,Southside,28.568951889284307,77.20809508555804,beaten incident reported. No leads yet,Female,1
2023-03-05 19:08:00,19,6,Fraud,Suburb B,28.61005109116319,77.22060343941357,fake incident reported. Witness present,Male,0
2023-05-17 09:08:00,9,2,Burglary,Suburb A,28.644715934915755,77.2277760838258,forced incident reported. Evidence collected,Female,0
2023-05-12 04:12:00,4,4,Fraud,Industrial Area,28.609418521824086,77.19055790152098,forgery incident reported. No leads yet,Female,0
2023-05-16 05:05:00,5,1,Theft,Eastside,28.656789330054167,77.20998697390024,wallet incident reported. CCTV available,Female,1
2022-06-22 14:36:00,14,2,Kidnapping,Northside,28.614132154865217,77.20859791521484,ransom incident reported. Evidence collected,Unknown,0
2023-03-28 17:13:00,17,1,Fraud,Northside,28.617201412679464,77.2065939931346,fake incident reported. CCTV available,Unknown,0
2022-02-03 14:16:00,14,3,Cyber Crime,Northside,28.604338966551996,77.19988568431266,hacked incident reported. Witness present,Female,0
2022-08-03 23:37:00,23,2,Cyber Crime,Suburb B,28.61335411216307,77.1999429204811,phishing incident reported. Witness present,Male,0
2022-03-02 18:22:00,18,2,Homicide,Southside,28.602019236955382,77.2107738371282,stabbed incident reported. CCTV available,Female,0
2023-08-10 08:54:00,8,3,Assault,Southside,28.609650379709652,77.23406654980971,attack incident reported. Witness present,Female,1
2023-12-20 04:15:00,4,2,Burglary,Suburb A,28.569717169860116,77.22719178086538,window incident reported. No leads yet,Male,0
2022-05-26 18:40:00,18,3,Homicide,Suburb B,28.634668086541627,77.17444349612653,dead incident reported. No leads yet,Female,0
2023-06-12 23:17:00,23,0,Cyber Crime,Industrial Area,28.608188540098663,77.20280931890008,hacked incident reported. Evidence collected,Female,0
2023-04-15 20:42:00,20,5,Cyber Crime,Northside,28.590441471754705,77.19603638854015,identity theft incident reported. Witness present,Unknown,0
2023-05-22 08:20:00,8,0,Homicide,Suburb A,28.59539040257557,77.23820450739039,killed incident reported. No leads yet,Unknown,0
2022-12-18 21:48:00,21,6,Theft,Downtown,28.62949463988579,77.23019258491657,pickpocket incident reported. Evidence collected,Male,0
2022-05-08 05:28:00,5,6,Kidnapping,Downtown,28.625927867734056,77.19018247047971,missing child incident reported. CCTV available,Female,1
2022-06-12 08:05:00,8,6,Cyber Crime,Westside,28.605157995562006,77.21715624268714,phishing incident reported. Evidence collected,Male,0
2023-02-10 20:19:00,20,4,Robbery,Suburb B,28.593531203185137,77.22088330716954,gun incident reported. Evidence collected,Unknown,1
2022-08-07 15:04:00,15,6,Burglary,Eastside,28.609894576697364,77.20275298654084,broke incident reported. Evidence collected,Unknown,0
2023-12-14 10:52:00,10,3,Assault,Suburb B,28.62574933280339,77.21640438852477,punched incident reported. Witness present,Unknown,0
2023-01-28 02:46:00,2,5,Assault,Northside,28.60788389723635,77.22832216338941,attack incident reported. Witness present,Female,1
2023-01-27 04:41:00,4,4,Burglary,Northside,28.595882277873336,77.21926559344908,door incident reported. Witness present,Unknown,0
2023-03-27 11:46:00,11,0,Robbery,Southside,28.623785020966142,77.2038408926781,forcibly incident reported. Witness present,Female,1
2022-03-30 03:08:00,3,2,Assault,Suburb B,28.619335550370703,77.18814810706024,attack incident reported. Witness present,Female,1
2022-09-11 08:41:00,8,6,Assault,Eastside,28.629300450320116,77.20591829772596,beaten incident reported. CCTV available,Unknown,0
2023-12-09 00:54:00,0,5,Homicide,Eastside,28.605187949658017,77.22648348709728,murder incident reported. No leads yet,Unknown,0
2022-10-30 20:03:00,20,6,Robbery,Industrial Area,28.602160938490954,77.18552564506061,forcibly incident reported. Evidence collected,Female,1
2023-06-25 00:23:00,0,6,Cyber Crime,Southside,28.58795618044127,77.21910016585576,identity theft incident reported. CCTV available,Female,0
2023-07-14 21:11:00,21,4,Kidnapping,Northside,28.59255951079173,77.23824656969974,abducted incident reported. CCTV available,Male,0
2022-08-09 01:59:00,1,1,Theft,Suburb B,28.57920117653527,77.23727427280484,purse incident reported. No leads yet,Unknown,0
2023-03-10 22:25:00,22,4,Assault,Southside,28.617416957786713,77.20738811480216,punched incident reported. Witness present,Female,1
2022-06-09 17:20:00,17,3,Fraud,Northside,28.604818015219852,77.21565226857254,fake incident reported. Evidence collected,Female,0
2022-09-08 02:59:00,2,3,Fraud,Northside,28.61327275495959,77.22738836470027,scam incident reported. CCTV available,Female,0
2023-11-14 23:42:00,23,1,Burglary,Northside,28.61580379414437,77.2115050293577,broke incident reported. Witness present,Male,0
2023-05-24 11:33:00,11,2,Homicide,Southside,28.607839796463104,77.20805090627132,stabbed incident reported. Evidence collected,Female,0
2022-01-31 10:51:00,10,0,Fraud,Westside,28.619030029481536,77.18049719345572,scam incident reported. No leads yet,Unknown,1
2023-04-12 16:23:00,16,2,Theft,Industrial Area,28.591430242964904,77.22138773490038,wallet incident reported. CCTV available,Unknown,0
2022-04-16 18:43:00,18,5,Assault,Eastside,28.616747757302132,77.20593361106079,punched incident reported. Evidence collected,Unknown,0
2022-09-08 01:30:00,1,3,Cyber Crime,Suburb B,28.61420723221776,77.2147930284227,hacked incident reported. No leads yet,Male,0
2022-08-18 10:15:00,10,3,Fraud,Suburb A,28.60490400532818,77.19602825457663,cheated incident reported. Evidence collected,Female,0
2023-05-30 21:57:00,21,1,Theft,Southside,28.617164087584964,77.19269378703976,stole incident reported. No leads yet,Male,0
2022-03-12 14:55:00,14,5,Homicide,Westside,28.620704212595243,77.18062360659604,shot incident reported. Evidence collected,Female,1
2023-01-13 06:18:00,6,4,Homicide,Eastside,28.631052593955427,77.21687662470688,shot incident reported. Witness present,Female,0
2023-07-14 07:09:00,7,4,Theft,Suburb B,28.618167162238567,77.22537818306576,missing incident reported. Evidence collected,Male,0
2022-12-10 00:48:00,0,5,Fraud,Westside,28.641657907407712,77.22590616775031,fake incident reported. No leads yet,Male,0
2023-05-19 01:09:00,1,4,Homicide,Northside,28.58321876281114,77.18767371722107,killed incident reported. No leads yet,Male,0
2023-12-19 11:29:00,11,1,Assault,Northside,28.603486357038406,77.20943485083686,injury incident reported. Evidence collected,Unknown,0
2023-08-30 18:03:00,18,2,Fraud,Southside,28.62252765034115,77.19690426978077,cheated incident reported. No leads yet,Male,0
2023-12-19 23:20:00,23,1,Cyber Crime,Industrial Area,28.617012779407954,77.19641028446078,phishing incident reported. Witness present,Female,0
2023-08-22 03:09:00,3,1,Assault,Southside,28.6037080366168,77.18555564838587,injury incident reported. Evidence collected,Female,1
2023-07-03 11:49:00,11,0,Robbery,Industrial Area,28.598512779231484,77.18647192323974,gun incident reported. Evidence collected,Female,1
2022-06-11 21:19:00,21,5,Theft,Eastside,28.597635445783713,77.22656069661014,wallet incident reported. CCTV available,Female,0
2023-02-10 16:03:00,16,4,Homicide,Westside,28.598076685186136,77.25287303441397,shot incident reported. No leads yet,Male,1
2023-07-24 23:35:00,23,0,Robbery,Northside,28.62212196501468,77.21208060206159,threat incident reported. Evidence collected,Female,1
2022-01-13 01:53:00,1,3,Robbery,Southside,28.59959403699698,77.22067183132349,demanded incident reported. Evidence collected,Male,0
2023-08-20 18:16:00,18,6,Assault,Downtown,28.60430603622937,77.21103349691076,injury incident reported. Witness present,Male,0
2022-04-05 10:07:00,10,1,Theft,Industrial Area,28.656568075637814,77.20739900167126,purse incident reported. No leads yet,Male,0
2023-02-09 15:01:00,15,3,Fraud,Suburb B,28.633054555438097,77.19728039291458,fake incident reported. CCTV available,Male,0
2022-10-14 14:56:00,14,4,Burglary,Downtown,28.613316858491718,77.23851334392727,entered incident reported. CCTV available,Unknown,0
2023-05-26 13:56:00,13,4,Kidnapping,Downtown,28.60345054903687,77.23920747596662,missing child incident reported. No leads yet,Male,0
2022-07-24 20:56:00,20,6,Robbery,Downtown,28.625695865590927,77.1996255537351,demanded incident reported. No leads yet,Female,1
2023-07-12 15:22:00,15,2,Cyber Crime,Suburb B,28.62444012898426,77.22520924082711,ransomware incident reported. Witness present,Female,0
2022-01-31 08:03:00,8,0,Kidnapping,Suburb A,28.624263499370286,77.18282958800182,missing child incident reported. Evidence collected,Unknown,0
2022-09-11 21:15:00,21,6,Homicide,Downtown,28.601781047069586,77.20487468940748,shot incident reported. CCTV available,Male,0
2022-06-27 05:15:00,5,0,Cyber Crime,Suburb A,28.612659442848333,77.21934453495918,ransomware incident reported. Witness present,Unknown,1
2023-07-31 06:53:00,6,0,Kidnapping,Westside,28.616861683348887,77.18674426068817,abducted incident reported. Evidence collected,Male,0
2022-08-27 19:14:00,19,5,Theft,Industrial Area,28.6202366308501,77.21917642908807,purse incident reported. Witness present,Male,0
2022-05-14 10:45:00,10,5,Burglary,Suburb A,28.623229840798853,77.22701301209258,door incident reported. Witness present,Male,1
2022-04-24 16:55:00,16,6,Cyber Crime,Northside,28.627798702575816,77.21665300132048,identity theft incident reported. Evidence collected,Female,0
2022-12-11 09:20:00,9,6,Burglary,Southside,28.61273057147569,77.18131731777474,window incident reported. CCTV available,Unknown,0
2022-06-28 22:35:00,22,1,Cyber Crime,Eastside,28.62106030365221,77.21246146145272,phishing incident reported. No leads yet,Unknown,0
2022-11-11 23:44:00,23,4,Homicide,Southside,28.618426313953258,77.18772085706966,killed incident reported. No leads yet,Male,0
2023-08-05 01:11:00,1,5,Cyber Crime,Eastside,28.595882390993197,77.22655254755556,identity theft incident reported. Witness present,Unknown,0
2022-12-06 23:04:00,23,1,Robbery,Suburb A,28.613240747435725,77.22035834495621,gun incident reported. CCTV available,Female,1
2023-04-03 00:16:00,0,0,Robbery,Eastside,28.61437197293551,77.20949593565827,demanded incident reported. Evidence collected,Unknown,1
2022-01-02 01:24:00,1,6,Kidnapping,Suburb B,28.629538063432936,77.20039925452971,held captive incident reported. No leads yet,Male,0
2022-12-26 17:24:00,17,0,Assault,Industrial Area,28.61550201294902,77.20129541185491,kicked incident reported. Witness present,Unknown,0
2023-04-08 02:51:00,2,5,Theft,Westside,28.60665839620946,77.20384713127552,stole incident reported. Evidence collected,Male,0
2022-12-17 05:56:00,5,5,Fraud,Southside,28.61760222952723,77.20102085630562,scam incident reported. CCTV available,Unknown,1
2023-09-01 19:57:00,19,4,Kidnapping,Downtown,28.63482926875956,77.19408987829634,missing child incident reported. No leads yet,Female,1
2022-06-10 01:06:00,1,4,Cyber Crime,Eastside,28.61078547259731,77.20167114902877,ransomware incident reported. CCTV available,Male,0
2022-11-01 07:06:00,7,1,Theft,Suburb B,28.638016298072564,77.21227591294186,pickpocket incident reported. Witness present,Unknown,0
2022-02-25 11:00:00,11,4,Fraud,Northside,28.631097408991145,77.18424066044939,forgery incident reported. Witness present,Female,0
2022-04-10 00:13:00,0,6,Burglary,Westside,28.61835083776449,77.22382717992706,broke incident reported. CCTV available,Male,0
2023-02-12 15:31:00,15,6,Homicide,Northside,28.615271399821257,77.22675800625109,murder incident reported. CCTV available,Unknown,0
2023-01-26 11:11:00,11,3,Kidnapping,Downtown,28.60527852583166,77.2324891240031,ransom incident reported. Witness present,Female,1
2022-10-03 18:03:00,18,0,Burglary,Northside,28.652214968726987,77.20295269065934,door incident reported. No leads yet,Male,0
2023-08-27 07:35:00,7,6,Theft,Suburb B,28.606474957976655,77.23322307461864,purse incident reported. No leads yet,Unknown,0
2023-08-10 07:30:00,7,3,Homicide,Northside,28.640226202428845,77.20028566621411,dead incident reported. Witness present,Female,0
2022-05-04 14:11:00,14,2,Burglary,Eastside,28.606896886381737,77.20430358985233,window incident reported. Evidence collected,Male,0
2023-12-01 13:12:00,13,4,Burglary,Westside,28.591492491482764,77.19368913422527,broke incident reported. Evidence collected,Female,0
2023-02-02 17:25:00,17,3,Cyber Crime,Westside,28.597164320554132,77.19620337391494,hacked incident reported. No leads yet,Unknown,0
2022-04-26 13:09:00,13,1,Burglary,Northside,28.613321918543555,77.21290357887561,broke incident reported. CCTV available,Male,0
2023-07-03 11:56:00,11,0,Fraud,Westside,28.639741674880234,77.19236076598769,forgery incident reported. Evidence collected,Female,0
2022-06-26 08:25:00,8,6,Burglary,Suburb B,28.630305373307944,77.20543351926291,forced incident reported. Witness present,Male,0
2022-02-20 23:30:00,23,6,Homicide,Suburb A,28.61307560483913,77.22024699153611,stabbed incident reported. CCTV available,Male,0
2022-10-15 15:54:00,15,5,Assault,Eastside,28.595187966307297,77.21537349576974,injury incident reported. CCTV available,Male,0
2022-10-03 23:26:00,23,0,Assault,Eastside,28.616674203470218,77.21720752106681,injury incident reported. No leads yet,Female,1
2023-06-13 11:52:00,11,1,Theft,Southside,28.618719477398464,77.24992166899852,purse incident reported. No leads yet,Male,0
2022-05-19 16:56:00,16,3,Theft,Southside,28.603271000262477,77.20015005074997,wallet incident reported. Evidence collected,Male,0
2022-09-13 01:29:00,1,1,Theft,Suburb A,28.603514324559587,77.199742048014,missing incident reported. No leads yet,Unknown,0
2023-06-02 12:40:00,12,4,Assault,Downtown,28.60327688121156,77.22881694218513,beaten incident reported. No leads yet,Male,0
2022-07-01 15:37:00,15,4,Cyber Crime,Suburb A,28.637575070799834,77.19948756177085,ransomware incident reported. Evidence collected,Male,0
2022-10-19 00:24:00,0,2,Theft,Southside,28.60002740711493,77.21685692593978,wallet incident reported. Witness present,Unknown,0
2023-10-25 07:43:00,7,2,Robbery,Westside,28.604696282595317,77.21954886362926,gun incident reported. Evidence collected,Unknown,0
2023-05-01 04:41:00,4,0,Burglary,Downtown,28.617282050347523,77.18373759808338,forced incident reported. CCTV available,Male,0
2023-03-10 12:54:00,12,4,Cyber Crime,Industrial Area,28.639691753355503,77.23893129455159,ransomware incident reported. No leads yet,Female,0
2023-08-22 03:00:00,3,1,Cyber Crime,Westside,28.603686855158596,77.20253830733441,identity theft incident reported. Evidence collected,Female,0
2022-12-11 08:40:00,8,6,Cyber Crime,Westside,28.61866442317875,77.21457427983312,ransomware incident reported. Witness present,Female,0
2022-06-03 16:48:00,16,4,Robbery,Downtown,28.624875737877883,77.24250340897945,demanded incident reported. Witness present,Unknown,0
2022-01-27 20:31:00,20,3,Homicide,Westside,28.610950879541768,77.19569504592437,dead incident reported. Witness present,Female,0
2022-12-18 23:45:00,23,6,Robbery,Industrial Area,28.59091134619976,77.19681783266763,demanded incident reported. Witness present,Unknown,0
2023-11-05 17:11:00,17,6,Homicide,Northside,28.613347883785437,77.2389092977253,stabbed incident reported. Witness present,Female,0
2023-11-28 10:41:00,10,1,Assault,Eastside,28.605273145016064,77.21272979919398,attack incident reported. No leads yet,Female,1
2022-12-06 11:16:00,11,1,Homicide,Industrial Area,28.613626285065454,77.22880655455747,killed incident reported. Evidence collected,Male,0
2023-04-29 06:32:00,6,5,Assault,Suburb B,28.656015540431227,77.200152187118,punched incident reported. Witness present,Unknown,0
2022-05-21 06:21:00,6,5,Fraud,Industrial Area,28.60574267595803,77.22640268128448,fake incident reported. Evidence collected,Male,0
2023-05-15 10:40:00,10,0,Burglary,Suburb A,28.62526485816044,77.23977845542893,window incident reported. CCTV available,Unknown,1
2022-08-03 05:36:00,5,2,Burglary,Industrial Area,28.6236321364221,77.20301179848688,window incident reported. No leads yet,Male,0
2023-02-18 13:30:00,13,5,Fraud,Downtown,28.623744247178205,77.22747839300972,cheated incident reported. Evidence collected,Male,0
2022-11-26 16:12:00,16,5,Theft,Downtown,28.627574703019956,77.21745456718513,wallet incident reported. CCTV available,Unknown,0
2022-11-16 04:06:00,4,2,Fraud,Westside,28.631677911493153,77.22848825984076,scam incident reported. CCTV available,Male,1
2022-10-25 14:46:00,14,1,Cyber Crime,Suburb B,28.63693598318396,77.21981183145984,ransomware incident reported. No leads yet,Unknown,0
2023-01-03 06:10:00,6,1,Fraud,Downtown,28.611114698661385,77.21144522810722,fake incident reported. Witness present,Male,0
2022-01-23 18:32:00,18,6,Burglary,Northside,28.63400848277514,77.19538440548355,broke incident reported. No leads yet,Female,0
2023-10-18 08:49:00,8,2,Theft,Downtown,28.62004455514788,77.20244435312787,stole incident reported. Evidence collected,Unknown,0
2023-12-08 03:26:00,3,4,Kidnapping,Suburb B,28.614379080382246,77.23030753104347,held captive incident reported. Witness present,Male,0
2022-07-30 22:43:00,22,5,Theft,Westside,28.617084984467,77.20977394246927,purse incident reported. CCTV available,Female,0
2023-09-30 19:44:00,19,5,Burglary,Suburb B,28.59123573098367,77.2214375594338,door incident reported. Evidence collected,Male,0
2022-10-17 03:50:00,3,0,Assault,Industrial Area,28.624658069685687,77.24505424538843,attack incident reported. Witness present,Male,0
2023-01-02 22:26:00,22,0,Homicide,Southside,28.608770362750786,77.21265250546107,murder incident reported. No leads yet,Male,0
2022-12-05 07:00:00,7,0,Theft,Northside,28.618056394728512,77.23529088799606,pickpocket incident reported. Witness present,Male,0
2022-04-03 16:04:00,16,6,Assault,Westside,28.612311741126884,77.21365035876285,attack incident reported. CCTV available,Unknown,0
2023-04-21 01:06:00,1,4,Burglary,Downtown,28.624031608495276,77.2121101520526,forced incident reported. No leads yet,Female,0
2022-04-29 03:54:00,3,4,Theft,Downtown,28.606459439757494,77.21223483321498,wallet incident reported. CCTV available,Male,0
2023-01-02 14:39:00,14,0,Homicide,Northside,28.631793862497663,77.19189141167648,murder incident reported. Evidence collected,Female,0
2023-02-15 12:29:00,12,2,Homicide,Suburb B,28.616116161235784,77.19733131975102,shot incident reported. Witness present,Unknown,0
2022-04-26 04:44:00,4,1,Theft,Southside,28.633817443815413,77.18361355158694,purse incident reported. No leads yet,Male,0
2023-08-06 21:28:00,21,6,Burglary,Suburb B,28.60458463587881,77.21528686458441,entered incident reported. No leads yet,Female,0
2023-05-15 03:56:00,3,0,Fraud,Industrial Area,28.639992067153905,77.20790416231546,cheated incident reported. Evidence collected,Male,1
2023-12-23 21:33:00,21,5,Robbery,Suburb A,28.604646674555113,77.24035261782402,mugged incident reported. Evidence collected,Unknown,0
2023-03-20 21:46:00,21,0,Robbery,Industrial Area,28.589766434993063,77.17235323405633,forcibly incident reported. Witness present,Female,1
2023-07-26 19:03:00,19,2,Theft,Southside,28.621233574167558,77.20063242959412,pickpocket incident reported. Witness present,Unknown,0
2022-03-18 15:20:00,15,4,Robbery,Suburb A,28.596879453047823,77.22080594078832,threat incident reported. No leads yet,Female,1
2023-02-17 07:05:00,7,4,Kidnapping,Industrial Area,28.61796334522952,77.19959868948773,held captive incident reported. No leads yet,Unknown,0
2022-11-20 03:31:00,3,6,Theft,Northside,28.592561593355487,77.22354095547134,purse incident reported. Evidence collected,Female,0
2022-04-04 19:39:00,19,0,Homicide,Eastside,28.62473668629931,77.20734706893701,stabbed incident reported. CCTV available,Unknown,0
2022-02-25 07:54:00,7,4,Kidnapping,Suburb A,28.644677283267463,77.19116525389457,held captive incident reported. CCTV available,Unknown,0
2023-04-09 03:06:00,3,6,Robbery,Downtown,28.58847458048459,77.19746819883531,demanded incident reported. CCTV available,Female,1
2023-12-20 03:02:00,3,2,Burglary,Industrial Area,28.613140233060744,77.21305565748871,window incident reported. Evidence collected,Male,0
2022-09-18 19:12:00,19,6,Robbery,Northside,28.60987939903573,77.2148675899419,threat incident reported. CCTV available,Female,1
2022-04-21 13:02:00,13,3,Assault,Industrial Area,28.593041009596828,77.23306274340122,beaten incident reported. Witness present,Female,1
2023-05-26 00:33:00,0,4,Theft,Suburb B,28.612530813693457,77.22762159719314,purse incident reported. Witness present,Unknown,0
2023-12-10 18:11:00,18,6,Burglary,Northside,28.619612089106298,77.21661255365257,door incident reported. CCTV available,Female,0
2023-06-01 12:26:00,12,3,Robbery,Westside,28.623396121337205,77.21646180933362,demanded incident reported. No leads yet,Female,1
2022-05-17 04:26:00,4,1,Homicide,Suburb A,28.624612045997793,77.23115254216887,killed incident reported. Witness present,Unknown,0
2022-07-25 06:39:00,6,0,Homicide,Suburb A,28.617175352828358,77.22081672929315,murder incident reported. CCTV available,Unknown,0
2023-12-29 03:48:00,3,4,Cyber Crime,Industrial Area,28.612404405095212,77.23300195359083,identity theft incident reported. CCTV available,Unknown,0
2023-03-09 00:33:00,0,3,Assault,Downtown,28.60262679496568,77.23901567388185,punched incident reported. Witness present,Female,1
2022-10-01 05:18:00,5,5,Homicide,Southside,28.613230700822594,77.18515374829803,stabbed incident reported. Witness present,Male,0
2023-07-09 01:22:00,1,6,Kidnapping,Northside,28.61603507358185,77.19764913904208,missing child incident reported. No leads yet,Unknown,0
2022-09-01 16:50:00,16,3,Homicide,Downtown,28.62791072581648,77.19812293367829,stabbed incident reported. Evidence collected,Female,0
2022-01-14 23:16:00,23,4,Robbery,Industrial Area,28.606463609446422,77.17750765448424,demanded incident reported. Witness present,Male,0
2022-07-18 09:28:00,9,0,Burglary,Northside,28.60636156134585,77.16860201122286,door incident reported. Evidence collected,Male,0
2023-01-22 01:27:00,1,6,Homicide,Westside,28.587501619608574,77.2216735776024,stabbed incident reported. Evidence collected,Male,0
2022-12-05 14:45:00,14,0,Burglary,Downtown,28.62699666931085,77.21609095936309,door incident reported. Evidence collected,Male,0
2023-10-03 19:53:00,19,1,Homicide,Industrial Area,28.597783730947846,77.20820481073098,dead incident reported. CCTV available,Unknown,0
2023-06-23 07:11:00,7,4,Assault,Southside,28.613839957681826,77.1896939218468,injury incident reported. Evidence collected,Female,1
2022-12-24 07:56:00,7,5,Robbery,Suburb A,28.638956638362785,77.22362270484292,threat incident reported. No leads yet,Female,1
2023-07-29 20:00:00,20,5,Assault,Suburb A,28.610217263769506,77.20944809731658,beaten incident reported. Witness present,Female,1
2022-02-10 21:56:00,21,3,Cyber Crime,Suburb B,28.617373046799127,77.17497108552627,ransomware incident reported. Evidence collected,Male,0
2023-06-14 11:32:00,11,2,Kidnapping,Industrial Area,28.609780376957993,77.1976335958667,missing child incident reported. CCTV available,Male,0
2023-06-11 02:06:00,2,6,Burglary,Downtown,28.59720633316842,77.20431499511857,entered incident reported. No leads yet,Unknown,1
2022-04-17 06:34:00,6,6,Fraud,Northside,28.643861442114158,77.21968071435445,scam incident reported. No leads yet,Unknown,0
2022-12-06 01:05:00,1,1,Assault,Downtown,28.60438035017029,77.21854304635593,beaten incident reported. Evidence collected,Male,0
2023-08-12 07:58:00,7,5,Homicide,Suburb B,28.637222590609767,77.22441056138189,shot incident reported. No leads yet,Female,0
2022-11-20 00:24:00,0,6,Assault,Downtown,28.61489383949867,77.19821772037157,punched incident reported. Evidence collected,Unknown,0
2023-12-19 02:22:00,2,1,Assault,Westside,28.625537055226893,77.21555808975704,punched incident reported. CCTV available,Unknown,0
2023-03-25 12:25:00,12,5,Theft,Industrial Area,28.628819887000464,77.2195861966947,wallet incident reported. No leads yet,Male,0
2023-07-13 09:40:00,9,3,Burglary,Westside,28.631392545255324,77.20007941314066,forced incident reported. Evidence collected,Unknown,0
2023-07-21 17:09:00,17,4,Assault,Downtown,28.635856567760573,77.21229332674487,injury incident reported. Evidence collected,Male,0
2022-11-09 06:47:00,6,2,Cyber Crime,Eastside,28.648487681210423,77.19751353636518,phishing incident reported. Witness present,Female,0
2022-07-08 07:39:00,7,4,Homicide,Eastside,28.642832730052756,77.21229851305772,killed incident reported. Evidence collected,Male,0
2023-07-17 14:41:00,14,0,Assault,Westside,28.603043033273092,77.2009352360991,punched incident reported. Witness present,Unknown,1
2023-08-18 15:21:00,15,4,Cyber Crime,Southside,28.608560878196762,77.21606943244004,hacked incident reported. CCTV available,Unknown,0
2023-09-27 02:57:00,2,2,Robbery,Suburb A,28.622613924800593,77.1994383332677,mugged incident reported. CCTV available,Female,1
2023-12-12 18:09:00,18,1,Cyber Crime,Suburb A,28.613494090128984,77.24470450597687,ransomware incident reported. Witness present,Female,0
2022-08-15 22:47:00,22,0,Fraud,Westside,28.642692386168346,77.21627206116123,cheated incident reported. No leads yet,Female,0
2023-04-19 14:22:00,14,2,Homicide,Industrial Area,28.614533391302803,77.21100052211197,killed incident reported. Evidence collected,Unknown,0
2022-10-15 04:57:00,4,5,Robbery,Westside,28.624125299545508,77.1919534572467,gun incident reported. Evidence collected,Unknown,0
2022-01-20 16:40:00,16,3,Theft,Suburb B,28.609610391042946,77.18119026543538,stole incident reported. CCTV available,Unknown,0
2023-07-11 17:30:00,17,1,Burglary,Suburb A,28.620553718710088,77.21978659899504,door incident reported. CCTV available,Female,0
2022-05-18 14:32:00,14,2,Assault,Suburb B,28.605846892295013,77.2352331127215,kicked incident reported. Witness present,Female,1
2023-06-11 04:28:00,4,6,Burglary,Southside,28.593470572283294,77.1845937519965,entered incident reported. No leads yet,Unknown,0
2023-01-03 01:14:00,1,1,Kidnapping,Eastside,28.617640863642666,77.22645163837687,missing child incident reported. Evidence collected,Male,0
2023-11-16 06:33:00,6,3,Cyber Crime,Suburb B,28.6419654615243,77.20135192895219,hacked incident reported. Evidence collected,Female,0
2023-10-27 10:06:00,10,4,Homicide,Westside,28.63187801389052,77.208358192175,murder incident reported. No leads yet,Unknown,0
2023-11-01 12:23:00,12,2,Assault,Westside,28.61102287833432,77.22372766562478,kicked incident reported. No leads yet,Female,1
2022-12-28 11:31:00,11,2,Kidnapping,Downtown,28.624772047973558,77.1827267973836,held captive incident reported. Witness present,Unknown,0
2022-08-24 02:32:00,2,2,Homicide,Eastside,28.638509005828766,77.23200152256912,stabbed incident reported. Evidence collected,Male,0
2023-11-08 07:26:00,7,2,Cyber Crime,Northside,28.60347395497484,77.21559672555729,identity theft incident reported. Witness present,Female,0
2023-08-28 05:41:00,5,0,Fraud,Downtown,28.622133836438046,77.21334456276374,fake incident reported. Witness present,Male,1
2023-10-07 16:02:00,16,5,Burglary,Downtown,28.60472824743591,77.19780627720104,entered incident reported. No leads yet,Male,0
2023-09-06 18:40:00,18,2,Theft,Westside,28.61347409881681,77.22854548365433,purse incident reported. No leads yet,Male,0
2023-05-09 05:14:00,5,1,Fraud,Southside,28.622960002576576,77.20282309446523,fake incident reported. CCTV available,Unknown,0
2022-06-21 23:43:00,23,1,Cyber Crime,Industrial Area,28.626761645177474,77.16152428965617,phishing incident reported. No leads yet,Unknown,0
2023-01-30 04:06:00,4,0,Theft,Eastside,28.633046095006204,77.1800047703537,purse incident reported. No leads yet,Unknown,0
2022-06-03 19:06:00,19,4,Burglary,Industrial Area,28.607859317643282,77.19033883508956,door incident reported. Evidence collected,Unknown,0
2022-04-06 15:42:00,15,2,Burglary,Downtown,28.59232197540465,77.22834711312298,door incident reported. No leads yet,Unknown,0
2023-01-15 01:44:00,1,6,Fraud,Eastside,28.606104979978134,77.21477506469552,forgery incident reported. CCTV available,Female,0
2023-08-27 23:58:00,23,6,Assault,Suburb B,28.613117990352016,77.21695068045372,kicked incident reported. Evidence collected,Male,0
2022-10-18 19:56:00,19,1,Fraud,Westside,28.615180364851007,77.18761679626353,scam incident reported. Evidence collected,Male,1
2023-06-17 00:24:00,0,5,Robbery,Suburb A,28.630504446990788,77.20077072361399,threat incident reported. No leads yet,Female,1
2023-10-30 18:16:00,18,0,Homicide,Suburb B,28.587956968355673,77.20186474731725,stabbed incident reported. No leads yet,Unknown,0
2022-07-28 13:35:00,13,3,Kidnapping,Southside,28.63891266317724,77.22317036236856,held captive incident reported. CCTV available,Female,1
2022-11-11 18:22:00,18,4,Fraud,Southside,28.6080891310932,77.20317903826137,fake incident reported. No leads yet,Unknown,0
2023-12-18 05:06:00,5,0,Robbery,Suburb B,28.608539415813045,77.24361246639269,mugged incident reported. Evidence collected,Female,1
2022-06-14 12:40:00,12,1,Theft,Northside,28.620265590870527,77.21616736078651,purse incident reported. No leads yet,Male,0
2022-04-01 02:16:00,2,4,Robbery,Suburb A,28.63107139090053,77.21297981931711,forcibly incident reported. No leads yet,Male,0
2023-09-21 20:33:00,20,3,Homicide,Downtown,28.609582630902988,77.20572750251526,shot incident reported. Evidence collected,Male,0
2022-07-26 21:59:00,21,1,Homicide,Eastside,28.612706645676433,77.2083796293915,killed incident reported. Witness present,Male,0
2023-09-22 05:43:00,5,4,Theft,Suburb A,28.626027159060616,77.20986576476346,wallet incident reported. Evidence collected,Male,0
2022-10-10 12:22:00,12,0,Fraud,Suburb B,28.626110667953593,77.20765472366486,scam incident reported. Evidence collected,Unknown,0
2022-04-03 17:18:00,17,6,Cyber Crime,Suburb A,28.61521058650527,77.1756966552578,phishing incident reported. No leads yet,Female,0
2023-02-18 18:00:00,18,5,Homicide,Southside,28.62917212791171,77.21477480793163,killed incident reported. Evidence collected,Female,0
2023-05-31 09:21:00,9,2,Assault,Westside,28.630533501830996,77.16072907703011,beaten incident reported. CCTV available,Unknown,0
2023-12-12 14:24:00,14,1,Kidnapping,Eastside,28.64870624507968,77.20667350619742,held captive incident reported. No leads yet,Female,1
2023-08-24 00:30:00,0,3,Assault,Westside,28.63236971361229,77.1916682345479,kicked incident reported. Witness present,Male,0
2022-11-20 13:22:00,13,6,Theft,Westside,28.62411289841771,77.19144307394711,pickpocket incident reported. CCTV available,Male,0
2022-03-19 17:59:00,17,5,Burglary,Industrial Area,28.60350385065507,77.24090052256444,door incident reported. CCTV available,Female,0
2022-07-07 23:43:00,23,3,Robbery,Industrial Area,28.610721959987277,77.21262388121967,threat incident reported. CCTV available,Unknown,0
2022-07-31 07:12:00,7,6,Robbery,Suburb A,28.628401128844814,77.21726136479954,gun incident reported. Evidence collected,Male,0
2023-11-24 21:31:00,21,4,Theft,Downtown,28.616406981752395,77.21508268337443,missing incident reported. No leads yet,Female,0
2023-08-12 08:31:00,8,5,Burglary,Westside,28.65395692642064,77.2080396867161,door incident reported. Witness present,Female,0
2022-02-25 16:51:00,16,4,Fraud,Industrial Area,28.617251650778584,77.22651090660013,cheated incident reported. No leads yet,Unknown,1
2023-12-04 05:29:00,5,0,Assault,Industrial Area,28.632325432215968,77.22878383842601,punched incident reported. Witness present,Female,1
2023-01-24 18:06:00,18,1,Cyber Crime,Suburb A,28.62454550370049,77.18994991812116,phishing incident reported. CCTV available,Unknown,0
2022-08-31 08:30:00,8,2,Cyber Crime,Suburb A,28.641123858871687,77.18989424344969,phishing incident reported. No leads yet,Male,0
2023-12-19 11:23:00,11,1,Fraud,Westside,28.618943924420652,77.19642873583301,fake incident reported. Witness present,Female,0
2022-04-13 23:17:00,23,2,Robbery,Suburb B,28.612831027556783,77.21447937350506,threat incident reported. No leads yet,Female,1
2022-01-10 05:26:00,5,0,Kidnapping,Southside,28.619255953590837,77.2160320125706,ransom incident reported. No leads yet,Unknown,0
2022-11-04 08:35:00,8,4,Theft,Suburb B,28.640795187817645,77.21655890502524,stole incident reported. Witness present,Male,0
2022-09-18 15:53:00,15,6,Assault,Industrial Area,28.60983072274516,77.22506811947147,attack incident reported. CCTV available,Unknown,0
2023-07-28 17:59:00,17,4,Homicide,Suburb A,28.633724508148745,77.18853986974771,stabbed incident reported. Witness present,Male,0
2023-08-14 18:41:00,18,0,Burglary,Westside,28.623856667830832,77.22068621237185,door incident reported. No leads yet,Female,0
2023-04-03 02:24:00,2,0,Homicide,Industrial Area,28.608940608277333,77.23192844688853,murder incident reported. CCTV available,Unknown,0
2023-03-08 20:39:00,20,2,Fraud,Northside,28.61139907354946,77.21109294089119,fake incident reported. CCTV available,Male,0
2022-11-21 20:18:00,20,0,Homicide,Suburb B,28.61101546959527,77.20925965079303,stabbed incident reported. No leads yet,Female,0
2023-02-28 05:11:00,5,1,Theft,Southside,28.595628748551746,77.18499915195676,missing incident reported. Evidence collected,Unknown,0
2022-08-04 05:25:00,5,3,Assault,Northside,28.640475084387084,77.19488397752804,injury incident reported. Evidence collected,Male,0
2022-01-27 12:33:00,12,3,Assault,Northside,28.59737679417573,77.17311016477328,punched incident reported. No leads yet,Female,1
2022-11-13 07:15:00,7,6,Homicide,Industrial Area,28.60325063753851,77.1869485034432,killed incident reported. Witness present,Unknown,0
2022-01-30 01:42:00,1,6,Cyber Crime,Suburb A,28.641266919335607,77.22583028482238,ransomware incident reported. No leads yet,Female,0
2022-05-19 22:34:00,22,3,Burglary,Industrial Area,28.602430827580374,77.24654059675574,door incident reported. No leads yet,Unknown,0
2023-06-21 20:40:00,20,2,Homicide,Suburb A,28.630262758116526,77.20358614360819,dead incident reported. No leads yet,Female,0
2022-11-12 11:26:00,11,5,Homicide,Southside,28.57224323808544,77.24718237620985,killed incident reported. Witness present,Female,1
2022-12-19 09:30:00,9,0,Theft,Industrial Area,28.590740458887275,77.18157668755072,pickpocket incident reported. CCTV available,Female,0
2023-09-04 07:50:00,7,0,Theft,Suburb A,28.630942840533496,77.24966254010566,purse incident reported. No leads yet,Male,0
2023-02-09 07:10:00,7,3,Fraud,Suburb B,28.636971213641843,77.2183984853342,forgery incident reported. Witness present,Male,0
2023-06-14 19:51:00,19,2,Homicide,Westside,28.62381257236109,77.22322359264633,stabbed incident reported. No leads yet,Unknown,0
2022-07-12 02:11:00,2,1,Burglary,Westside,28.62654880982978,77.21368652373283,door incident reported. No leads yet,Male,0
2022-10-06 22:39:00,22,3,Kidnapping,Eastside,28.615636685065866,77.20795678120167,abducted incident reported. Evidence collected,Female,1
2022-07-10 03:18:00,3,6,Homicide,Southside,28.60133392351889,77.20432208205223,dead incident reported. Witness present,Unknown,0
2022-04-03 04:00:00,4,6,Kidnapping,Eastside,28.585684053096745,77.2073610062201,held captive incident reported. CCTV available,Female,1
2023-04-20 22:50:00,22,3,Theft,Suburb A,28.597423481547487,77.19060684471307,wallet incident reported. Evidence collected,Male,0
2022-09-30 12:04:00,12,4,Kidnapping,Southside,28.61689823585256,77.23220003810574,ransom incident reported. No leads yet,Male,0
2022-01-13 03:49:00,3,3,Robbery,Suburb B,28.629205276766704,77.18282498993962,gun incident reported. Witness present,Female,1
2023-04-17 23:49:00,23,0,Assault,Eastside,28.597406197723828,77.2246795197998,attack incident reported. CCTV available,Female,1
2022-06-12 20:46:00,20,6,Theft,Northside,28.597525210107698,77.20525611416672,missing incident reported. Witness present,Female,0
2023-01-05 01:55:00,1,3,Robbery,Northside,28.623067534983743,77.19286092575227,demanded incident reported. Evidence collected,Male,0
2022-06-21 08:37:00,8,1,Assault,Suburb B,28.615656258435767,77.18676624175137,punched incident reported. No leads yet,Male,1
2023-12-06 19:09:00,19,2,Cyber Crime,Northside,28.603877205934147,77.21432969890238,hacked incident reported. CCTV available,Male,0
2023-10-03 01:03:00,1,1,Cyber Crime,Southside,28.58735010444114,77.21634124563268,hacked incident reported. Witness present,Unknown,0
2023-05-15 07:20:00,7,0,Cyber Crime,Industrial Area,28.613572703351224,77.21820816590696,identity theft incident reported. CCTV available,Unknown,0
2022-05-18 08:57:00,8,2,Theft,Industrial Area,28.61763190223441,77.2317356738329,missing incident reported. No leads yet,Unknown,0
2022-07-14 18:11:00,18,3,Cyber Crime,Suburb A,28.61598707504413,77.20184324098125,phishing incident reported. Evidence collected,Unknown,0
2023-06-28 04:28:00,4,2,Homicide,Westside,28.615938291717207,77.21805496715061,dead incident reported. No leads yet,Unknown,0
2022-07-09 00:39:00,0,5,Cyber Crime,Eastside,28.61471433450543,77.20967652818673,identity theft incident reported. Witness present,Female,0
2023-06-21 21:31:00,21,2,Burglary,Westside,28.602200138536556,77.19795165137415,forced incident reported. Evidence collected,Female,0
2022-04-09 16:42:00,16,5,Assault,Downtown,28.590523245470006,77.23815961238645,punched incident reported. Witness present,Male,0
2022-04-20 15:12:00,15,2,Assault,Downtown,28.593168946076812,77.19745158003674,injury incident reported. No leads yet,Unknown,0
2023-06-23 19:44:00,19,4,Homicide,Downtown,28.601926545573846,77.22391540628242,dead incident reported. Evidence collected,Female,0
2022-08-02 20:31:00,20,1,Assault,Industrial Area,28.608984172028467,77.22979570121123,beaten incident reported. No leads yet,Unknown,1
2023-01-13 22:03:00,22,4,Homicide,Downtown,28.602675156262602,77.21364990270374,stabbed incident reported. Evidence collected,Unknown,1
2022-08-10 16:06:00,16,2,Assault,Eastside,28.59997754911234,77.2447524854629,kicked incident reported. Witness present,Unknown,0
2023-08-07 20:11:00,20,0,Fraud,Northside,28.594106693016176,77.21416367850378,forgery incident reported. No leads yet,Unknown,0
2022-04-17 05:50:00,5,6,Burglary,Suburb B,28.624462948015537,77.21589665162419,entered incident reported. No leads yet,Unknown,0
2022-12-27 10:35:00,10,1,Cyber Crime,Suburb A,28.610811872352038,77.20683632167112,identity theft incident reported. CCTV available,Female,0
2023-09-16 07:36:00,7,5,Robbery,Suburb B,28.61463019119965,77.20654996663953,demanded incident reported. CCTV available,Unknown,0
2023-04-09 14:25:00,14,6,Theft,Downtown,28.629964651946583,77.24584205002652,purse incident reported. Witness present,Female,0
2022-11-06 00:19:00,0,6,Robbery,Eastside,28.60460847024987,77.18616995034036,demanded incident reported. Witness present,Female,1
2022-04-07 01:29:00,1,3,Cyber Crime,Southside,28.61242863252748,77.25199515562757,phishing incident reported. Witness present,Male,0
2022-09-20 09:05:00,9,1,Fraud,Eastside,28.600505423867173,77.23631861342407,cheated incident reported. No leads yet,Unknown,1
2022-06-27 15:52:00,15,0,Assault,Westside,28.64186168023461,77.19977352930486,beaten incident reported. No leads yet,Male,0
2022-03-22 01:58:00,1,1,Cyber Crime,Suburb A,28.623383051319756,77.23613994371881,hacked incident reported. Witness present,Female,0
2023-10-31 19:59:00,19,1,Theft,Suburb B,28.607581204316876,77.2056069939983,stole incident reported. CCTV available,Male,0
2023-07-07 18:09:00,18,4,Cyber Crime,Eastside,28.604205318100856,77.19208738782179,identity theft incident reported. No leads yet,Male,1
2023-09-02 18:32:00,18,5,Assault,Eastside,28.603078707582235,77.18860099555397,injury incident reported. Witness present,Female,1
2022-05-16 10:05:00,10,0,Kidnapping,Downtown,28.61446805780432,77.19616711281569,abducted incident reported. No leads yet,Unknown,0
2023-05-29 13:49:00,13,0,Burglary,Southside,28.61779643186318,77.1830684058966,window incident reported. No leads yet,Female,0
2023-10-30 18:12:00,18,0,Robbery,Eastside,28.61941467053691,77.22289214936015,forcibly incident reported. CCTV available,Male,0
2023-12-03 18:05:00,18,6,Assault,Suburb B,28.58067107262381,77.21523427616413,kicked incident reported. CCTV available,Female,1
2022-12-19 19:41:00,19,0,Theft,Westside,28.634361149874557,77.18883931635514,purse incident reported. No leads yet,Male,0
2023-10-01 04:28:00,4,6,Theft,Eastside,28.641776206447297,77.2159836501561,wallet incident reported. Evidence collected,Male,0
2022-04-26 23:03:00,23,1,Robbery,Southside,28.60214980240403,77.20807051537237,gun incident reported. CCTV available,Female,1
2023-04-06 15:01:00,15,3,Cyber Crime,Eastside,28.62320544854203,77.21026675652354,phishing incident reported. CCTV available,Unknown,0
2023-07-16 15:39:00,15,6,Burglary,Downtown,28.622879266540775,77.19365544011535,door incident reported. Evidence collected,Female,0
2022-09-19 05:03:00,5,0,Homicide,Eastside,28.616722680400603,77.18543809171825,dead incident reported. No leads yet,Unknown,0
2023-11-02 00:04:00,0,3,Fraud,Westside,28.612046232310856,77.19393487264226,cheated incident reported. Evidence collected,Unknown,0
2022-01-20 09:55:00,9,3,Fraud,Eastside,28.601641167623505,77.22960155292017,scam incident reported. CCTV available,Female,0
2023-05-12 19:34:00,19,4,Assault,Southside,28.632088502009907,77.21915230201512,injury incident reported. Evidence collected,Male,0
2022-02-10 07:59:00,7,3,Homicide,Suburb A,28.595694787255457,77.20372652583842,murder incident reported. Evidence collected,Female,0
2022-12-22 21:22:00,21,3,Cyber Crime,Westside,28.634118294999656,77.21136194856066,ransomware incident reported. Evidence collected,Male,0
2023-10-03 08:56:00,8,1,Fraud,Downtown,28.65255549233303,77.21555529732325,fake incident reported. Witness present,Unknown,0
2022-12-16 12:42:00,12,4,Burglary,Northside,28.61710081860817,77.20384805892996,door incident reported. Witness present,Unknown,0
2023-03-04 07:36:00,7,5,Burglary,Suburb B,28.61612568174637,77.20645883606032,forced incident reported. No leads yet,Female,0
2023-07-10 04:13:00,4,0,Burglary,Eastside,28.625701811278145,77.22494503861324,door incident reported. Witness present,Male,0
2023-03-17 04:41:00,4,4,Burglary,Suburb A,28.6008001756582,77.18681278410737,broke incident reported. Witness present,Male,0
2022-11-22 04:46:00,4,1,Theft,Suburb A,28.583296577114947,77.21746652211522,missing incident reported. No leads yet,Female,0
2023-10-15 23:17:00,23,6,Burglary,Eastside,28.59551055656377,77.17311849011746,broke incident reported. CCTV available,Male,0
2023-09-13 18:39:00,18,2,Robbery,Eastside,28.620376310075518,77.25054999195721,demanded incident reported. Evidence collected,Male,0
2023-12-06 15:08:00,15,2,Kidnapping,Suburb A,28.613798818141003,77.22297484624086,held captive incident reported. No leads yet,Male,0
2022-05-21 05:12:00,5,5,Robbery,Downtown,28.61526382264246,77.20735183911349,gun incident reported. CCTV available,Female,1
2023-02-27 07:47:00,7,0,Robbery,Eastside,28.629217941383132,77.2041620909302,forcibly incident reported. No leads yet,Male,0
2023-12-06 10:55:00,10,2,Kidnapping,Eastside,28.618356538567866,77.21436163010327,abducted incident reported. No leads yet,Female,1
2022-11-17 12:39:00,12,3,Theft,Northside,28.60276515910595,77.22553403915894,stole incident reported. Witness present,Female,0
2023-06-16 17:25:00,17,4,Theft,Suburb B,28.610984004055076,77.19640424734179,stole incident reported. Witness present,Unknown,0
2022-10-26 14:25:00,14,2,Homicide,Westside,28.622841830726173,77.19402553363682,stabbed incident reported. Evidence collected,Female,0
2023-12-08 16:57:00,16,4,Burglary,Industrial Area,28.614369685956152,77.2088480167226,door incident reported. Evidence collected,Unknown,0
2022-07-04 18:57:00,18,0,Burglary,Suburb B,28.631998259430528,77.21691163721466,broke incident reported. Witness present,Female,0
2023-04-10 18:57:00,18,0,Robbery,Industrial Area,28.613482884020915,77.22262943832001,threat incident reported. Evidence collected,Male,0
2022-04-04 03:45:00,3,0,Kidnapping,Suburb A,28.637070125816955,77.2182968384392,held captive incident reported. Witness present,Male,0
2023-01-23 17:24:00,17,0,Theft,Southside,28.614072543664058,77.18713606279417,wallet incident reported. Witness present,Female,0
2022-05-29 05:49:00,5,6,Theft,Suburb B,28.596148105615413,77.2039129215941,pickpocket incident reported. CCTV available,Female,0
2023-10-04 05:07:00,5,2,Burglary,Eastside,28.603741463297347,77.20588381161691,forced incident reported. Evidence collected,Male,0
2023-04-15 15:54:00,15,5,Kidnapping,Downtown,28.614844165414954,77.21782821257261,missing child incident reported. Witness present,Unknown,0
2023-08-26 21:30:00,21,5,Kidnapping,Suburb B,28.612725020365684,77.21710836073044,abducted incident reported. Witness present,Female,1
2023-07-15 08:39:00,8,5,Robbery,Downtown,28.61497457358017,77.17607555722743,demanded incident reported. Evidence collected,Male,0
2022-05-29 01:42:00,1,6,Homicide,Suburb A,28.59824441010302,77.20659854073797,shot incident reported. Witness present,Male,1
2022-06-15 21:18:00,21,2,Burglary,Industrial Area,28.59373842095265,77.2189988121666,broke incident reported. Evidence collected,Unknown,0
2022-11-03 10:23:00,10,3,Fraud,Northside,28.639412513872397,77.22931269752829,scam incident reported. CCTV available,Female,0
2023-04-28 04:07:00,4,4,Homicide,Suburb A,28.610342618817832,77.23384543561417,murder incident reported. Witness present,Unknown,0
2023-09-19 01:06:00,1,1,Assault,Industrial Area,28.61637779095337,77.20338190048138,attack incident reported. No leads yet,Unknown,0
2023-09-16 10:16:00,10,5,Cyber Crime,Southside,28.603676622274318,77.20395883855853,identity theft incident reported. No leads yet,Unknown,0
2022-07-04 19:14:00,19,0,Homicide,Eastside,28.60743038635765,77.21184027037293,shot incident reported. Evidence collected,Male,0
2022-08-01 19:26:00,19,0,Fraud,Downtown,28.616576233017497,77.20905076700257,fake incident reported. Evidence collected,Female,0
2023-10-18 06:44:00,6,2,Homicide,Westside,28.62118230282911,77.22884410457978,killed incident reported. CCTV available,Male,0
2022-01-07 03:43:00,3,4,Cyber Crime,Suburb A,28.629725902257356,77.18425170052583,hacked incident reported. Witness present,Female,0
2022-07-18 10:53:00,10,0,Cyber Crime,Industrial Area,28.571334647751634,77.22457199852066,phishing incident reported. No leads yet,Female,0
2022-06-09 20:29:00,20,3,Cyber Crime,Industrial Area,28.591118688359742,77.20525390996846,hacked incident reported. CCTV available,Female,0
2023-08-02 23:43:00,23,2,Cyber Crime,Downtown,28.594398116232345,77.178966992707,ransomware incident reported. CCTV available,Male,0
2022-03-09 04:17:00,4,2,Theft,Suburb A,28.622924378803415,77.22165258600505,wallet incident reported. No leads yet,Female,0
2022-07-11 19:07:00,19,0,Homicide,Suburb A,28.604291493321224,77.16581596179759,shot incident reported. Evidence collected,Unknown,1
2023-05-24 07:23:00,7,2,Kidnapping,Westside,28.604795925862458,77.21553006675671,missing child incident reported. Evidence collected,Male,0
2023-01-19 01:49:00,1,3,Robbery,Northside,28.589251473853764,77.21205599866299,forcibly incident reported. Witness present,Female,1
2022-07-14 10:59:00,10,3,Kidnapping,Westside,28.61364483584712,77.21865485832669,abducted incident reported. Witness present,Female,1
2022-07-30 23:02:00,23,5,Kidnapping,Suburb B,28.615893006140237,77.19278218431865,abducted incident reported. Evidence collected,Unknown,0
2022-11-15 01:43:00,1,1,Assault,Suburb A,28.633842858361074,77.20635784044956,punched incident reported. CCTV available,Female,1
2022-01-24 18:48:00,18,0,Homicide,Eastside,28.6134449243415,77.19344553401545,stabbed incident reported. CCTV available,Female,0
2023-06-30 10:49:00,10,4,Kidnapping,Northside,28.60651196248014,77.19425328809956,ransom incident reported. Evidence collected,Female,1
2022-01-16 19:35:00,19,6,Assault,Eastside,28.611017565667943,77.23752847466905,attack incident reported. CCTV available,Unknown,0
2022-05-25 22:51:00,22,2,Homicide,Eastside,28.591034980951147,77.18210731003539,killed incident reported. CCTV available,Male,1
2023-07-08 14:03:00,14,5,Burglary,Downtown,28.638419505458227,77.20551127204747,broke incident reported. Evidence collected,Female,0
2023-01-28 01:05:00,1,5,Fraud,Suburb B,28.602748787689002,77.22633174478993,forgery incident reported. CCTV available,Male,0
2022-11-16 10:52:00,10,2,Robbery,Northside,28.603806407671055,77.23943349522578,gun incident reported. No leads yet,Female,1
2022-04-10 14:19:00,14,6,Kidnapping,Industrial Area,28.625198764522324,77.20086814319758,missing child incident reported. CCTV available,Male,0
2023-01-08 12:11:00,12,6,Cyber Crime,Suburb A,28.64985513688776,77.19890475128328,hacked incident reported. No leads yet,Female,0
2022-04-26 11:30:00,11,1,Kidnapping,Southside,28.626268256200156,77.21398820967345,missing child incident reported. Evidence collected,Female,1
2023-02-20 22:50:00,22,0,Assault,Suburb A,28.63559568815665,77.23502518661212,attack incident reported. No leads yet,Unknown,0
2023-02-15 18:26:00,18,2,Robbery,Eastside,28.61443340248443,77.19644303549423,forcibly incident reported. No leads yet,Unknown,0
2022-03-09 10:13:00,10,2,Fraud,Suburb B,28.62156620238232,77.19770474383746,fake incident reported. Witness present,Unknown,0
2023-11-10 21:04:00,21,4,Kidnapping,Northside,28.647456454125443,77.21127558885138,ransom incident reported. Evidence collected,Unknown,0
2023-04-01 05:19:00,5,5,Fraud,Northside,28.607811307478134,77.21207800509775,forgery incident reported. CCTV available,Unknown,0
2023-05-22 20:42:00,20,0,Theft,Northside,28.591447895174507,77.1928064326915,purse incident reported. Evidence collected,Male,0
2022-05-31 21:09:00,21,1,Kidnapping,Westside,28.633906898465742,77.19805176201714,held captive incident reported. Witness present,Female,1
2022-07-30 21:56:00,21,5,Cyber Crime,Westside,28.59645148362197,77.21794421254212,ransomware incident reported. No leads yet,Unknown,0
2022-12-19 02:37:00,2,0,Theft,Suburb B,28.63366173591105,77.22098255517776,stole incident reported. CCTV available,Male,0
2023-07-17 01:00:00,1,0,Cyber Crime,Northside,28.63050079476343,77.19638674852385,phishing incident reported. No leads yet,Female,0
2023-12-21 18:25:00,18,3,Cyber Crime,Suburb B,28.590203155554303,77.23402222753259,phishing incident reported. Witness present,Female,0
2023-05-02 04:12:00,4,1,Fraud,Suburb A,28.608522002685966,77.20481944972575,fake incident reported. Witness present,Female,0
2022-01-12 02:41:00,2,2,Theft,Southside,28.636036569030818,77.21827050015668,pickpocket incident reported. Witness present,Unknown,0
2022-03-28 04:41:00,4,0,Fraud,Industrial Area,28.621498129534693,77.24508337241502,forgery incident reported. Witness present,Unknown,0
2023-04-11 16:27:00,16,1,Kidnapping,Suburb B,28.60317469616033,77.2244640021347,held captive incident reported. Evidence collected,Female,1
2023-08-15 15:54:00,15,1,Robbery,Westside,28.614850218748284,77.21347653798105,mugged incident reported. CCTV available,Female,1
2022-02-04 01:36:00,1,4,Kidnapping,Suburb A,28.639374473773543,77.2174639292715,abducted incident reported. Witness present,Male,0
2023-06-24 08:29:00,8,5,Assault,Northside,28.622871601317495,77.2268751222885,punched incident reported. CCTV available,Male,0
2023-09-20 01:57:00,1,2,Cyber Crime,Downtown,28.607817454507618,77.19501317221102,identity theft incident reported. CCTV available,Female,0
2023-03-08 11:51:00,11,2,Homicide,Westside,28.596486513432986,77.17622739017708,killed incident reported. CCTV available,Male,1
2023-08-01 08:03:00,8,1,Kidnapping,Southside,28.64817011883234,77.19061319390464,ransom incident reported. Evidence collected,Unknown,1
2022-10-21 15:05:00,15,4,Burglary,Northside,28.610212439606904,77.20438644500186,door incident reported. CCTV available,Female,0
2022-10-09 08:00:00,8,6,Assault,Southside,28.619023444963485,77.22259562020899,injury incident reported. CCTV available,Unknown,0
2022-06-29 08:50:00,8,2,Robbery,Industrial Area,28.628241224805997,77.19928204269053,gun incident reported. CCTV available,Male,0
2022-03-28 04:38:00,4,0,Burglary,Industrial Area,28.61111463810356,77.21370966584148,entered incident reported. No leads yet,Female,0
2023-10-15 05:13:00,5,6,Cyber Crime,Downtown,28.60975514789694,77.23578909293367,hacked incident reported. Evidence collected,Unknown,0
2022-06-21 14:25:00,14,1,Kidnapping,Westside,28.622082915860638,77.22124796310084,missing child incident reported. No leads yet,Female,1
2023-12-01 22:24:00,22,4,Kidnapping,Westside,28.62494802114446,77.22855789762475,held captive incident reported. Evidence collected,Male,0
2022-10-23 14:24:00,14,6,Cyber Crime,Downtown,28.616917025978395,77.18738613420074,ransomware incident reported. No leads yet,Male,0
2023-09-18 20:54:00,20,0,Homicide,Suburb A,28.620561465862544,77.19814405177014,dead incident reported. CCTV available,Female,0
2023-11-02 18:25:00,18,3,Kidnapping,Eastside,28.605089721970838,77.21877273364592,missing child incident reported. CCTV available,Unknown,0
2023-11-25 22:11:00,22,5,Cyber Crime,Downtown,28.63453805119056,77.20935452627894,hacked incident reported. Evidence collected,Unknown,1
2023-02-26 03:33:00,3,6,Assault,Industrial Area,28.619047216876652,77.23737024907726,attack incident reported. CCTV available,Female,1
2022-07-17 01:01:00,1,6,Assault,Downtown,28.617912552991477,77.25236138523634,kicked incident reported. Evidence collected,Unknown,0
2023-12-27 03:05:00,3,2,Burglary,Suburb B,28.623325160760526,77.17965395401407,door incident reported. Witness present,Unknown,0
2022-04-24 22:11:00,22,6,Homicide,Westside,28.626455693685077,77.21535263974805,dead incident reported. No leads yet,Female,0
2022-10-11 13:44:00,13,1,Cyber Crime,Westside,28.635395879234714,77.22021968918783,ransomware incident reported. Evidence collected,Male,0
2023-01-27 12:21:00,12,4,Theft,Westside,28.61159240026694,77.18859502939517,stole incident reported. No leads yet,Female,0
2022-07-25 19:25:00,19,0,Burglary,Industrial Area,28.610416279045236,77.19482465909651,window incident reported. Witness present,Male,0
2023-09-21 20:06:00,20,3,Kidnapping,Westside,28.604224609169922,77.21880964007369,abducted incident reported. CCTV available,Male,1
2023-04-02 00:57:00,0,6,Kidnapping,Southside,28.641731741739193,77.21557785883039,abducted incident reported. No leads yet,Unknown,0
2022-09-30 04:44:00,4,4,Cyber Crime,Suburb B,28.593968615632747,77.21641004447034,identity theft incident reported. No leads yet,Unknown,1
2023-03-23 12:54:00,12,3,Assault,Eastside,28.63384385811076,77.19883695159469,injury incident reported. Evidence collected,Male,0
2023-08-04 17:59:00,17,4,Cyber Crime,Suburb A,28.61166638055545,77.2092448032455,hacked incident reported. Evidence collected,Unknown,0
2023-01-10 17:54:00,17,1,Cyber Crime,Northside,28.60081836144863,77.2198046738974,ransomware incident reported. Witness present,Female,0
2022-06-30 17:02:00,17,3,Fraud,Eastside,28.611884197523203,77.21599220739846,scam incident reported. CCTV available,Female,0
2023-05-14 02:56:00,2,6,Kidnapping,Eastside,28.5991084637033,77.20170902832794,abducted incident reported. Witness present,Male,1
2023-05-16 12:04:00,12,1,Homicide,Industrial Area,28.62593968929713,77.20278611413181,shot incident reported. Evidence collected,Unknown,0
2022-02-07 10:03:00,10,0,Cyber Crime,Downtown,28.642682730853892,77.20233939690642,identity theft incident reported. Witness present,Female,0
2023-08-17 07:59:00,7,3,Assault,Downtown,28.6176447454292,77.22454318053123,punched incident reported. No leads yet,Unknown,0
2023-09-26 01:15:00,1,1,Burglary,Downtown,28.590260571117785,77.179653186467,forced incident reported. Evidence collected,Male,0
2023-04-13 19:10:00,19,3,Assault,Northside,28.588472394757165,77.23004306839046,beaten incident reported. Witness present,Male,0
2022-03-06 06:27:00,6,6,Cyber Crime,Suburb B,28.604702364235127,77.25163665476114,phishing incident reported. CCTV available,Female,0
2022-08-07 01:37:00,1,6,Burglary,Suburb A,28.60449587335571,77.21207585505329,entered incident reported. No leads yet,Male,0
2022-06-22 22:23:00,22,2,Burglary,Industrial Area,28.639601832542798,77.24243488146932,broke incident reported. Witness present,Male,0
2022-04-13 20:39:00,20,2,Fraud,Southside,28.64825839294394,77.22913943717656,scam incident reported. Evidence collected,Male,0
2022-01-08 05:59:00,5,5,Assault,Westside,28.630967708763524,77.21887544915336,injury incident reported. Witness present,Female,1
2022-07-31 04:40:00,4,6,Homicide,Industrial Area,28.626872684602777,77.19981357139453,murder incident reported. Evidence collected,Female,0
2023-09-03 05:45:00,5,6,Kidnapping,Northside,28.600263351942964,77.20894375904315,ransom incident reported. CCTV available,Unknown,0
2023-03-05 00:35:00,0,6,Robbery,Eastside,28.611063589624585,77.20144619917788,gun incident reported. CCTV available,Male,0
2023-07-07 16:14:00,16,4,Kidnapping,Eastside,28.625506457457615,77.22492175347618,abducted incident reported. Witness present,Female,1
2023-12-03 15:31:00,15,6,Burglary,Southside,28.615373448104865,77.23362550135093,broke incident reported. CCTV available,Unknown,0
2022-10-19 06:27:00,6,2,Homicide,Suburb A,28.594871848097775,77.20577234234534,shot incident reported. Evidence collected,Unknown,0
2022-04-17 23:03:00,23,6,Burglary,Southside,28.60195296132329,77.17789105638212,broke incident reported. Evidence collected,Male,0
2022-08-29 23:28:00,23,0,Cyber Crime,Suburb B,28.612521988569288,77.20697087486027,ransomware incident reported. Witness present,Male,0
2022-04-23 10:14:00,10,5,Assault,Eastside,28.63912416238737,77.21951352807592,kicked incident reported. No leads yet,Unknown,0
2022-08-14 02:30:00,2,6,Kidnapping,Downtown,28.596830219594516,77.23990154277224,held captive incident reported. Witness present,Female,1
2023-02-01 11:08:00,11,2,Kidnapping,Eastside,28.63425056159209,77.21870162839114,ransom incident reported. Witness present,Unknown,0
2022-12-10 04:02:00,4,5,Theft,Westside,28.61012526501917,77.19300934605461,pickpocket incident reported. No leads yet,Male,0
2023-03-05 05:48:00,5,6,Cyber Crime,Eastside,28.60769655373215,77.22714581032841,phishing incident reported. Witness present,Female,0
2022-03-30 13:54:00,13,2,Kidnapping,Eastside,28.64530977176558,77.2347207254712,held captive incident reported. CCTV available,Unknown,0
2022-01-15 23:27:00,23,5,Robbery,Eastside,28.605752509636897,77.19033970944518,threat incident reported. Witness present,Female,1
2023-08-11 00:26:00,0,4,Theft,Downtown,28.616248104115186,77.17952601057395,purse incident reported. Evidence collected,Female,0
2023-03-12 16:25:00,16,6,Kidnapping,Northside,28.619286128569748,77.20653995689503,abducted incident reported. Evidence collected,Female,1
2023-12-11 23:26:00,23,0,Robbery,Southside,28.606132724968862,77.18242161554555,gun incident reported. Evidence collected,Female,1
2023-05-07 21:19:00,21,6,Burglary,Industrial Area,28.62246000177616,77.20012165267231,broke incident reported. No leads yet,Unknown,0
2023-04-20 04:55:00,4,3,Fraud,Southside,28.594401386071496,77.16112896311198,scam incident reported. Evidence collected,Female,0
2023-01-30 22:21:00,22,0,Theft,Westside,28.613441418249156,77.23853752661117,purse incident reported. Witness present,Female,0
2023-12-03 02:39:00,2,6,Cyber Crime,Downtown,28.641587653575797,77.2013817290569,ransomware incident reported. Evidence collected,Unknown,0
2022-04-24 12:23:00,12,6,Kidnapping,Downtown,28.603863132327305,77.21681290426793,abducted incident reported. Witness present,Female,1
2022-05-22 10:15:00,10,6,Assault,Industrial Area,28.597260242680196,77.21402986499699,beaten incident reported. Witness present,Unknown,0
2022-08-19 10:22:00,10,4,Homicide,Suburb B,28.626668004639747,77.22944888706475,stabbed incident reported. CCTV available,Female,1
2023-04-09 15:32:00,15,6,Assault,Industrial Area,28.612230765392002,77.20560543749706,beaten incident reported. CCTV available,Unknown,0
2023-04-08 19:23:00,19,5,Assault,Eastside,28.59926695688739,77.195218660766,injury incident reported. Witness present,Female,1
2022-10-23 02:06:00,2,6,Burglary,Westside,28.610125351801642,77.21512275844694,window incident reported. Witness present,Male,0
2022-07-29 16:40:00,16,4,Theft,Westside,28.629126410437223,77.19561368415533,purse incident reported. Witness present,Female,0
2023-05-01 11:26:00,11,0,Kidnapping,Downtown,28.638778142815994,77.20448127331596,abducted incident reported. Witness present,Female,1
2023-06-17 20:21:00,20,5,Fraud,Suburb A,28.613543878427528,77.1965464720142,cheated incident reported. No leads yet,Unknown,0
2023-08-31 21:44:00,21,3,Kidnapping,Industrial Area,28.573495995662118,77.22373408993936,ransom incident reported. Witness present,Female,1
2022-09-24 07:30:00,7,5,Cyber Crime,Westside,28.62618073161821,77.20431120738137,ransomware incident reported. No leads yet,Male,0
2022-06-20 19:59:00,19,0,Burglary,Westside,28.615016511953748,77.21759898696173,entered incident reported. Witness present,Male,0
2022-09-01 03:02:00,3,3,Cyber Crime,Southside,28.58785756905189,77.20018245537757,phishing incident reported. Witness present,Female,0
2023-07-30 22:02:00,22,6,Cyber Crime,Suburb A,28.627137744660367,77.18809517628051,phishing incident reported. CCTV available,Male,0
2022-05-05 00:25:00,0,3,Kidnapping,Southside,28.61879263220278,77.18639030325627,missing child incident reported. Evidence collected,Female,1
2023-07-14 16:21:00,16,4,Homicide,Industrial Area,28.62167383304056,77.20840597529505,killed incident reported. Witness present,Female,0
2023-08-02 23:58:00,23,2,Kidnapping,Suburb A,28.586981136401576,77.22841232257429,held captive incident reported. Evidence collected,Unknown,0
2022-05-23 21:35:00,21,0,Assault,Westside,28.601656807053367,77.19549579271643,kicked incident reported. No leads yet,Male,0
2023-01-01 02:20:00,2,6,Theft,Eastside,28.61724281995385,77.22814395582381,missing incident reported. Witness present,Unknown,0
2022-01-24 02:34:00,2,0,Kidnapping,Northside,28.596969636350362,77.21002799749746,held captive incident reported. CCTV available,Unknown,0
2023-09-10 19:32:00,19,6,Theft,Suburb A,28.621046941672176,77.22055176012105,pickpocket incident reported. CCTV available,Female,0
2023-01-31 11:00:00,11,1,Homicide,Suburb A,28.616840692587953,77.20288286934861,shot incident reported. Evidence collected,Female,0
2022-08-09 23:56:00,23,1,Kidnapping,Suburb B,28.600106829655857,77.21043573138411,held captive incident reported. No leads yet,Female,1
2022-05-23 18:38:00,18,0,Assault,Southside,28.596031016466906,77.16031082527509,beaten incident reported. CCTV available,Male,0
2022-03-09 18:48:00,18,2,Fraud,Northside,28.62117599673596,77.22406558068478,cheated incident reported. No leads yet,Male,0
2022-06-29 17:29:00,17,2,Burglary,Eastside,28.57451779274097,77.19217115492151,forced incident reported. No leads yet,Male,0
2022-02-13 09:53:00,9,6,Homicide,Industrial Area,28.62421923768342,77.24329159116186,murder incident reported. Evidence collected,Unknown,0
2022-01-03 04:16:00,4,0,Homicide,Industrial Area,28.61424656179459,77.19686661764618,stabbed incident reported. No leads yet,Male,0
2022-07-03 15:58:00,15,6,Robbery,Downtown,28.610851725981586,77.23191460698581,forcibly incident reported. Evidence collected,Male,0
2023-09-06 23:23:00,23,2,Kidnapping,Suburb B,28.603133930347926,77.1956801332225,held captive incident reported. Evidence collected,Female,1
2023-01-18 16:46:00,16,2,Theft,Westside,28.6058542746303,77.19311118986236,wallet incident reported. CCTV available,Male,0
2023-04-18 22:08:00,22,1,Cyber Crime,Southside,28.61594450526658,77.23607797430783,identity theft incident reported. CCTV available,Male,0
2022-02-19 09:18:00,9,5,Assault,Eastside,28.619284654551933,77.2047941082979,punched incident reported. Witness present,Unknown,0
2023-07-11 10:55:00,10,1,Cyber Crime,Westside,28.609036478851408,77.18294681985506,ransomware incident reported. Evidence collected,Female,0
2023-07-02 18:22:00,18,6,Burglary,Downtown,28.628618496285785,77.20770271338313,forced incident reported. No leads yet,Male,0
2023-02-26 10:58:00,10,6,Burglary,Northside,28.610892001440156,77.26221845946408,entered incident reported. Witness present,Male,0
2023-07-27 19:44:00,19,3,Assault,Suburb B,28.61887921513943,77.19647014916508,punched incident reported. Witness present,Female,1
2022-01-18 15:22:00,15,1,Homicide,Suburb A,28.606794040063242,77.22814076181994,killed incident reported. CCTV available,Male,0
2022-06-26 22:19:00,22,6,Theft,Northside,28.61578784017563,77.18502870036139,wallet incident reported. Witness present,Male,0
2022-11-11 04:13:00,4,4,Burglary,Northside,28.62922048224292,77.19786426524102,broke incident reported. Evidence collected,Female,0
2022-01-20 15:48:00,15,3,Fraud,Downtown,28.645121629603626,77.22700080109524,scam incident reported. No leads yet,Male,0
2022-05-02 08:02:00,8,0,Assault,Westside,28.606444635072354,77.23035027269559,punched incident reported. Evidence collected,Unknown,1
2023-09-09 06:37:00,6,5,Robbery,Southside,28.615030925175457,77.22321289458537,gun incident reported. Witness present,Unknown,0
2022-10-12 18:22:00,18,2,Cyber Crime,Southside,28.621978880288243,77.19489405575015,phishing incident reported. Evidence collected,Unknown,0
2022-04-12 18:48:00,18,1,Theft,Eastside,28.603174169461376,77.22616601362635,missing incident reported. Witness present,Unknown,0
2023-07-05 00:46:00,0,2,Assault,Eastside,28.608320411131558,77.20227252561264,injury incident reported. CCTV available,Unknown,0
2023-12-16 18:11:00,18,5,Kidnapping,Northside,28.59798129034418,77.21605998442656,held captive incident reported. No leads yet,Male,0
2022-08-08 16:14:00,16,0,Fraud,Northside,28.64827541532072,77.19120778476243,scam incident reported. Witness present,Female,0
2023-05-23 11:45:00,11,1,Homicide,Downtown,28.614303657611213,77.23253700925693,dead incident reported. No leads yet,Male,0
2022-10-18 14:38:00,14,1,Homicide,Industrial Area,28.61257264347924,77.21653952993749,stabbed incident reported. No leads yet,Male,0
2022-07-13 02:57:00,2,2,Kidnapping,Suburb A,28.596193441197553,77.21613845162013,held captive incident reported. Evidence collected,Male,1
2023-02-10 14:33:00,14,4,Assault,Northside,28.610780928916594,77.22542883326133,beaten incident reported. Evidence collected,Male,0
2022-06-22 02:23:00,2,2,Robbery,Suburb A,28.63368976752608,77.25215939403364,forcibly incident reported. Evidence collected,Male,0
2022-08-27 13:46:00,13,5,Kidnapping,Westside,28.623560552886893,77.21442993860971,ransom incident reported. No leads yet,Unknown,0
2022-12-31 15:42:00,15,5,Fraud,Industrial Area,28.617139738359622,77.20311389511983,forgery incident reported. Evidence collected,Unknown,0
2022-05-06 08:31:00,8,4,Kidnapping,Eastside,28.61954139739103,77.20407664316436,abducted incident reported. Evidence collected,Unknown,0
2022-02-24 02:31:00,2,3,Theft,Southside,28.61670768293783,77.2309599589268,missing incident reported. Witness present,Female,0
2022-11-07 19:39:00,19,0,Assault,Northside,28.597124290578673,77.22799797601883,injury incident reported. No leads yet,Unknown,0
2022-07-26 09:42:00,9,1,Kidnapping,Industrial Area,28.635851917788997,77.20703219121683,ransom incident reported. Evidence collected,Unknown,0
2022-02-02 13:56:00,13,2,Assault,Suburb B,28.57853575168319,77.19886963354843,injury incident reported. No leads yet,Female,1
2023-04-16 01:02:00,1,6,Burglary,Westside,28.63551657577602,77.20861886562835,window incident reported. Witness present,Unknown,0
2022-11-16 22:24:00,22,2,Kidnapping,Northside,28.597244962795084,77.2005870846462,held captive incident reported. No leads yet,Unknown,0
2023-07-30 05:32:00,5,6,Theft,Suburb B,28.627910333775077,77.2181122261367,pickpocket incident reported. CCTV available,Female,0
2022-10-19 10:03:00,10,2,Theft,Downtown,28.609917798347173,77.2028862598031,missing incident reported. Evidence collected,Male,0
2023-10-03 10:24:00,10,1,Assault,Suburb B,28.607370697515936,77.19362649692503,injury incident reported. CCTV available,Female,1
2022-02-27 21:15:00,21,6,Robbery,Eastside,28.640822928157824,77.20362799217982,gun incident reported. Evidence collected,Unknown,0
2022-11-09 03:21:00,3,2,Burglary,Downtown,28.634185975347094,77.23435526753204,window incident reported. No leads yet,Unknown,0
2023-08-05 16:57:00,16,5,Fraud,Westside,28.630538514969135,77.20180632812136,scam incident reported. CCTV available,Male,0
2023-01-22 18:24:00,18,6,Cyber Crime,Northside,28.620628834838943,77.2085967398935,phishing incident reported. CCTV available,Female,0
2023-05-24 16:51:00,16,2,Cyber Crime,Southside,28.598838302321166,77.2144059880287,identity theft incident reported. Witness present,Unknown,0
2023-05-24 20:54:00,20,2,Assault,Eastside,28.594249336814006,77.22879465647436,attack incident reported. No leads yet,Female,1
2022-08-20 19:47:00,19,5,Assault,Northside,28.606156378378362,77.21235266093122,punched incident reported. No leads yet,Unknown,0
2023-03-14 06:22:00,6,1,Assault,Westside,28.61862146452577,77.20468491710494,injury incident reported. CCTV available,Unknown,0
2022-07-24 13:25:00,13,6,Homicide,Industrial Area,28.623678230024588,77.2010849390563,murder incident reported. Evidence collected,Unknown,0
2023-10-05 22:33:00,22,3,Burglary,Industrial Area,28.628421621624287,77.18656700532922,window incident reported. CCTV available,Male,0
2023-10-16 17:51:00,17,0,Fraud,Downtown,28.616006326325774,77.24131548331763,forgery incident reported. Witness present,Unknown,0
2022-09-04 04:47:00,4,6,Homicide,Suburb B,28.597227811256573,77.19770425049126,dead incident reported. Witness present,Female,0
2023-02-27 08:52:00,8,0,Homicide,Southside,28.62246513082765,77.211993029699,murder incident reported. No leads yet,Female,0
2022-09-02 03:09:00,3,4,Robbery,Downtown,28.619743834987894,77.2171531188358,demanded incident reported. No leads yet,Male,0
2023-05-13 17:27:00,17,5,Fraud,Downtown,28.6244786911427,77.22749499736594,fake incident reported. Evidence collected,Male,0
2022-09-22 08:42:00,8,3,Burglary,Downtown,28.620730310948808,77.2049790390897,broke incident reported. Evidence collected,Unknown,0
2022-03-27 10:38:00,10,6,Homicide,Northside,28.625109561686713,77.24066469891493,dead incident reported. No leads yet,Female,0
2022-05-24 07:07:00,7,1,Assault,Westside,28.61168943756029,77.19275784492216,kicked incident reported. Evidence collected,Female,1
2022-11-17 10:53:00,10,3,Fraud,Eastside,28.632351344488118,77.20699364726744,scam incident reported. Witness present,Female,0
2022-08-08 08:28:00,8,0,Fraud,Westside,28.577688840899768,77.22312369461918,cheated incident reported. Evidence collected,Unknown,1
2022-11-21 17:27:00,17,0,Kidnapping,Eastside,28.604977863567434,77.2074911119616,missing child incident reported. CCTV available,Female,1
2023-05-02 22:23:00,22,1,Homicide,Downtown,28.619433005509485,77.21217499466299,killed incident reported. Evidence collected,Unknown,0
2023-11-10 01:44:00,1,4,Robbery,Westside,28.62572419695232,77.20174189382384,demanded incident reported. Evidence collected,Unknown,0
2023-07-02 07:54:00,7,6,Kidnapping,Suburb B,28.622451763302937,77.20467422204027,held captive incident reported. CCTV available,Male,0
2022-11-05 02:59:00,2,5,Robbery,Westside,28.626213508014793,77.21925612473355,threat incident reported. No leads yet,Male,0
2023-10-09 10:56:00,10,0,Fraud,Downtown,28.598309354965924,77.22709970193625,forgery incident reported. No leads yet,Female,0
2023-02-27 10:45:00,10,0,Fraud,Northside,28.604967275914767,77.22246762997136,scam incident reported. CCTV available,Male,0
2023-03-07 19:46:00,19,1,Cyber Crime,Industrial Area,28.620021455223355,77.23963639461326,hacked incident reported. Witness present,Unknown,1
2023-10-08 14:50:00,14,6,Burglary,Downtown,28.61017556696047,77.20317805339803,forced incident reported. CCTV available,Female,0
2023-08-13 02:07:00,2,6,Burglary,Eastside,28.613576339901872,77.20394700361943,entered incident reported. No leads yet,Unknown,0
2022-11-24 14:30:00,14,3,Burglary,Westside,28.62723236503237,77.1820614898594,forced incident reported. CCTV available,Male,0
2022-07-23 02:26:00,2,5,Cyber Crime,Southside,28.596338626347563,77.19120328464035,phishing incident reported. Evidence collected,Female,0
2022-01-24 17:41:00,17,0,Robbery,Northside,28.62973845986623,77.23751022287637,threat incident reported. Evidence collected,Female,1
2023-02-15 19:27:00,19,2,Homicide,Southside,28.612159179691044,77.2061863046135,murder incident reported. Evidence collected,Male,0
2022-01-15 22:33:00,22,5,Fraud,Industrial Area,28.61506753605189,77.2283646383768,fake incident reported. Witness present,Unknown,0
2022-07-15 08:18:00,8,4,Kidnapping,Suburb B,28.59844411443016,77.21297281637892,missing child incident reported. Witness present,Male,0
2022-10-17 23:43:00,23,0,Robbery,Suburb B,28.630153293829707,77.217351569499,threat incident reported. Evidence collected,Male,0
2022-10-25 08:15:00,8,1,Kidnapping,Eastside,28.61705969360998,77.22568410154278,held captive incident reported. Evidence collected,Female,1
2022-01-11 15:08:00,15,1,Cyber Crime,Suburb B,28.568846128450012,77.22029792199218,identity theft incident reported. No leads yet,Unknown,0
2023-09-04 08:04:00,8,0,Assault,Downtown,28.602998738614545,77.17848945171906,kicked incident reported. No leads yet,Male,0
2022-12-29 19:42:00,19,3,Theft,Downtown,28.622420043325416,77.23189430908606,pickpocket incident reported. CCTV available,Female,0
2023-02-09 21:23:00,21,3,Burglary,Downtown,28.611609191422872,77.22488124245339,entered incident reported. No leads yet,Unknown,0
2022-12-14 14:08:00,14,2,Assault,Suburb A,28.64077130429981,77.23091524089307,kicked incident reported. CCTV available,Unknown,0
2022-04-30 10:02:00,10,5,Burglary,Industrial Area,28.64123274215619,77.22136879151786,window incident reported. CCTV available,Female,0
2022-09-27 19:53:00,19,1,Homicide,Suburb A,28.615157227315027,77.18230056980171,stabbed incident reported. No leads yet,Female,0
2022-06-04 17:54:00,17,5,Kidnapping,Downtown,28.60979895853117,77.19494589007806,missing child incident reported. Witness present,Male,0
2022-02-06 15:16:00,15,6,Burglary,Industrial Area,28.650082378624965,77.20606856979279,window incident reported. Evidence collected,Female,0
2023-03-29 11:45:00,11,2,Kidnapping,Industrial Area,28.61595341344641,77.21819142293401,missing child incident reported. Evidence collected,Female,1
2022-12-24 02:13:00,2,5,Homicide,Southside,28.61462670743954,77.23725085067385,stabbed incident reported. Witness present,Male,0
2023-08-21 00:33:00,0,0,Burglary,Suburb B,28.60352251063776,77.21224345758729,window incident reported. Evidence collected,Male,0
2022-12-03 00:18:00,0,5,Assault,Suburb B,28.601525490238366,77.186999624813,punched incident reported. CCTV available,Female,1
2022-06-07 00:05:00,0,1,Kidnapping,Industrial Area,28.603703848484912,77.2083827200492,ransom incident reported. Evidence collected,Female,1
2022-12-04 01:41:00,1,6,Kidnapping,Suburb A,28.606744962924715,77.19745965033543,missing child incident reported. Witness present,Unknown,0
2022-02-19 20:18:00,20,5,Cyber Crime,Downtown,28.59046137560547,77.20761490712286,identity theft incident reported. Evidence collected,Unknown,1
2023-02-13 08:11:00,8,0,Robbery,Suburb B,28.588821327099485,77.22166759939483,threat incident reported. Witness present,Male,1
2023-02-02 12:18:00,12,3,Burglary,Northside,28.615273995882244,77.18470747500892,window incident reported. CCTV available,Female,0
2023-12-03 19:08:00,19,6,Cyber Crime,Northside,28.608746515382503,77.19646405990683,identity theft incident reported. No leads yet,Female,0
2023-02-02 15:17:00,15,3,Fraud,Northside,28.619219575173656,77.23134084076706,fake incident reported. No leads yet,Female,0
2023-10-08 13:05:00,13,6,Theft,Suburb A,28.582647125505904,77.21091710131913,wallet incident reported. No leads yet,Female,0
2023-06-24 20:41:00,20,5,Assault,Westside,28.61123112007389,77.22018900127418,injury incident reported. CCTV available,Female,1
2022-06-02 04:43:00,4,3,Homicide,Eastside,28.617453277137297,77.19646717780435,killed incident reported. Evidence collected,Unknown,0
2023-07-19 02:58:00,2,2,Theft,Northside,28.60858243440556,77.19573290238661,stole incident reported. No leads yet,Unknown,0
2023-11-08 23:36:00,23,2,Homicide,Suburb A,28.631833452309976,77.20935519414454,killed incident reported. Evidence collected,Female,0
2022-04-27 23:42:00,23,2,Kidnapping,Southside,28.64558651142922,77.20798898643643,abducted incident reported. Evidence collected,Male,0
2023-03-03 22:19:00,22,4,Cyber Crime,Industrial Area,28.60209322055149,77.18377142678979,ransomware incident reported. CCTV available,Unknown,0
2022-07-11 06:11:00,6,0,Assault,Westside,28.5838476720624,77.18259773428325,beaten incident reported. Evidence collected,Unknown,0
2022-01-06 12:07:00,12,3,Theft,Southside,28.618352110850193,77.21747875038717,pickpocket incident reported. No leads yet,Unknown,0
2022-11-07 19:52:00,19,0,Cyber Crime,Suburb B,28.5875468216328,77.22391730523461,phishing incident reported. Evidence collected,Female,1
2022-07-15 03:52:00,3,4,Theft,Eastside,28.605848982471944,77.21144655019977,wallet incident reported. Witness present,Male,0
2023-03-23 20:54:00,20,3,Robbery,Northside,28.64077034380426,77.22394732193109,threat incident reported. No leads yet,Female,1
2023-03-09 00:07:00,0,3,Burglary,Southside,28.60942448920157,77.19414679624307,window incident reported. No leads yet,Unknown,0
2022-01-21 14:37:00,14,4,Robbery,Eastside,28.578036409977845,77.19701411134596,forcibly incident reported. Evidence collected,Female,1
2022-12-08 00:06:00,0,3,Fraud,Suburb B,28.610381162686206,77.19254700788082,cheated incident reported. Evidence collected,Female,0
2023-05-15 12:31:00,12,0,Kidnapping,Eastside,28.611712383881795,77.21028086471598,abducted incident reported. No leads yet,Unknown,1
2023-08-14 10:35:00,10,0,Assault,Westside,28.6101524003032,77.19816662365295,injury incident reported. Evidence collected,Unknown,0
2023-05-22 19:41:00,19,0,Cyber Crime,Industrial Area,28.616710911199448,77.21636567749283,phishing incident reported. CCTV available,Unknown,0
2022-07-16 15:22:00,15,5,Kidnapping,Eastside,28.59572668204262,77.23251553966244,ransom incident reported. No leads yet,Unknown,0
2022-05-15 09:46:00,9,6,Fraud,Suburb B,28.61225686446193,77.20931416038242,cheated incident reported. No leads yet,Unknown,0
2022-06-15 19:13:00,19,2,Homicide,Northside,28.625703573720944,77.21288693552106,murder incident reported. Witness present,Unknown,0
2022-06-10 19:31:00,19,4,Assault,Suburb B,28.62978561056522,77.21378540275337,kicked incident reported. Evidence collected,Female,1
2022-01-19 11:56:00,11,2,Homicide,Suburb A,28.60369271042266,77.21502505875344,killed incident reported. Evidence collected,Unknown,0
2022-03-07 10:27:00,10,0,Assault,Eastside,28.594837896544657,77.21080932842962,injury incident reported. CCTV available,Male,0
2022-12-15 11:49:00,11,3,Theft,Westside,28.613346166822595,77.20553138571212,purse incident reported. Evidence collected,Male,0
2023-12-25 01:59:00,1,0,Kidnapping,Industrial Area,28.611757708142687,77.17763584924171,abducted incident reported. Evidence collected,Male,0
2023-06-04 03:10:00,3,6,Assault,Eastside,28.604754584870985,77.21054741501902,attack incident reported. No leads yet,Female,1
2023-06-03 15:46:00,15,5,Assault,Southside,28.61656427319996,77.19187208098457,kicked incident reported. Evidence collected,Unknown,0
2022-07-26 14:26:00,14,1,Theft,Eastside,28.63499513068108,77.19456375252976,purse incident reported. Witness present,Female,0
2022-03-29 08:23:00,8,1,Fraud,Suburb A,28.63005762000878,77.2161199060312,fake incident reported. No leads yet,Unknown,0
2022-08-22 04:51:00,4,0,Fraud,Suburb B,28.603129544835937,77.23858851487682,cheated incident reported. Evidence collected,Female,0
2023-03-30 04:49:00,4,3,Theft,Northside,28.59400605280406,77.22431923622683,pickpocket incident reported. Witness present,Male,0
2023-03-21 01:25:00,1,1,Theft,Southside,28.630576371967383,77.1978229965154,purse incident reported. CCTV available,Unknown,1
2023-03-06 12:56:00,12,0,Homicide,Suburb A,28.63710775500107,77.20483255809002,stabbed incident reported. Witness present,Female,1
2023-12-19 12:28:00,12,1,Robbery,Industrial Area,28.618711560488,77.21333869731286,forcibly incident reported. Witness present,Unknown,0
2022-11-05 02:02:00,2,5,Cyber Crime,Suburb B,28.611661520975492,77.22251347121933,phishing incident reported. CCTV available,Unknown,0
2022-08-07 02:32:00,2,6,Homicide,Suburb A,28.627124812009203,77.17985780044603,dead incident reported. CCTV available,Unknown,0
2022-09-05 09:46:00,9,0,Fraud,Northside,28.63563900404797,77.1812918001994,cheated incident reported. CCTV available,Unknown,1
2023-10-05 16:22:00,16,3,Assault,Downtown,28.631109103405695,77.22777841894712,injury incident reported. CCTV available,Unknown,0
2023-08-10 23:00:00,23,3,Kidnapping,Suburb A,28.59571722616308,77.20215309520076,missing child incident reported. CCTV available,Male,0
2022-11-03 09:42:00,9,3,Burglary,Suburb B,28.59547158885857,77.20541798282852,broke incident reported. CCTV available,Unknown,0
2023-06-13 18:12:00,18,1,Cyber Crime,Industrial Area,28.608766095263572,77.2219943422045,identity theft incident reported. No leads yet,Male,0
2022-03-25 02:03:00,2,4,Fraud,Southside,28.635738479101995,77.2322613968465,scam incident reported. CCTV available,Female,0
2023-11-25 16:25:00,16,5,Fraud,Westside,28.60453053289036,77.20551296877093,forgery incident reported. No leads yet,Unknown,0
2023-12-07 15:46:00,15,3,Fraud,Southside,28.58584269679632,77.19556883222506,forgery incident reported. No leads yet,Male,0
2022-05-13 22:32:00,22,4,Assault,Eastside,28.629980860551626,77.23592638039247,kicked incident reported. CCTV available,Female,1
2022-05-02 19:54:00,19,0,Fraud,Northside,28.593327518802003,77.19912559568078,cheated incident reported. Evidence collected,Male,0
2023-06-20 04:07:00,4,1,Cyber Crime,Westside,28.613459904050686,77.213669352647,identity theft incident reported. Evidence collected,Female,0
2022-05-27 04:50:00,4,4,Fraud,Downtown,28.600406608001308,77.2160676840744,fake incident reported. Witness present,Female,0
2023-05-16 00:07:00,0,1,Cyber Crime,Northside,28.60600267754882,77.2087591288187,ransomware incident reported. No leads yet,Male,0
2022-12-12 12:30:00,12,0,Burglary,Southside,28.62300473746673,77.20910703783018,window incident reported. No leads yet,Unknown,0
2022-06-02 23:20:00,23,3,Assault,Suburb B,28.60662690182456,77.20717316993458,injury incident reported. CCTV available,Female,1
2023-07-08 01:42:00,1,5,Kidnapping,Westside,28.612427284013247,77.20283314950197,missing child incident reported. Evidence collected,Unknown,1
2023-08-09 20:50:00,20,2,Homicide,Northside,28.609586732288882,77.23564411950842,murder incident reported. Evidence collected,Unknown,0
2023-08-07 16:12:00,16,0,Kidnapping,Downtown,28.623248657465687,77.20407532803286,missing child incident reported. Evidence collected,Male,0
2022-10-09 06:15:00,6,6,Kidnapping,Northside,28.625515906741846,77.2034363418374,held captive incident reported. Evidence collected,Unknown,0
2023-05-19 00:21:00,0,4,Fraud,Southside,28.63345207729311,77.21516070320331,cheated incident reported. No leads yet,Female,1
2022-09-21 02:07:00,2,2,Assault,Southside,28.612111630933263,77.21646194876351,attack incident reported. Evidence collected,Female,1
2022-06-07 09:26:00,9,1,Burglary,Downtown,28.58771873079886,77.19022054218485,entered incident reported. Evidence collected,Unknown,0
2022-03-01 09:24:00,9,1,Assault,Suburb A,28.59400124989335,77.21138238491274,attack incident reported. CCTV available,Male,0
2023-01-20 03:03:00,3,4,Robbery,Eastside,28.64277524999142,77.24618833576989,forcibly incident reported. No leads yet,Unknown,0
2022-04-28 08:03:00,8,3,Cyber Crime,Industrial Area,28.624534185024014,77.21734740791574,identity theft incident reported. Evidence collected,Unknown,0
2023-02-22 20:14:00,20,2,Theft,Westside,28.583882371097456,77.1999554366711,stole incident reported. Witness present,Unknown,0
2023-07-23 20:50:00,20,6,Burglary,Westside,28.60077027080153,77.19865254002916,broke incident reported. Witness present,Unknown,0
2022-05-26 11:34:00,11,3,Burglary,Eastside,28.611097603023588,77.20113182370505,door incident reported. No leads yet,Unknown,0
2022-02-12 00:52:00,0,5,Kidnapping,Westside,28.58091166982707,77.22146517093529,abducted incident reported. Evidence collected,Unknown,0
2023-05-09 08:38:00,8,1,Homicide,Suburb B,28.596020949571002,77.21298744773519,murder incident reported. CCTV available,Female,0
2022-02-16 05:47:00,5,2,Assault,Westside,28.648468044495832,77.19367692347356,punched incident reported. Witness present,Male,0
2023-07-24 08:56:00,8,0,Fraud,Eastside,28.571728541287563,77.20423326296867,cheated incident reported. CCTV available,Unknown,0
2023-10-13 08:48:00,8,4,Kidnapping,Westside,28.632249327249976,77.24163912423701,ransom incident reported. CCTV available,Male,0
2022-08-04 14:38:00,14,3,Cyber Crime,Downtown,28.593407506759128,77.21727832038728,hacked incident reported. No leads yet,Unknown,0
2022-01-05 00:43:00,0,2,Burglary,Suburb B,28.60614482572033,77.20723419409494,window incident reported. No leads yet,Unknown,0
2023-07-06 02:50:00,2,3,Assault,Downtown,28.657972389116953,77.18395049452675,punched incident reported. CCTV available,Unknown,0
2023-01-21 19:22:00,19,5,Fraud,Southside,28.618128994358244,77.2167948861961,scam incident reported. No leads yet,Unknown,0
2023-01-15 06:28:00,6,6,Theft,Eastside,28.631996438748992,77.21063305255785,missing incident reported. CCTV available,Unknown,1
2022-07-16 02:52:00,2,5,Homicide,Eastside,28.619034175658403,77.20247252387631,stabbed incident reported. Evidence collected,Male,0
2022-10-15 15:57:00,15,5,Robbery,Downtown,28.618385449020753,77.20328012874171,forcibly incident reported. Evidence collected,Male,0
2022-10-12 18:32:00,18,2,Kidnapping,Southside,28.624259531497604,77.2028398277326,missing child incident reported. Evidence collected,Unknown,0
2023-08-26 04:47:00,4,5,Assault,Southside,28.620185006565038,77.20851228643859,kicked incident reported. CCTV available,Female,1
2022-07-16 21:01:00,21,5,Homicide,Industrial Area,28.632667504179537,77.2081434379402,dead incident reported. CCTV available,Male,0
2023-03-19 13:17:00,13,6,Assault,Industrial Area,28.58434945886322,77.23003202501191,punched incident reported. Witness present,Female,1
2022-02-18 08:58:00,8,4,Fraud,Industrial Area,28.59880446165229,77.19810389435585,fake incident reported. CCTV available,Female,1
2022-03-25 18:51:00,18,4,Theft,Eastside,28.603972311765943,77.23190730155285,stole incident reported. Witness present,Unknown,0
2022-07-21 05:21:00,5,3,Homicide,Northside,28.578305429767024,77.26129580889433,dead incident reported. No leads yet,Unknown,0
2023-03-19 00:37:00,0,6,Cyber Crime,Westside,28.63150094681777,77.21272064856882,phishing incident reported. CCTV available,Male,0
2022-02-25 10:33:00,10,4,Robbery,Northside,28.61298509998973,77.21375923458096,gun incident reported. No leads yet,Unknown,0
2023-08-16 03:05:00,3,2,Theft,Downtown,28.622585373806324,77.21975359309917,stole incident reported. Witness present,Female,0
2022-03-05 14:03:00,14,5,Homicide,Suburb B,28.623160074433393,77.21049301135426,dead incident reported. Evidence collected,Male,0
2022-10-29 12:25:00,12,5,Assault,Suburb B,28.61061102632821,77.20647877860578,beaten incident reported. Evidence collected,Male,0
2023-04-10 12:29:00,12,0,Fraud,Northside,28.61065152866079,77.22789616828112,scam incident reported. No leads yet,Female,0
2023-06-14 10:37:00,10,2,Robbery,Northside,28.623792612038017,77.1599935227556,gun incident reported. Witness present,Male,1
2023-08-10 04:40:00,4,3,Homicide,Suburb A,28.624831679608832,77.21224560324532,killed incident reported. No leads yet,Female,0
2022-07-10 07:08:00,7,6,Theft,Downtown,28.61358818739257,77.20252469244852,pickpocket incident reported. CCTV available,Male,0
2022-11-15 18:56:00,18,1,Burglary,Southside,28.63263521199977,77.22479210770206,forced incident reported. CCTV available,Female,0
2023-01-13 00:33:00,0,4,Burglary,Downtown,28.601018705536273,77.21578420478541,door incident reported. Evidence collected,Male,0
2023-03-09 11:12:00,11,3,Robbery,Eastside,28.59770572109098,77.18600636392019,forcibly incident reported. No leads yet,Male,0
2023-09-07 22:21:00,22,3,Cyber Crime,Westside,28.6034547129235,77.22337322453971,hacked incident reported. No leads yet,Female,0
2022-02-13 15:14:00,15,6,Theft,Eastside,28.629785417422937,77.2175514236683,purse incident reported. Witness present,Unknown,0
2022-09-02 15:47:00,15,4,Cyber Crime,Suburb B,28.625984929780802,77.21760297145192,hacked incident reported. CCTV available,Male,0
2022-01-11 02:22:00,2,1,Theft,Northside,28.603208640079618,77.2161987090779,wallet incident reported. CCTV available,Male,0
2022-02-14 00:12:00,0,0,Robbery,Westside,28.627240158753796,77.22157152216356,demanded incident reported. Witness present,Male,0
2022-12-14 17:15:00,17,2,Burglary,Eastside,28.633715222857912,77.22080506412001,forced incident reported. Evidence collected,Male,0
2022-01-22 21:08:00,21,5,Fraud,Northside,28.619757470125695,77.22683583730527,cheated incident reported. No leads yet,Female,0
2022-09-03 11:51:00,11,5,Cyber Crime,Southside,28.613457979012516,77.1943020891462,identity theft incident reported. Evidence collected,Unknown,0
2022-05-02 04:56:00,4,0,Burglary,Eastside,28.611182217267604,77.19658495591989,forced incident reported. CCTV available,Male,0
2023-09-06 13:40:00,13,2,Robbery,Downtown,28.60264702875043,77.20659135548807,mugged incident reported. CCTV available,Unknown,0
2022-06-02 10:15:00,10,3,Theft,Westside,28.600693001316667,77.20386730783935,purse incident reported. No leads yet,Male,0
2022-08-03 23:05:00,23,2,Kidnapping,Northside,28.58233975555077,77.21255489512289,ransom incident reported. No leads yet,Male,0
2023-06-16 14:11:00,14,4,Cyber Crime,Suburb A,28.613920091256038,77.19538185614887,identity theft incident reported. No leads yet,Unknown,0
2022-10-02 18:25:00,18,6,Theft,Eastside,28.62488742780721,77.22462616896044,pickpocket incident reported. Witness present,Male,0
2023-02-10 06:19:00,6,4,Fraud,Suburb B,28.587107335593853,77.19628792035724,cheated incident reported. CCTV available,Unknown,0
2023-07-18 02:08:00,2,1,Assault,Westside,28.601080960836878,77.19333494831486,kicked incident reported. Evidence collected,Female,1
2023-04-22 16:39:00,16,5,Cyber Crime,Suburb B,28.627724580698864,77.20576956435379,identity theft incident reported. CCTV available,Female,0
2023-05-25 10:17:00,10,3,Fraud,Downtown,28.609491419311492,77.17560229392656,cheated incident reported. Evidence collected,Male,0
2023-01-03 02:18:00,2,1,Assault,Westside,28.62449030050349,77.18834569341911,punched incident reported. CCTV available,Male,1
2022-02-09 17:12:00,17,2,Cyber Crime,Eastside,28.614898877171107,77.21362294896598,ransomware incident reported. CCTV available,Unknown,0
2022-07-15 22:38:00,22,4,Burglary,Westside,28.63657764326398,77.18718632668136,forced incident reported. CCTV available,Male,0
2023-02-18 12:52:00,12,5,Theft,Industrial Area,28.56357479740299,77.21206415907923,wallet incident reported. No leads yet,Unknown,0
2022-08-22 07:46:00,7,0,Robbery,Industrial Area,28.64390851969185,77.22964910588233,mugged incident reported. No leads yet,Male,0
2023-04-18 10:50:00,10,1,Assault,Suburb A,28.617394323587913,77.2008060635728,injury incident reported. Witness present,Male,0
2023-03-26 14:54:00,14,6,Theft,Suburb A,28.62735204327729,77.19277423000493,wallet incident reported. CCTV available,Male,0
2022-01-10 15:51:00,15,0,Cyber Crime,Suburb A,28.621839296155937,77.21742450265278,identity theft incident reported. CCTV available,Male,0
2022-11-30 18:01:00,18,2,Theft,Southside,28.631570165124984,77.25499433398186,missing incident reported. No leads yet,Male,0
2023-01-26 06:25:00,6,3,Assault,Suburb B,28.620440266119648,77.20051727290488,attack incident reported. No leads yet,Male,0
2023-10-17 09:05:00,9,1,Burglary,Northside,28.613473761463467,77.17951540158518,broke incident reported. No leads yet,Unknown,0
2022-01-28 05:12:00,5,4,Assault,Suburb B,28.602321447815182,77.20217862603145,attack incident reported. Evidence collected,Female,1
2023-04-11 01:23:00,1,1,Theft,Southside,28.605165193367757,77.21153924786724,pickpocket incident reported. No leads yet,Female,0
2022-06-10 03:08:00,3,4,Fraud,Industrial Area,28.600193001126964,77.22768384445541,fake incident reported. Witness present,Unknown,1
2022-07-30 09:27:00,9,5,Kidnapping,Southside,28.61390345108197,77.20884499464769,ransom incident reported. Witness present,Unknown,0
2023-05-30 22:43:00,22,1,Kidnapping,Westside,28.60843508805812,77.21158651139766,missing child incident reported. No leads yet,Male,1
2022-03-07 12:38:00,12,0,Robbery,Suburb A,28.62765163774446,77.19454782973816,forcibly incident reported. No leads yet,Unknown,0
2023-08-13 01:47:00,1,6,Assault,Westside,28.602931391848745,77.2039378995204,injury incident reported. CCTV available,Unknown,0
2023-12-19 22:50:00,22,1,Homicide,Suburb B,28.591468817942115,77.19534570233797,murder incident reported. No leads yet,Unknown,0
2022-09-13 05:57:00,5,1,Fraud,Industrial Area,28.60596298544092,77.22357315301188,fake incident reported. Evidence collected,Female,0
2023-02-07 22:02:00,22,1,Robbery,Southside,28.618276022150035,77.2122264985228,mugged incident reported. CCTV available,Female,1
2023-11-14 02:44:00,2,1,Robbery,Industrial Area,28.628081632702802,77.20671047019334,mugged incident reported. Evidence collected,Female,1
2023-01-13 02:48:00,2,4,Assault,Suburb A,28.620407747498817,77.20727963745112,attack incident reported. Witness present,Female,1
2023-06-03 01:29:00,1,5,Theft,Northside,28.618322705823328,77.19928735570647,pickpocket incident reported. No leads yet,Unknown,0
2022-12-18 23:25:00,23,6,Robbery,Suburb B,28.573253047362062,77.20676201396357,gun incident reported. Witness present,Male,1
2022-12-01 21:47:00,21,3,Kidnapping,Industrial Area,28.637612468935,77.2244369233707,missing child incident reported. No leads yet,Female,1
2022-05-24 15:52:00,15,1,Homicide,Southside,28.62998995807652,77.22960217869678,killed incident reported. Evidence collected,Male,0
2022-07-01 09:07:00,9,4,Fraud,Southside,28.615377626516025,77.21228859512343,scam incident reported. CCTV available,Male,0
2022-06-07 14:22:00,14,1,Burglary,Eastside,28.603605801742763,77.20373211906622,door incident reported. Witness present,Unknown,1
2023-03-29 22:03:00,22,2,Assault,Suburb B,28.624162852496188,77.22906474061948,punched incident reported. Evidence collected,Unknown,0
2022-02-19 12:49:00,12,5,Robbery,Eastside,28.611575895405316,77.20149684558581,threat incident reported. Evidence collected,Female,1
2022-01-17 13:01:00,13,0,Theft,Suburb A,28.613908799314277,77.21902011248216,stole incident reported. Witness present,Male,0
2022-04-09 21:10:00,21,5,Burglary,Downtown,28.589835753064442,77.17073031744772,forced incident reported. CCTV available,Female,0
2023-07-30 20:12:00,20,6,Robbery,Suburb B,28.60472438584181,77.18865479290143,threat incident reported. Evidence collected,Female,1
2023-01-01 10:11:00,10,6,Theft,Suburb B,28.60543099670588,77.20653699468637,pickpocket incident reported. Witness present,Unknown,0
2023-04-15 07:04:00,7,5,Homicide,Suburb A,28.60634585984962,77.23320779224119,murder incident reported. No leads yet,Male,1
2022-11-05 19:31:00,19,5,Assault,Southside,28.619345746076707,77.21400790599351,beaten incident reported. CCTV available,Female,1
2023-10-09 22:24:00,22,0,Burglary,Suburb A,28.62427011906739,77.19001944803699,forced incident reported. No leads yet,Male,0
2022-03-11 10:01:00,10,4,Kidnapping,Suburb B,28.63121852979034,77.20773726189108,missing child incident reported. Evidence collected,Unknown,0
2022-08-27 00:39:00,0,5,Assault,Westside,28.62507467695402,77.19113571278267,kicked incident reported. Evidence collected,Male,0
2022-03-03 04:23:00,4,3,Kidnapping,Westside,28.5880040205664,77.22263149430042,missing child incident reported. Evidence collected,Male,0
2022-09-01 23:38:00,23,3,Kidnapping,Suburb A,28.620173492101625,77.19396580742738,abducted incident reported. No leads yet,Male,0
2023-10-26 09:48:00,9,3,Theft,Eastside,28.59940561531209,77.22775724640691,wallet incident reported. Witness present,Unknown,0
2023-07-07 01:58:00,1,4,Robbery,Eastside,28.59407646845221,77.23637788255427,mugged incident reported. CCTV available,Unknown,0
2022-07-07 14:40:00,14,3,Theft,Northside,28.598889654422536,77.21963986542681,wallet incident reported. Evidence collected,Female,1
2023-10-12 04:13:00,4,3,Burglary,Northside,28.608423025404186,77.21905312385138,entered incident reported. Witness present,Male,0
2023-06-04 02:27:00,2,6,Kidnapping,Westside,28.6048314332981,77.2062867848988,missing child incident reported. No leads yet,Male,0
2022-06-30 19:15:00,19,3,Homicide,Westside,28.614581986256596,77.19229687573697,murder incident reported. CCTV available,Unknown,0
2023-05-08 02:23:00,2,0,Fraud,Suburb B,28.62624707242367,77.2004464405588,forgery incident reported. No leads yet,Male,0
2022-06-09 15:01:00,15,3,Fraud,Suburb B,28.610090001411002,77.1924275104232,cheated incident reported. Witness present,Male,0
2023-07-21 23:11:00,23,4,Homicide,Suburb B,28.57119443902008,77.20581620395667,stabbed incident reported. No leads yet,Female,0
2023-07-30 19:30:00,19,6,Assault,Suburb A,28.654110257026883,77.22207673813163,kicked incident reported. Witness present,Male,0
2022-07-14 00:00:00,0,3,Cyber Crime,Industrial Area,28.613578993671094,77.20461848617987,identity theft incident reported. CCTV available,Female,0
2023-01-29 15:19:00,15,6,Assault,Suburb B,28.614274431546868,77.2181186519196,punched incident reported. No leads yet,Male,0
2023-08-03 05:12:00,5,3,Fraud,Westside,28.59421978641152,77.22757202824448,forgery incident reported. CCTV available,Unknown,0
2023-12-15 01:41:00,1,4,Fraud,Suburb B,28.62582302192402,77.22096976209514,forgery incident reported. Evidence collected,Unknown,0
2023-01-06 20:45:00,20,4,Theft,Southside,28.621207928980162,77.2093269442949,wallet incident reported. CCTV available,Female,0
2022-09-11 19:37:00,19,6,Burglary,Downtown,28.62511435393278,77.2188635688957,window incident reported. No leads yet,Male,0
2023-12-25 18:57:00,18,0,Assault,Eastside,28.607999321484318,77.19943997045172,injury incident reported. CCTV available,Female,1
2023-12-10 09:32:00,9,6,Fraud,Westside,28.615597604921035,77.23481700252492,scam incident reported. Evidence collected,Unknown,0
2023-10-14 18:49:00,18,5,Cyber Crime,Southside,28.59324821540577,77.1845412455708,identity theft incident reported. CCTV available,Female,0
2022-01-07 05:52:00,5,4,Kidnapping,Downtown,28.61664601402061,77.20984812836427,held captive incident reported. No leads yet,Male,1
2023-11-02 09:46:00,9,3,Fraud,Southside,28.616789027739507,77.21306588663181,fake incident reported. Witness present,Male,0
2023-05-14 05:32:00,5,6,Assault,Industrial Area,28.610179962422755,77.23383105731004,kicked incident reported. Witness present,Unknown,0
2022-03-02 23:11:00,23,2,Robbery,Westside,28.587218267025392,77.19519171625366,mugged incident reported. Evidence collected,Female,1
2023-10-14 05:05:00,5,5,Homicide,Northside,28.61217908733085,77.1816135198141,dead incident reported. CCTV available,Female,0
2022-01-31 18:15:00,18,0,Kidnapping,Industrial Area,28.610969093259467,77.23669116942881,abducted incident reported. Evidence collected,Unknown,0
2022-09-30 00:42:00,0,4,Theft,Northside,28.614248108138266,77.21284501509531,stole incident reported. No leads yet,Male,0
2023-09-10 16:48:00,16,6,Homicide,Industrial Area,28.59289725391379,77.19872730986602,killed incident reported. No leads yet,Female,0
2022-12-11 11:43:00,11,6,Cyber Crime,Suburb A,28.607646726994602,77.2037047483874,identity theft incident reported. No leads yet,Male,0
2023-09-18 01:22:00,1,0,Cyber Crime,Northside,28.63526072991673,77.21829485101209,identity theft incident reported. Witness present,Male,0
2022-01-27 19:07:00,19,3,Homicide,Eastside,28.595375700717717,77.21310841297387,shot incident reported. No leads yet,Female,0
2023-11-08 06:00:00,6,2,Cyber Crime,Downtown,28.62220369580828,77.22800248397536,hacked incident reported. CCTV available,Unknown,0
2023-11-26 14:14:00,14,6,Kidnapping,Suburb B,28.64024234477614,77.19208176346955,abducted incident reported. CCTV available,Unknown,0
2023-03-15 15:42:00,15,2,Assault,Suburb B,28.600385708146494,77.1880403690181,kicked incident reported. Evidence collected,Female,1
2022-05-11 15:50:00,15,2,Assault,Westside,28.609999669014886,77.2167726395741,injury incident reported. Witness present,Unknown,0
2023-04-02 03:30:00,3,6,Robbery,Eastside,28.630355575276486,77.20773414960595,gun incident reported. Evidence collected,Male,0
2023-03-22 22:01:00,22,2,Burglary,Suburb A,28.608569207945752,77.21152929987082,entered incident reported. CCTV available,Female,0
2023-11-13 15:57:00,15,0,Assault,Southside,28.599980951639502,77.24382564536158,injury incident reported. Evidence collected,Unknown,0
2023-12-10 10:55:00,10,6,Robbery,Northside,28.587105649548032,77.21207900964826,forcibly incident reported. No leads yet,Unknown,0
2022-08-27 07:16:00,7,5,Assault,Westside,28.647626770320496,77.20911333074267,attack incident reported. Witness present,Male,0
2022-04-29 18:23:00,18,4,Burglary,Suburb A,28.610732682749976,77.20304257628649,broke incident reported. CCTV available,Female,0
2022-03-05 18:34:00,18,5,Robbery,Suburb B,28.610893471970627,77.23188080791128,demanded incident reported. Witness present,Female,1
2023-06-17 21:38:00,21,5,Robbery,Northside,28.577035634811175,77.23455722835494,forcibly incident reported. CCTV available,Female,1
2022-05-29 09:53:00,9,6,Robbery,Industrial Area,28.590167380792497,77.20455579451276,mugged incident reported. CCTV available,Unknown,0
2022-05-30 23:42:00,23,0,Theft,Suburb A,28.606745926328358,77.21880922116284,stole incident reported. CCTV available,Female,0
2023-12-25 18:30:00,18,0,Robbery,Industrial Area,28.58726459413527,77.21670287776803,forcibly incident reported. Evidence collected,Female,1
2022-12-08 04:52:00,4,3,Robbery,Eastside,28.64763849372145,77.18628043325678,threat incident reported. No leads yet,Unknown,0
2023-02-06 09:52:00,9,0,Burglary,Downtown,28.617061769460175,77.1979669637034,window incident reported. No leads yet,Unknown,0
2022-12-23 12:25:00,12,4,Assault,Westside,28.62099812010322,77.2093191296236,kicked incident reported. No leads yet,Female,1
2022-04-10 04:20:00,4,6,Theft,Westside,28.60320855151593,77.21713120474786,purse incident reported. Witness present,Female,0
2023-03-29 22:30:00,22,2,Homicide,Southside,28.643972468496447,77.20581827013788,murder incident reported. Evidence collected,Male,0
2023-01-06 23:54:00,23,4,Assault,Southside,28.62589596570247,77.18744545070216,injury incident reported. Witness present,Female,1
2022-02-27 03:22:00,3,6,Kidnapping,Southside,28.5979593937197,77.21687343796468,ransom incident reported. No leads yet,Male,0
2022-06-02 20:46:00,20,3,Fraud,Eastside,28.638635267142266,77.21492688914643,forgery incident reported. No leads yet,Male,0
2022-11-06 22:38:00,22,6,Burglary,Suburb B,28.60868236615795,77.2089881900904,broke incident reported. No leads yet,Unknown,0
2023-10-28 12:17:00,12,5,Kidnapping,Suburb A,28.593059871100504,77.21907525543926,abducted incident reported. Evidence collected,Male,0
2023-05-16 20:42:00,20,1,Robbery,Downtown,28.628605551038724,77.20146516111946,mugged incident reported. No leads yet,Unknown,0
2022-10-08 22:47:00,22,5,Assault,Southside,28.60606596420401,77.21343130382753,injury incident reported. CCTV available,Female,1
2023-08-09 04:06:00,4,2,Cyber Crime,Northside,28.60662133773266,77.20789778975625,phishing incident reported. No leads yet,Unknown,0
2023-12-19 00:25:00,0,1,Kidnapping,Northside,28.648895363152775,77.20488290498757,abducted incident reported. Witness present,Unknown,0
2023-11-06 03:11:00,3,0,Burglary,Downtown,28.60792766413298,77.19820763657275,forced incident reported. Evidence collected,Unknown,0
2022-02-10 04:36:00,4,3,Robbery,Southside,28.626303199525,77.20597959711303,gun incident reported. Evidence collected,Male,0
2022-05-08 16:19:00,16,6,Cyber Crime,Southside,28.603077116027976,77.23102173387122,hacked incident reported. Witness present,Female,0
2022-11-04 01:33:00,1,4,Homicide,Industrial Area,28.63756005007523,77.19899294057103,stabbed incident reported. CCTV available,Male,0
2023-09-13 17:32:00,17,2,Robbery,Northside,28.58279100081066,77.22579189483062,threat incident reported. Evidence collected,Unknown,0
2022-07-12 04:19:00,4,1,Robbery,Southside,28.602489502904,77.22217709331939,mugged incident reported. CCTV available,Unknown,0
2022-10-12 04:46:00,4,2,Fraud,Northside,28.58106493637147,77.22387662230499,forgery incident reported. Witness present,Unknown,0
2023-02-14 14:05:00,14,1,Homicide,Suburb B,28.593713801178655,77.22117940198444,murder incident reported. Evidence collected,Unknown,0
2023-10-07 23:17:00,23,5,Robbery,Suburb A,28.61413788446394,77.19310100967672,mugged incident reported. Witness present,Unknown,0
2023-03-06 04:20:00,4,0,Fraud,Suburb B,28.607116061451222,77.22043864094928,fake incident reported. Evidence collected,Male,0
2022-10-04 03:34:00,3,1,Assault,Suburb B,28.61566490755192,77.21874021634122,punched incident reported. CCTV available,Male,0
2022-12-08 08:09:00,8,3,Robbery,Westside,28.646840676408594,77.18292930647148,threat incident reported. No leads yet,Male,1
2022-04-18 03:11:00,3,0,Homicide,Industrial Area,28.640853542916144,77.21073926562539,killed incident reported. CCTV available,Male,0
2023-07-19 08:38:00,8,2,Assault,Downtown,28.59892026586128,77.18682810623768,injury incident reported. Witness present,Male,0
2022-12-20 23:43:00,23,1,Fraud,Industrial Area,28.61074799348705,77.22436083519874,scam incident reported. Witness present,Unknown,0
2023-11-05 04:09:00,4,6,Fraud,Westside,28.611774181327043,77.23418591550413,cheated incident reported. Witness present,Male,0
2023-11-26 19:26:00,19,6,Kidnapping,Southside,28.589713738499142,77.2087985175359,held captive incident reported. CCTV available,Female,1
2022-10-10 13:33:00,13,0,Robbery,Westside,28.59302677592645,77.21506053137709,demanded incident reported. No leads yet,Unknown,0
2022-11-17 02:40:00,2,3,Assault,Northside,28.628681456501624,77.20198730343866,punched incident reported. Witness present,Unknown,0
2023-08-13 01:05:00,1,6,Homicide,Industrial Area,28.57049643572288,77.21231580244661,shot incident reported. Witness present,Male,0
2023-05-07 15:32:00,15,6,Assault,Suburb B,28.621178975862225,77.21573824591603,punched incident reported. No leads yet,Male,0
2023-12-21 17:47:00,17,3,Cyber Crime,Eastside,28.634496369863705,77.19114910533919,hacked incident reported. No leads yet,Unknown,0
2022-06-22 21:59:00,21,2,Robbery,Southside,28.625236935090843,77.22887512520796,threat incident reported. CCTV available,Male,0
2022-02-22 13:31:00,13,1,Fraud,Southside,28.58425687359989,77.21432753043199,cheated incident reported. Witness present,Female,0
2023-07-07 03:18:00,3,4,Homicide,Industrial Area,28.60549700281654,77.20764128878164,dead incident reported. No leads yet,Female,0
2022-08-11 09:59:00,9,3,Theft,Industrial Area,28.619694608058975,77.20087952393145,stole incident reported. CCTV available,Unknown,0
2022-01-07 19:29:00,19,4,Cyber Crime,Westside,28.60263819868064,77.20956920695814,ransomware incident reported. Witness present,Female,0
2023-02-16 11:00:00,11,3,Assault,Suburb B,28.59577923435229,77.19090291451859,beaten incident reported. Witness present,Female,1
2023-02-25 03:58:00,3,5,Kidnapping,Downtown,28.625222888049276,77.18985343274736,ransom incident reported. Witness present,Male,0
2023-04-27 12:23:00,12,3,Homicide,Suburb A,28.625005208348487,77.2167098548809,killed incident reported. CCTV available,Female,0
2022-04-22 14:42:00,14,4,Kidnapping,Southside,28.585136554520158,77.19770725579441,held captive incident reported. Evidence collected,Male,0
2023-01-03 22:12:00,22,1,Assault,Eastside,28.633801823384125,77.19264724114767,injury incident reported. No leads yet,Female,1
2022-12-06 01:10:00,1,1,Robbery,Industrial Area,28.60615992896151,77.21670101488753,gun incident reported. No leads yet,Unknown,0
2023-05-16 17:31:00,17,1,Burglary,Suburb A,28.626956508488043,77.2048076852326,window incident reported. Witness present,Female,0
2022-04-23 03:50:00,3,5,Theft,Southside,28.60394149675514,77.23270616436164,stole incident reported. Witness present,Male,0
2022-02-23 21:53:00,21,2,Cyber Crime,Suburb B,28.642881661063296,77.22531430084636,identity theft incident reported. No leads yet,Unknown,0
2022-10-24 09:31:00,9,0,Assault,Suburb B,28.61532196904275,77.19552890463932,beaten incident reported. Witness present,Male,0
2022-09-13 08:49:00,8,1,Assault,Westside,28.600059259890724,77.2177085684211,injury incident reported. Witness present,Unknown,0
2023-05-01 22:50:00,22,0,Assault,Southside,28.620873303681478,77.2323599765491,beaten incident reported. Witness present,Male,0
2022-08-23 03:08:00,3,1,Fraud,Downtown,28.624740834875603,77.18394866163734,fake incident reported. No leads yet,Female,0
2022-01-19 19:12:00,19,2,Assault,Downtown,28.631432460295382,77.19236565621144,attack incident reported. Witness present,Female,1
2022-08-16 10:27:00,10,1,Kidnapping,Downtown,28.607500478800794,77.21317000343753,abducted incident reported. CCTV available,Unknown,0
2022-04-23 08:23:00,8,5,Homicide,Suburb A,28.647161124829733,77.26083197593343,stabbed incident reported. Evidence collected,Unknown,0
2022-07-06 01:00:00,1,2,Theft,Suburb A,28.624012050985606,77.20594672302133,missing incident reported. Evidence collected,Male,0
2023-03-18 05:16:00,5,5,Kidnapping,Suburb A,28.622808427474677,77.22379425709791,abducted incident reported. Evidence collected,Female,1
2023-12-01 17:49:00,17,4,Burglary,Suburb A,28.60855553957405,77.23892018926522,forced incident reported. CCTV available,Female,0
2022-09-01 20:17:00,20,3,Robbery,Suburb B,28.61773451265319,77.21729571815153,threat incident reported. Evidence collected,Male,0
2022-02-12 18:58:00,18,5,Robbery,Eastside,28.62499873753424,77.21602644351024,gun incident reported. Evidence collected,Unknown,0
2023-07-14 19:21:00,19,4,Homicide,Industrial Area,28.627882341674496,77.1987124468909,murder incident reported. Evidence collected,Male,0
2022-05-11 06:26:00,6,2,Homicide,Suburb A,28.604594970767568,77.19066409611715,dead incident reported. No leads yet,Female,0
2022-03-11 15:26:00,15,4,Theft,Southside,28.621225020510337,77.22198227505854,wallet incident reported. CCTV available,Unknown,0
2022-02-16 18:03:00,18,2,Robbery,Suburb B,28.6215295477692,77.23690820722246,mugged incident reported. Evidence collected,Female,1
2022-06-19 14:48:00,14,6,Fraud,Suburb B,28.613806733019516,77.22014569425988,fake incident reported. Witness present,Female,0
2022-01-04 05:36:00,5,1,Robbery,Downtown,28.595704985397678,77.20254833829209,mugged incident reported. CCTV available,Unknown,0
2022-11-07 07:18:00,7,0,Homicide,Northside,28.62549229595943,77.22315170184572,killed incident reported. Witness present,Male,0
2022-10-26 01:40:00,1,2,Burglary,Westside,28.609000550872263,77.2078066791357,broke incident reported. Witness present,Male,0
2022-08-04 17:07:00,17,3,Theft,Suburb A,28.588602104221987,77.2030495133199,missing incident reported. CCTV available,Unknown,0
2022-03-27 22:56:00,22,6,Homicide,Southside,28.628739719391998,77.21858675026844,stabbed incident reported. CCTV available,Female,0
2022-02-28 20:52:00,20,0,Theft,Suburb A,28.622244428689687,77.20982956145302,missing incident reported. Witness present,Male,0
2022-09-20 00:34:00,0,1,Assault,Suburb B,28.61401771931047,77.19799464767544,beaten incident reported. Witness present,Unknown,0
2023-03-29 07:20:00,7,2,Homicide,Eastside,28.62554714033671,77.21601621573983,shot incident reported. Witness present,Unknown,0
2023-04-02 07:46:00,7,6,Fraud,Suburb A,28.622100314133213,77.20023275262221,scam incident reported. No leads yet,Male,0
2022-07-05 14:11:00,14,1,Burglary,Eastside,28.57801095133548,77.22728587852923,entered incident reported. CCTV available,Unknown,0
2022-01-22 09:10:00,9,5,Burglary,Suburb B,28.605919375733194,77.19462040393262,broke incident reported. Witness present,Unknown,0
2022-03-15 13:15:00,13,1,Kidnapping,Suburb B,28.625457981865235,77.20246645600135,missing child incident reported. Evidence collected,Male,0
2023-09-10 03:24:00,3,6,Fraud,Downtown,28.631565606400777,77.21928343249294,scam incident reported. Witness present,Male,0
2022-09-12 02:17:00,2,0,Burglary,Downtown,28.625292822053343,77.18623407148,broke incident reported. CCTV available,Male,0
2023-12-26 02:12:00,2,1,Burglary,Industrial Area,28.634099066423108,77.21335417552056,entered incident reported. CCTV available,Unknown,0
2022-12-06 15:09:00,15,1,Robbery,Downtown,28.607745381012563,77.21138980778905,mugged incident reported. Evidence collected,Unknown,0
2022-01-22 01:06:00,1,5,Homicide,Northside,28.584296079451697,77.21581088019134,shot incident reported. Witness present,Unknown,0
2022-01-02 07:01:00,7,6,Robbery,Suburb B,28.596743808196965,77.18645549523595,demanded incident reported. Witness present,Female,1
2023-12-02 12:43:00,12,5,Assault,Industrial Area,28.58852734689637,77.22754480624984,kicked incident reported. Evidence collected,Male,0
2022-10-16 11:04:00,11,6,Cyber Crime,Northside,28.603412276771788,77.23456212849861,hacked incident reported. Evidence collected,Female,0
2023-09-12 04:11:00,4,1,Fraud,Suburb A,28.604969975615795,77.18054403404012,forgery incident reported. Witness present,Unknown,0
2023-11-15 21:19:00,21,2,Homicide,Suburb A,28.59529125933419,77.22959686033346,shot incident reported. CCTV available,Male,0
2022-09-29 22:51:00,22,3,Assault,Downtown,28.61130169703439,77.19986187839183,kicked incident reported. CCTV available,Male,0
2022-06-01 12:28:00,12,2,Kidnapping,Northside,28.61656697043088,77.2173630456028,ransom incident reported. Witness present,Male,0
2022-04-03 10:08:00,10,6,Burglary,Suburb B,28.632523313598377,77.23314165383155,window incident reported. No leads yet,Female,0
2023-12-12 13:38:00,13,1,Cyber Crime,Southside,28.607903855903515,77.18689920523197,identity theft incident reported. No leads yet,Unknown,0
2023-07-17 15:34:00,15,0,Kidnapping,Eastside,28.60700891398128,77.21333800844305,held captive incident reported. Witness present,Female,1
2023-12-21 02:15:00,2,3,Cyber Crime,Downtown,28.597837351229824,77.19304748475176,hacked incident reported. CCTV available,Male,0
2023-07-26 15:08:00,15,2,Assault,Downtown,28.619629798025834,77.20818912747383,kicked incident reported. CCTV available,Female,1
2023-04-17 04:53:00,4,0,Fraud,Eastside,28.614446616590193,77.19635841108834,scam incident reported. Witness present,Male,0
2022-05-01 22:45:00,22,6,Burglary,Suburb B,28.610059988096573,77.19359611426219,window incident reported. CCTV available,Unknown,1
2022-02-25 22:06:00,22,4,Assault,Industrial Area,28.628736640185416,77.22625415557873,punched incident reported. Witness present,Unknown,0
2023-01-10 04:05:00,4,1,Robbery,Northside,28.583130202296033,77.19350815233012,forcibly incident reported. Witness present,Male,0
2022-07-06 15:47:00,15,2,Burglary,Westside,28.5889578457485,77.19816626775989,forced incident reported. No leads yet,Female,0
2023-10-23 22:00:00,22,0,Homicide,Northside,28.612509367170162,77.18483924633836,dead incident reported. Witness present,Male,1
2023-05-31 05:00:00,5,2,Fraud,Suburb B,28.598535669781246,77.19226737713198,forgery incident reported. CCTV available,Unknown,0
2023-08-09 16:19:00,16,2,Robbery,Suburb B,28.617354455489984,77.2101557389506,gun incident reported. No leads yet,Male,0
2022-05-09 23:13:00,23,0,Fraud,Downtown,28.601871040777713,77.21194701453565,scam incident reported. No leads yet,Male,0
2023-05-04 10:41:00,10,3,Fraud,Suburb B,28.60478866525688,77.2044724148279,cheated incident reported. No leads yet,Male,1
2022-07-19 08:06:00,8,1,Assault,Northside,28.641790868171643,77.23134101752984,attack incident reported. Evidence collected,Female,1
2022-09-03 09:10:00,9,5,Assault,Northside,28.592240312717873,77.22282887363133,attack incident reported. Witness present,Male,0
2023-07-19 06:40:00,6,2,Theft,Eastside,28.627423275908193,77.18986227852079,purse incident reported. Evidence collected,Female,1
2023-08-01 15:02:00,15,1,Theft,Suburb A,28.627546294062583,77.23463219864021,stole incident reported. CCTV available,Male,0
2022-10-17 12:32:00,12,0,Robbery,Suburb A,28.595190919895927,77.19370828631644,threat incident reported. Evidence collected,Female,1
2022-12-06 13:57:00,13,1,Assault,Southside,28.63086102444739,77.2135249218471,injury incident reported. No leads yet,Male,0
2023-08-24 01:18:00,1,3,Burglary,Southside,28.623091271253994,77.21467648694001,broke incident reported. Witness present,Unknown,0
2022-08-09 21:41:00,21,1,Burglary,Southside,28.620411598682136,77.18689213119482,door incident reported. CCTV available,Unknown,0
2023-04-04 04:21:00,4,1,Homicide,Suburb A,28.631355295110357,77.22849316654046,shot incident reported. Evidence collected,Unknown,0
2023-12-31 21:24:00,21,6,Robbery,Eastside,28.6100768209322,77.20827538416977,threat incident reported. No leads yet,Unknown,0
2022-04-10 00:09:00,0,6,Homicide,Northside,28.588381541624074,77.2175709126003,stabbed incident reported. Witness present,Female,1
2022-10-30 05:04:00,5,6,Homicide,Suburb A,28.623434290695236,77.20796348305001,murder incident reported. No leads yet,Female,1
2022-09-22 15:16:00,15,3,Kidnapping,Southside,28.63263922266451,77.20343204615034,held captive incident reported. Evidence collected,Male,0
2023-01-08 09:25:00,9,6,Fraud,Southside,28.623310098764893,77.19200559435514,cheated incident reported. CCTV available,Female,0
2022-03-27 21:26:00,21,6,Kidnapping,Westside,28.613507464152097,77.20609409570162,abducted incident reported. Witness present,Unknown,1
2023-12-18 17:00:00,17,0,Burglary,Northside,28.617655132034017,77.20284121785278,door incident reported. No leads yet,Female,0
2022-03-16 07:24:00,7,2,Kidnapping,Northside,28.61170879007214,77.22276745285737,held captive incident reported. Evidence collected,Female,1
2022-03-29 05:46:00,5,1,Assault,Suburb B,28.60662059604603,77.18222371498769,attack incident reported. Evidence collected,Female,1
2022-11-21 10:38:00,10,0,Kidnapping,Eastside,28.64305973173676,77.23202423464484,abducted incident reported. CCTV available,Unknown,0
2023-04-11 01:34:00,1,1,Burglary,Industrial Area,28.592362288414908,77.22049513008743,forced incident reported. Evidence collected,Male,0
2023-09-08 12:03:00,12,4,Cyber Crime,Suburb B,28.60551708715748,77.21339145358886,phishing incident reported. Evidence collected,Female,0
2023-12-02 13:17:00,13,5,Homicide,Southside,28.61880373548356,77.20509320332806,stabbed incident reported. No leads yet,Male,0
2022-03-25 09:55:00,9,4,Kidnapping,Suburb B,28.600837238906895,77.1974909824614,ransom incident reported. Witness present,Unknown,0
2022-02-25 02:57:00,2,4,Fraud,Suburb A,28.59863013474198,77.1951362965295,cheated incident reported. No leads yet,Female,0
2023-05-09 15:34:00,15,1,Burglary,Suburb B,28.612780361832513,77.19707066684816,door incident reported. No leads yet,Female,0
2022-01-11 17:50:00,17,1,Robbery,Northside,28.625267534428545,77.23378743592227,mugged incident reported. Witness present,Unknown,0
2022-11-28 21:52:00,21,0,Cyber Crime,Downtown,28.604232445977168,77.21299007500893,phishing incident reported. No leads yet,Male,0
2022-11-21 03:50:00,3,0,Fraud,Westside,28.622228085171717,77.21686670451533,forgery incident reported. Witness present,Unknown,0
2023-10-12 14:40:00,14,3,Assault,Downtown,28.615165921131936,77.22137804030599,kicked incident reported. No leads yet,Male,0
2023-12-15 17:49:00,17,4,Burglary,Suburb B,28.621937482544677,77.18837229296122,entered incident reported. Evidence collected,Male,0
2023-01-15 11:01:00,11,6,Homicide,Westside,28.628385934406488,77.22378818062111,dead incident reported. No leads yet,Unknown,0
2023-10-27 14:26:00,14,4,Fraud,Suburb A,28.601178564930358,77.20963229725746,forgery incident reported. CCTV available,Female,0
2022-04-27 05:29:00,5,2,Fraud,Suburb A,28.625288816546853,77.20551143634034,fake incident reported. No leads yet,Male,0
2023-01-26 09:54:00,9,3,Fraud,Westside,28.63178296746277,77.24839787491032,scam incident reported. Evidence collected,Unknown,0
2022-04-17 02:41:00,2,6,Theft,Suburb B,28.600800232789418,77.18598258994744,purse incident reported. Evidence collected,Male,0
2023-10-11 14:32:00,14,2,Theft,Westside,28.61896364326008,77.22102604175211,pickpocket incident reported. No leads yet,Female,0
2022-04-28 06:54:00,6,3,Kidnapping,Northside,28.61005222710259,77.23322101105535,held captive incident reported. No leads yet,Female,1
2023-10-23 22:50:00,22,0,Fraud,Downtown,28.591589903337947,77.2205486437172,cheated incident reported. CCTV available,Female,0
2023-11-06 08:19:00,8,0,Fraud,Eastside,28.60380231965402,77.23765629843679,forgery incident reported. Evidence collected,Male,0
2022-01-16 00:09:00,0,6,Cyber Crime,Suburb A,28.64710858921947,77.19622239020362,identity theft incident reported. Witness present,Female,0
2023-07-24 12:12:00,12,0,Fraud,Downtown,28.604740714401526,77.223326464783,forgery incident reported. Witness present,Unknown,0
2023-02-17 10:33:00,10,4,Burglary,Suburb B,28.60744782250351,77.2082431463678,entered incident reported. Evidence collected,Male,1
2023-10-09 18:50:00,18,0,Fraud,Westside,28.614323140342375,77.17700544739671,cheated incident reported. Witness present,Unknown,0
2022-04-06 02:01:00,2,2,Fraud,Downtown,28.61366937089843,77.19750453709894,fake incident reported. Evidence collected,Unknown,0
2023-09-25 22:34:00,22,0,Assault,Suburb B,28.60568128629334,77.23306053339115,kicked incident reported. No leads yet,Male,0
2023-10-12 20:49:00,20,3,Cyber Crime,Southside,28.59295821842868,77.22255341977913,phishing incident reported. CCTV available,Male,0
2022-07-18 17:53:00,17,0,Robbery,Suburb B,28.609250617827804,77.20433733052508,demanded incident reported. Evidence collected,Female,1
2022-05-28 20:01:00,20,5,Assault,Northside,28.627072864934195,77.21466752157615,punched incident reported. Evidence collected,Female,1
2022-05-26 09:16:00,9,3,Burglary,Northside,28.623410216620325,77.22513641100889,forced incident reported. Witness present,Male,0
2023-02-05 03:31:00,3,6,Theft,Suburb B,28.60837819361361,77.19879605442488,stole incident reported. Witness present,Male,0
2023-12-05 13:24:00,13,1,Cyber Crime,Industrial Area,28.595814157890704,77.19524315783369,hacked incident reported. Witness present,Male,0
2023-11-07 18:40:00,18,1,Theft,Northside,28.663051573755148,77.22974465967894,pickpocket incident reported. Evidence collected,Female,0
2022-06-12 16:47:00,16,6,Homicide,Northside,28.591382093896534,77.18695903405428,killed incident reported. Evidence collected,Male,0
2023-06-15 16:48:00,16,3,Burglary,Eastside,28.621931101028643,77.2181210799563,entered incident reported. Evidence collected,Female,0
2022-12-02 04:14:00,4,4,Assault,Southside,28.623048063921956,77.2047507367741,kicked incident reported. Evidence collected,Female,1
2022-12-23 22:35:00,22,4,Homicide,Industrial Area,28.61180909566662,77.21446465873599,shot incident reported. No leads yet,Unknown,0
2022-07-17 08:11:00,8,6,Robbery,Westside,28.61533155010489,77.17201166045422,mugged incident reported. CCTV available,Female,1
2022-06-19 06:46:00,6,6,Kidnapping,Suburb B,28.61007000615708,77.19480989276234,ransom incident reported. CCTV available,Female,1
2023-09-30 03:38:00,3,5,Fraud,Suburb B,28.616820190315142,77.25875431671005,cheated incident reported. Evidence collected,Male,0
2023-04-06 05:56:00,5,3,Theft,Westside,28.620024694424572,77.20377450523047,purse incident reported. CCTV available,Unknown,0
2023-02-12 00:07:00,0,6,Burglary,Suburb A,28.629263358366288,77.21704479812016,forced incident reported. Witness present,Female,0
2022-03-16 06:42:00,6,2,Cyber Crime,Suburb A,28.620901574840865,77.2191141765536,hacked incident reported. Evidence collected,Male,0
2022-11-23 22:00:00,22,2,Cyber Crime,Eastside,28.648175726080492,77.19015185941124,ransomware incident reported. Witness present,Female,0
2023-07-30 02:24:00,2,6,Homicide,Eastside,28.62179386794686,77.19356031450032,killed incident reported. CCTV available,Unknown,0
2023-09-15 21:04:00,21,4,Fraud,Suburb B,28.623158544105706,77.1936885581419,fake incident reported. Witness present,Female,0
2022-02-20 15:31:00,15,6,Theft,Westside,28.606943886439915,77.2040818347627,pickpocket incident reported. Witness present,Female,0
2023-09-08 10:37:00,10,4,Fraud,Eastside,28.63016361198908,77.2243075740657,scam incident reported. Evidence collected,Unknown,1
2023-04-18 09:08:00,9,1,Fraud,Downtown,28.593138043725894,77.20991556851666,scam incident reported. CCTV available,Unknown,0
2023-10-23 00:04:00,0,0,Kidnapping,Northside,28.602073669087513,77.18802491815542,ransom incident reported. CCTV available,Female,1
2022-12-21 12:05:00,12,2,Cyber Crime,Industrial Area,28.610283049159595,77.2038586201924,ransomware incident reported. No leads yet,Unknown,1
2023-05-21 20:58:00,20,6,Assault,Suburb A,28.654345274772428,77.21621599708935,kicked incident reported. Evidence collected,Unknown,0
2022-01-11 04:06:00,4,1,Cyber Crime,Suburb B,28.590939708320764,77.19958709993048,phishing incident reported. CCTV available,Male,0
2023-07-05 00:59:00,0,2,Theft,Westside,28.630923054923823,77.24380737954783,missing incident reported. Evidence collected,Male,0
2022-09-28 10:44:00,10,2,Fraud,Westside,28.587466944796034,77.17766792691435,fake incident reported. No leads yet,Unknown,0
2022-05-03 04:20:00,4,1,Burglary,Suburb B,28.645082752922864,77.21549356962285,broke incident reported. Witness present,Unknown,0
2023-08-15 15:42:00,15,1,Kidnapping,Westside,28.59942845446873,77.21791048476871,held captive incident reported. Witness present,Female,1
2022-04-05 08:49:00,8,1,Homicide,Northside,28.569970871016388,77.20905625844328,murder incident reported. Witness present,Female,0
2023-12-13 02:04:00,2,2,Kidnapping,Downtown,28.61936368621405,77.22440450232564,missing child incident reported. No leads yet,Male,1
2023-01-30 06:31:00,6,0,Assault,Suburb A,28.597001734128458,77.21042811935672,beaten incident reported. CCTV available,Male,0
2022-11-16 22:29:00,22,2,Burglary,Northside,28.598476256232342,77.21325639592791,forced incident reported. No leads yet,Male,0
2023-04-09 19:32:00,19,6,Robbery,Suburb B,28.59897756129395,77.20219831934733,forcibly incident reported. Witness present,Male,1
2023-12-04 09:55:00,9,0,Assault,Southside,28.597303076753498,77.21985227069706,punched incident reported. Witness present,Female,1
2022-01-17 14:11:00,14,0,Homicide,Downtown,28.628207518610946,77.20508965716738,shot incident reported. CCTV available,Female,0
2022-09-29 03:59:00,3,3,Assault,Suburb A,28.614537299916,77.18485680975611,injury incident reported. No leads yet,Female,1
2023-06-05 10:03:00,10,0,Kidnapping,Westside,28.608905389199887,77.20816325638265,held captive incident reported. No leads yet,Female,1
2022-07-18 09:12:00,9,0,Fraud,Southside,28.657579884850502,77.1904672162371,forgery incident reported. No leads yet,Unknown,0
2022-04-22 21:03:00,21,4,Robbery,Northside,28.63830295397921,77.2256143128911,gun incident reported. CCTV available,Male,0
2022-09-02 02:34:00,2,4,Assault,Westside,28.61857727340817,77.23831034140325,injury incident reported. No leads yet,Male,0
2023-02-07 03:14:00,3,1,Homicide,Industrial Area,28.620101757876782,77.21548598659447,murder incident reported. CCTV available,Male,0
2023-10-15 09:45:00,9,6,Homicide,Downtown,28.613014655783044,77.22939281470698,killed incident reported. No leads yet,Male,0
2022-11-09 22:15:00,22,2,Burglary,Suburb A,28.63217448723018,77.1985720452084,entered incident reported. CCTV available,Unknown,1
2023-04-12 04:00:00,4,2,Kidnapping,Suburb B,28.59191254675669,77.20561698937674,ransom incident reported. Evidence collected,Female,1
2022-06-24 21:48:00,21,4,Theft,Suburb A,28.600566023926707,77.20794125708974,pickpocket incident reported. Witness present,Female,0
2023-04-29 03:02:00,3,5,Theft,Westside,28.634523968911402,77.20137830574856,wallet incident reported. Witness present,Male,0
2022-04-07 03:19:00,3,3,Cyber Crime,Industrial Area,28.61318627697814,77.20996704558014,ransomware incident reported. No leads yet,Female,0
2022-09-17 11:29:00,11,5,Theft,Suburb A,28.62804051470342,77.1715518444336,purse incident reported. No leads yet,Female,0
2022-04-26 08:43:00,8,1,Theft,Southside,28.603788328420578,77.21252139487133,wallet incident reported. CCTV available,Female,0
2023-05-25 00:15:00,0,3,Fraud,Suburb A,28.63390131594045,77.2008016258749,fake incident reported. No leads yet,Male,0
2023-10-17 03:17:00,3,1,Kidnapping,Southside,28.58262412156597,77.21932852409944,ransom incident reported. CCTV available,Female,1
2023-02-05 18:26:00,18,6,Homicide,Westside,28.603310626852906,77.1891722223485,killed incident reported. CCTV available,Male,1
2023-09-20 03:27:00,3,2,Kidnapping,Suburb A,28.60349424350478,77.2059245773724,abducted incident reported. No leads yet,Female,1
2023-12-03 04:29:00,4,6,Burglary,Westside,28.603820922257697,77.17224056571501,entered incident reported. CCTV available,Unknown,0
2023-05-14 09:04:00,9,6,Homicide,Downtown,28.628851103281452,77.23024791735465,stabbed incident reported. Evidence collected,Female,1
2022-02-24 15:19:00,15,3,Theft,Suburb B,28.624758699855658,77.1900385721596,stole incident reported. Evidence collected,Female,0
2022-09-15 04:22:00,4,3,Homicide,Southside,28.610541807767543,77.20889131141284,murder incident reported. Witness present,Male,0
2023-03-19 18:58:00,18,6,Assault,Westside,28.6238799064927,77.22013900814531,attack incident reported. Witness present,Male,1
2023-11-26 20:24:00,20,6,Fraud,Suburb B,28.60166377002036,77.2103665926069,cheated incident reported. CCTV available,Male,0
2022-06-27 18:27:00,18,0,Cyber Crime,Southside,28.62152134007692,77.23326370536911,ransomware incident reported. Witness present,Unknown,0
2023-03-03 17:12:00,17,4,Homicide,Westside,28.625641775663745,77.22215094478959,shot incident reported. Witness present,Male,0
2023-01-20 13:06:00,13,4,Burglary,Industrial Area,28.61529711046549,77.23250765242007,forced incident reported. No leads yet,Unknown,0
2022-12-29 13:29:00,13,3,Fraud,Suburb B,28.62072937993266,77.19464853483045,scam incident reported. No leads yet,Female,1
2022-04-01 04:39:00,4,4,Homicide,Eastside,28.63728949950209,77.22063172120899,murder incident reported. CCTV available,Unknown,0
2022-02-24 12:08:00,12,3,Fraud,Downtown,28.606515932981193,77.20100845054336,forgery incident reported. Evidence collected,Female,0
2022-03-28 01:17:00,1,0,Assault,Suburb A,28.618842925752347,77.2167197465878,attack incident reported. No leads yet,Unknown,1
2023-12-09 10:55:00,10,5,Theft,Northside,28.617188204427187,77.21418847789072,purse incident reported. Evidence collected,Unknown,0
2023-12-20 06:33:00,6,2,Burglary,Industrial Area,28.642232622909606,77.22685905253725,entered incident reported. CCTV available,Male,0
2023-10-06 09:46:00,9,4,Theft,Industrial Area,28.61707725985442,77.22468850967947,stole incident reported. Evidence collected,Unknown,0
2022-01-01 04:38:00,4,5,Assault,Northside,28.596691268274544,77.21563211749911,injury incident reported. Evidence collected,Male,0
2023-06-02 14:25:00,14,4,Theft,Northside,28.644055105828887,77.20536590174346,wallet incident reported. Witness present,Female,0
2023-07-14 08:52:00,8,4,Kidnapping,Northside,28.59977276785635,77.19813185185679,abducted incident reported. Witness present,Female,1
2022-05-26 23:42:00,23,3,Robbery,Southside,28.59573944937763,77.19592063486454,mugged incident reported. Witness present,Unknown,0
2023-05-03 15:18:00,15,2,Homicide,Northside,28.6077248650235,77.18557388301369,stabbed incident reported. No leads yet,Unknown,0
2023-01-31 22:51:00,22,1,Assault,Industrial Area,28.61416030556583,77.22403795289645,kicked incident reported. Evidence collected,Female,1
2022-10-18 14:07:00,14,1,Fraud,Downtown,28.598770730330887,77.23432139872736,forgery incident reported. Evidence collected,Unknown,0
2022-12-30 04:29:00,4,4,Kidnapping,Westside,28.62241320147546,77.22617634309374,ransom incident reported. Witness present,Male,0
2022-12-24 22:33:00,22,5,Fraud,Northside,28.60293609076913,77.22324208711778,cheated incident reported. CCTV available,Male,0
2023-04-16 22:54:00,22,6,Burglary,Westside,28.59570110166008,77.22383745834728,window incident reported. Evidence collected,Unknown,0
2023-10-23 15:24:00,15,0,Kidnapping,Southside,28.61676398899656,77.21822085366641,ransom incident reported. Witness present,Unknown,0
2023-12-16 10:37:00,10,5,Cyber Crime,Suburb B,28.59430675657292,77.1940821692954,phishing incident reported. Witness present,Male,1
2022-04-09 21:06:00,21,5,Kidnapping,Industrial Area,28.62385380363756,77.1931941999296,missing child incident reported. Evidence collected,Female,1
2022-06-28 23:57:00,23,1,Fraud,Suburb B,28.62162010486832,77.18621436989233,cheated incident reported. Evidence collected,Male,1
2022-02-08 23:04:00,23,1,Kidnapping,Suburb A,28.62803623687778,77.18845794475386,abducted incident reported. Witness present,Unknown,0
2022-11-25 03:44:00,3,4,Kidnapping,Suburb B,28.623104998961328,77.21942718222743,missing child incident reported. Witness present,Male,0
2022-09-16 15:28:00,15,4,Homicide,Eastside,28.602287136359507,77.21870044278475,shot incident reported. Witness present,Male,0
2022-03-30 18:01:00,18,2,Assault,Eastside,28.618240704388892,77.2000193023968,punched incident reported. CCTV available,Male,0
2023-02-22 18:34:00,18,2,Assault,Suburb A,28.5970907552654,77.17628957180546,beaten incident reported. No leads yet,Male,0
2022-07-14 06:36:00,6,3,Kidnapping,Suburb A,28.61972750078833,77.18291995381064,missing child incident reported. Evidence collected,Female,1
2023-03-26 13:40:00,13,6,Fraud,Northside,28.61548906999069,77.20460919639864,cheated incident reported. Evidence collected,Unknown,1
2022-05-01 15:14:00,15,6,Theft,Suburb A,28.625219046257303,77.20396590834184,missing incident reported. CCTV available,Male,0
2023-02-04 22:22:00,22,5,Assault,Southside,28.608409203560882,77.22119784507147,beaten incident reported. Witness present,Female,1
2023-06-15 19:32:00,19,3,Homicide,Suburb B,28.619484300484736,77.21426926595305,dead incident reported. No leads yet,Unknown,1
2022-09-27 20:01:00,20,1,Theft,Suburb A,28.62172112649681,77.18340713127988,missing incident reported. Evidence collected,Female,0
2022-05-23 06:35:00,6,0,Cyber Crime,Downtown,28.62651314466645,77.21920781323357,hacked incident reported. CCTV available,Male,0
2022-03-14 13:38:00,13,0,Assault,Industrial Area,28.596955281190393,77.20493199210543,punched incident reported. Evidence collected,Male,0
2022-02-06 15:32:00,15,6,Robbery,Suburb A,28.61324487853954,77.20675838692664,threat incident reported. Evidence collected,Female,1
2022-02-26 00:49:00,0,5,Robbery,Suburb B,28.619464332776143,77.23285611303052,gun incident reported. No leads yet,Unknown,0
2022-02-23 12:49:00,12,2,Fraud,Southside,28.631929445461214,77.18712968010948,fake incident reported. Evidence collected,Female,0
2023-03-25 03:57:00,3,5,Cyber Crime,Suburb A,28.624267833171768,77.23114888865892,hacked incident reported. Witness present,Male,0
2022-08-26 02:37:00,2,4,Theft,Eastside,28.620346808678153,77.22718300708644,purse incident reported. Evidence collected,Female,0
2022-01-16 23:15:00,23,6,Theft,Northside,28.64743784076168,77.22606182576845,wallet incident reported. CCTV available,Male,0
2022-02-14 10:22:00,10,0,Robbery,Westside,28.618055143260698,77.22641814123475,forcibly incident reported. Evidence collected,Male,0
2023-11-04 02:04:00,2,5,Homicide,Eastside,28.616314797218283,77.20939838405475,stabbed incident reported. Witness present,Female,0
2023-03-31 22:19:00,22,4,Cyber Crime,Westside,28.608043096071437,77.23505688931387,ransomware incident reported. CCTV available,Unknown,0
2023-12-16 17:32:00,17,5,Assault,Downtown,28.6002595222343,77.23453946207798,beaten incident reported. No leads yet,Female,1
2022-10-14 02:13:00,2,4,Burglary,Eastside,28.622231068729008,77.18567823041997,entered incident reported. Evidence collected,Female,0
2023-01-17 23:52:00,23,1,Burglary,Downtown,28.620027488216525,77.17399955820581,window incident reported. Evidence collected,Male,0
2022-01-22 15:53:00,15,5,Theft,Westside,28.62432513361385,77.22375385804982,missing incident reported. Evidence collected,Female,0
2022-03-03 08:54:00,8,3,Fraud,Industrial Area,28.604027400739135,77.21105912826593,forgery incident reported. No leads yet,Male,0
2022-02-15 07:13:00,7,1,Fraud,Southside,28.646469290562507,77.2005708882623,scam incident reported. CCTV available,Unknown,0
2022-02-02 17:48:00,17,2,Cyber Crime,Downtown,28.596251540215725,77.23369439004105,ransomware incident reported. CCTV available,Unknown,0
2023-08-29 06:48:00,6,1,Theft,Suburb A,28.646609786508847,77.2090615945308,pickpocket incident reported. No leads yet,Unknown,0
2022-02-28 03:35:00,3,0,Fraud,Westside,28.630757717256806,77.23135793192552,cheated incident reported. Witness present,Unknown,0
2023-01-26 14:47:00,14,3,Robbery,Southside,28.60152526279103,77.20091156941054,demanded incident reported. Evidence collected,Male,0
2022-09-13 17:18:00,17,1,Cyber Crime,Suburb B,28.634414575219246,77.23708357131181,ransomware incident reported. CCTV available,Male,0
2023-11-07 08:50:00,8,1,Theft,Northside,28.623281347669575,77.19433642744164,missing incident reported. CCTV available,Female,0
2022-07-03 14:29:00,14,6,Theft,Industrial Area,28.647017685194992,77.20015048503647,missing incident reported. No leads yet,Male,0
2023-10-16 17:13:00,17,0,Fraud,Downtown,28.60831437031381,77.21470563057483,cheated incident reported. CCTV available,Unknown,0
2022-03-07 14:11:00,14,0,Homicide,Westside,28.63980267367858,77.22323293294254,murder incident reported. Witness present,Female,0
2023-10-08 05:09:00,5,6,Theft,Eastside,28.62081442500603,77.21672147550197,wallet incident reported. No leads yet,Male,0
2023-08-17 10:02:00,10,3,Robbery,Downtown,28.61462524447739,77.21830232524198,demanded incident reported. Evidence collected,Unknown,0
2023-11-26 11:34:00,11,6,Theft,Eastside,28.571740665371763,77.20405654234884,purse incident reported. No leads yet,Female,0
2022-04-26 16:04:00,16,1,Robbery,Eastside,28.617922032248615,77.18981643193968,forcibly incident reported. Evidence collected,Female,1
2023-10-20 13:56:00,13,4,Homicide,Southside,28.620338721963527,77.2055921463169,stabbed incident reported. CCTV available,Male,0
2023-02-22 20:23:00,20,2,Kidnapping,Westside,28.64315792830526,77.23521699542025,ransom incident reported. Evidence collected,Unknown,1
2022-10-25 04:58:00,4,1,Theft,Northside,28.606136573848033,77.20648603814055,missing incident reported. CCTV available,Unknown,0
2022-08-09 12:53:00,12,1,Theft,Southside,28.612667540573195,77.20147234206401,stole incident reported. Evidence collected,Female,0
2022-08-18 18:32:00,18,3,Fraud,Northside,28.61715041640047,77.19636196551855,forgery incident reported. No leads yet,Unknown,0
2022-11-21 08:12:00,8,0,Homicide,Eastside,28.595056411084375,77.21937852039834,stabbed incident reported. Witness present,Female,0
2023-04-12 10:47:00,10,2,Assault,Eastside,28.62439215973703,77.19559473733901,injury incident reported. CCTV available,Female,1
2022-03-23 11:35:00,11,2,Assault,Suburb A,28.628822590512712,77.19847370451392,kicked incident reported. No leads yet,Unknown,0
2023-03-05 07:36:00,7,6,Burglary,Eastside,28.618119420633967,77.22267240021021,entered incident reported. CCTV available,Female,0
2022-10-21 10:20:00,10,4,Assault,Northside,28.613339790588274,77.21657901520236,kicked incident reported. No leads yet,Female,1
2023-10-10 06:57:00,6,1,Burglary,Industrial Area,28.605292839268543,77.20572555694287,window incident reported. CCTV available,Male,0
2023-07-22 22:59:00,22,5,Kidnapping,Northside,28.61046900948533,77.19655702755766,held captive incident reported. Evidence collected,Male,0
2023-12-08 05:04:00,5,4,Burglary,Suburb B,28.61095376394807,77.18318969501894,window incident reported. Witness present,Female,0
2023-12-31 09:07:00,9,6,Cyber Crime,Suburb A,28.6057141042143,77.2042520751105,hacked incident reported. Evidence collected,Unknown,0
2022-03-17 23:58:00,23,3,Cyber Crime,Industrial Area,28.609630337458412,77.20497504256882,identity theft incident reported. CCTV available,Female,0
2023-05-04 22:08:00,22,3,Burglary,Northside,28.612870596668998,77.2169906919681,door incident reported. CCTV available,Male,0
2023-11-22 20:29:00,20,2,Fraud,Suburb A,28.628475284568875,77.19817057955254,cheated incident reported. Evidence collected,Female,0
2022-08-26 09:31:00,9,4,Cyber Crime,Downtown,28.593846652410182,77.19163259312928,identity theft incident reported. CCTV available,Unknown,0
2022-11-27 12:20:00,12,6,Burglary,Southside,28.60577995131342,77.20313464470306,entered incident reported. No leads yet,Male,0
2023-06-16 08:36:00,8,4,Cyber Crime,Northside,28.601066732230045,77.18739805559584,hacked incident reported. CCTV available,Female,0
2022-10-08 15:28:00,15,5,Robbery,Southside,28.606297986208766,77.2120237770019,demanded incident reported. Evidence collected,Female,1
2022-08-26 21:17:00,21,4,Burglary,Northside,28.623817157763927,77.19970961578153,door incident reported. Witness present,Male,0
2022-01-29 19:57:00,19,5,Theft,Eastside,28.607016702964277,77.19355502818588,stole incident reported. CCTV available,Male,0
2022-07-28 09:36:00,9,3,Fraud,Industrial Area,28.61337601382709,77.1948595227635,forgery incident reported. CCTV available,Unknown,0
2022-04-23 22:45:00,22,5,Assault,Industrial Area,28.623452130220688,77.17923555846777,punched incident reported. Witness present,Female,1
2022-10-13 23:42:00,23,3,Assault,Suburb A,28.607906172125794,77.2140184556532,kicked incident reported. Evidence collected,Male,0
2022-12-01 05:32:00,5,3,Cyber Crime,Westside,28.616963908605378,77.25388389439968,hacked incident reported. CCTV available,Female,0
2022-02-09 13:06:00,13,2,Cyber Crime,Eastside,28.619730000409465,77.19226575671931,hacked incident reported. Evidence collected,Unknown,0
2022-09-09 04:37:00,4,4,Fraud,Eastside,28.61230892921518,77.17939589444222,forgery incident reported. Witness present,Unknown,0
2023-05-12 05:46:00,5,4,Kidnapping,Westside,28.612556670845056,77.19511573238333,abducted incident reported. Witness present,Male,0
2022-01-04 13:04:00,13,1,Kidnapping,Eastside,28.62915650459267,77.19984099542341,held captive incident reported. CCTV available,Unknown,0
2023-09-21 12:40:00,12,3,Robbery,Suburb A,28.611953901403414,77.19840736930993,threat incident reported. CCTV available,Female,1
2022-08-26 09:42:00,9,4,Kidnapping,Industrial Area,28.642880855864224,77.20364595389803,ransom incident reported. No leads yet,Unknown,0
2022-10-30 03:14:00,3,6,Assault,Westside,28.64444261739132,77.22256919603531,attack incident reported. Witness present,Female,1
2023-11-10 13:07:00,13,4,Burglary,Industrial Area,28.62193444545559,77.2151455524553,forced incident reported. No leads yet,Female,0
2023-12-23 04:49:00,4,5,Kidnapping,Industrial Area,28.620463288303604,77.17687212367758,missing child incident reported. Evidence collected,Unknown,0
2022-10-25 08:32:00,8,1,Robbery,Suburb B,28.60925194343082,77.2230859661864,demanded incident reported. CCTV available,Male,0
2023-11-23 10:26:00,10,3,Fraud,Industrial Area,28.6130850469421,77.18558016921995,scam incident reported. CCTV available,Female,0
2023-05-13 23:14:00,23,5,Cyber Crime,Downtown,28.613026592490378,77.23740175860426,phishing incident reported. Witness present,Female,0
2023-07-03 06:49:00,6,0,Assault,Suburb A,28.634681528592246,77.2079665998439,punched incident reported. Evidence collected,Male,0
2023-01-24 02:49:00,2,1,Cyber Crime,Suburb A,28.629757487950968,77.20289154966054,hacked incident reported. Witness present,Unknown,1
2023-01-06 17:12:00,17,4,Burglary,Suburb B,28.585502140219557,77.19359223353118,entered incident reported. CCTV available,Unknown,0
2022-12-06 13:13:00,13,1,Robbery,Downtown,28.639948146141805,77.20443344863618,mugged incident reported. Evidence collected,Male,0
2023-05-29 12:50:00,12,0,Kidnapping,Downtown,28.60984360034375,77.20400269672875,abducted incident reported. Witness present,Male,0
2023-10-09 22:15:00,22,0,Theft,Westside,28.64563560982622,77.23609931525604,pickpocket incident reported. No leads yet,Unknown,0
2022-05-15 23:56:00,23,6,Homicide,Northside,28.65087967055747,77.20634924649333,shot incident reported. Evidence collected,Male,1
2022-01-16 23:53:00,23,6,Burglary,Northside,28.61882707481245,77.18372262417633,window incident reported. Witness present,Unknown,0
2023-09-13 09:50:00,9,2,Cyber Crime,Suburb B,28.63851557376864,77.18953700747888,ransomware incident reported. CCTV available,Unknown,0
2023-04-15 06:06:00,6,5,Homicide,Industrial Area,28.617512926062712,77.19071162453946,dead incident reported. Witness present,Female,0
2023-02-21 17:17:00,17,1,Kidnapping,Westside,28.60408555288769,77.19504562614918,missing child incident reported. No leads yet,Unknown,0
2022-01-18 15:46:00,15,1,Fraud,Suburb A,28.603768745655405,77.20001462161419,forgery incident reported. Witness present,Unknown,0
2023-08-15 00:25:00,0,1,Robbery,Industrial Area,28.60476218675125,77.22288889852967,gun incident reported. CCTV available,Female,1
2022-12-07 04:51:00,4,2,Assault,Northside,28.595485620115625,77.21267569045024,injury incident reported. Witness present,Unknown,0
2022-03-27 04:25:00,4,6,Kidnapping,Eastside,28.634199319205095,77.20044672725811,ransom incident reported. No leads yet,Male,0
2022-11-15 23:21:00,23,1,Burglary,Downtown,28.60193468515421,77.20515792291367,door incident reported. No leads yet,Female,0
2022-01-06 08:44:00,8,3,Robbery,Industrial Area,28.633562086806013,77.21223512718255,threat incident reported. CCTV available,Unknown,0
2023-04-18 22:30:00,22,1,Assault,Northside,28.605046428423208,77.21706461085314,injury incident reported. Witness present,Female,1
2022-01-14 05:33:00,5,4,Assault,Southside,28.595528464169394,77.22035599184072,punched incident reported. Evidence collected,Male,0
2023-03-11 15:10:00,15,5,Kidnapping,Southside,28.62071012179503,77.20386985881436,held captive incident reported. No leads yet,Unknown,0
2022-01-10 09:07:00,9,0,Fraud,Westside,28.59992357002588,77.19422198462861,cheated incident reported. CCTV available,Unknown,0
2023-09-22 11:36:00,11,4,Burglary,Southside,28.62281362227243,77.22948300837481,entered incident reported. CCTV available,Female,0
2023-06-16 19:16:00,19,4,Kidnapping,Industrial Area,28.60327820421619,77.21663977839253,missing child incident reported. Witness present,Male,0
2023-06-21 22:53:00,22,2,Kidnapping,Downtown,28.579116216356635,77.19925637115571,missing child incident reported. No leads yet,Female,1
2022-03-10 00:19:00,0,3,Robbery,Eastside,28.61338235111882,77.19383860971698,forcibly incident reported. CCTV available,Unknown,1
2022-04-07 01:39:00,1,3,Kidnapping,Southside,28.598291560420176,77.19787034072552,missing child incident reported. CCTV available,Male,0
2023-10-06 00:59:00,0,4,Robbery,Westside,28.61876987880544,77.20587784969322,forcibly incident reported. CCTV available,Female,1
2023-01-12 19:49:00,19,3,Fraud,Westside,28.576596146111253,77.17365499745608,fake incident reported. Evidence collected,Unknown,0
2023-08-30 04:06:00,4,2,Robbery,Westside,28.60378558036905,77.21662810976757,gun incident reported. Witness present,Male,0
2023-06-19 18:41:00,18,0,Fraud,Suburb A,28.568108252621247,77.2006711637308,cheated incident reported. No leads yet,Unknown,0
2022-08-03 05:00:00,5,2,Robbery,Eastside,28.605129202391378,77.23213896297014,mugged incident reported. Witness present,Male,0
2022-05-27 05:30:00,5,4,Theft,Suburb A,28.607482969804785,77.21538314974569,stole incident reported. Witness present,Male,0
2023-06-08 14:27:00,14,3,Kidnapping,Suburb A,28.616254285668127,77.17349055866988,abducted incident reported. Witness present,Female,1
2023-07-28 12:24:00,12,4,Fraud,Industrial Area,28.62670345361053,77.21258994175761,cheated incident reported. Evidence collected,Female,0
2023-09-12 06:10:00,6,1,Homicide,Southside,28.622371143994577,77.27443729510728,shot incident reported. CCTV available,Female,0
2023-12-03 03:35:00,3,6,Fraud,Suburb A,28.579164784341692,77.23774494416269,cheated incident reported. No leads yet,Male,1
2023-11-18 11:46:00,11,5,Fraud,Eastside,28.609109208009993,77.21378881507339,fake incident reported. No leads yet,Unknown,0
2023-01-19 05:59:00,5,3,Theft,Eastside,28.613141462578312,77.20192939444337,wallet incident reported. Evidence collected,Female,0
2023-08-24 09:21:00,9,3,Assault,Suburb A,28.604402784529356,77.21449181225955,punched incident reported. CCTV available,Female,1
2022-02-04 20:17:00,20,4,Kidnapping,Suburb B,28.58861377172214,77.22150965279204,ransom incident reported. CCTV available,Male,0
2023-10-03 01:36:00,1,1,Theft,Industrial Area,28.606963426585246,77.19016551101599,pickpocket incident reported. Witness present,Unknown,0
2023-04-30 23:55:00,23,6,Assault,Downtown,28.60639978570007,77.22995248694771,kicked incident reported. Witness present,Female,1
2022-05-15 02:26:00,2,6,Assault,Downtown,28.604977748549732,77.21497422697017,punched incident reported. CCTV available,Female,1
2022-04-10 17:17:00,17,6,Robbery,Downtown,28.601717395404744,77.22163203083207,demanded incident reported. Witness present,Female,1
2023-08-24 23:23:00,23,3,Theft,Suburb B,28.62532512897984,77.2398101472216,stole incident reported. Evidence collected,Female,0
2022-07-17 16:09:00,16,6,Homicide,Northside,28.61097393424168,77.22014424674597,stabbed incident reported. Witness present,Male,0
2023-12-07 16:26:00,16,3,Burglary,Downtown,28.615534458992318,77.23059786303105,forced incident reported. Evidence collected,Female,0
2022-12-16 14:36:00,14,4,Assault,Industrial Area,28.60191946020652,77.22141675521462,punched incident reported. Witness present,Male,0
2022-03-30 05:20:00,5,2,Theft,Southside,28.61065504506472,77.2079301970482,missing incident reported. No leads yet,Male,0
2022-03-25 23:15:00,23,4,Homicide,Eastside,28.61542920807414,77.21320400660711,murder incident reported. CCTV available,Unknown,0
2022-02-24 12:45:00,12,3,Homicide,Southside,28.6119628492813,77.21257855305285,stabbed incident reported. No leads yet,Female,0
2022-08-20 06:17:00,6,5,Robbery,Southside,28.640201967626037,77.22542416142693,forcibly incident reported. CCTV available,Female,1
2022-04-05 15:22:00,15,1,Cyber Crime,Suburb A,28.62838590987495,77.20140767456627,phishing incident reported. Evidence collected,Unknown,0
2023-08-23 12:09:00,12,2,Robbery,Suburb B,28.59907931952953,77.22492167597063,demanded incident reported. Witness present,Female,1
2022-12-17 22:32:00,22,5,Homicide,Northside,28.6285007798755,77.23354451126252,stabbed incident reported. Witness present,Unknown,0
2023-04-24 08:02:00,8,0,Assault,Southside,28.603833656233846,77.20517418907733,beaten incident reported. CCTV available,Female,1
2023-01-17 18:24:00,18,1,Theft,Suburb A,28.58657526395791,77.20245881489899,missing incident reported. Evidence collected,Unknown,0
2022-06-12 13:30:00,13,6,Cyber Crime,Suburb A,28.630509508509657,77.20122507701286,phishing incident reported. CCTV available,Unknown,0
2022-11-10 05:29:00,5,3,Burglary,Downtown,28.624574663253348,77.20582494823337,window incident reported. No leads yet,Female,0
2023-02-13 15:53:00,15,0,Robbery,Westside,28.61930095047036,77.18987181016975,demanded incident reported. No leads yet,Unknown,0
2023-11-26 12:19:00,12,6,Theft,Eastside,28.6153201574939,77.15914773381833,pickpocket incident reported. CCTV available,Unknown,0
2023-08-15 12:37:00,12,1,Theft,Southside,28.610785064030633,77.18182544593809,missing incident reported. Witness present,Unknown,0
2023-08-05 04:08:00,4,5,Cyber Crime,Downtown,28.633999908609116,77.22195678921274,phishing incident reported. CCTV available,Male,0
2023-04-15 12:10:00,12,5,Kidnapping,Downtown,28.621677849699434,77.234350103786,missing child incident reported. CCTV available,Unknown,0
2022-11-11 02:11:00,2,4,Robbery,Eastside,28.59808472465292,77.23812271996526,threat incident reported. Witness present,Female,1
2023-12-03 17:54:00,17,6,Cyber Crime,Downtown,28.629436526071007,77.2050574118797,hacked incident reported. No leads yet,Female,0
2023-07-18 21:25:00,21,1,Robbery,Industrial Area,28.632827002453052,77.19056177479314,forcibly incident reported. Witness present,Unknown,0
2022-04-09 12:08:00,12,5,Cyber Crime,Southside,28.600158097307872,77.19885683794601,ransomware incident reported. No leads yet,Female,0
2023-09-04 12:34:00,12,0,Assault,Suburb A,28.6050837048656,77.19139070595399,beaten incident reported. Evidence collected,Female,1
2022-08-16 19:11:00,19,1,Robbery,Suburb A,28.634284717784922,77.20468575999384,gun incident reported. No leads yet,Female,1
2022-03-21 20:14:00,20,0,Burglary,Industrial Area,28.619775082805948,77.1994941438931,forced incident reported. No leads yet,Male,1
2022-04-06 10:24:00,10,2,Burglary,Suburb B,28.583556611657524,77.21350095597319,window incident reported. No leads yet,Male,0
2022-02-05 08:26:00,8,5,Burglary,Southside,28.582029083743006,77.20785609923192,broke incident reported. No leads yet,Female,0
2022-03-26 11:43:00,11,5,Assault,Suburb B,28.591094749352788,77.24212126665385,kicked incident reported. No leads yet,Male,0
2023-12-04 14:00:00,14,0,Kidnapping,Suburb B,28.62908937870291,77.21076256318786,ransom incident reported. No leads yet,Female,1
2022-09-22 23:40:00,23,3,Assault,Industrial Area,28.63496177796091,77.1948947337089,injury incident reported. CCTV available,Unknown,0
2023-07-02 11:07:00,11,6,Burglary,Suburb B,28.6229579896445,77.21233017389531,broke incident reported. Witness present,Unknown,0
2022-01-08 10:59:00,10,5,Homicide,Eastside,28.618300334688897,77.23020589166845,shot incident reported. No leads yet,Unknown,0
2022-02-19 14:18:00,14,5,Theft,Northside,28.626108201713,77.2138120610471,stole incident reported. CCTV available,Female,0
2022-09-16 13:21:00,13,4,Homicide,Downtown,28.58631854272953,77.192999228412,stabbed incident reported. CCTV available,Unknown,0
2023-03-04 00:28:00,0,5,Cyber Crime,Westside,28.611854851106738,77.21055620623795,hacked incident reported. CCTV available,Unknown,1
2022-02-07 17:47:00,17,0,Fraud,Eastside,28.595063271255437,77.24919461125964,scam incident reported. Witness present,Male,1
2022-05-29 20:31:00,20,6,Fraud,Westside,28.639173234254226,77.21903530533987,fake incident reported. No leads yet,Female,0
2022-02-11 02:20:00,2,4,Cyber Crime,Downtown,28.61510061435473,77.20546318383498,hacked incident reported. No leads yet,Male,0
2023-06-09 23:05:00,23,4,Cyber Crime,Westside,28.598034692332963,77.21029134197532,phishing incident reported. CCTV available,Female,0
2023-10-31 23:56:00,23,1,Assault,Suburb B,28.61819587566905,77.18830399040864,beaten incident reported. CCTV available,Male,0
2022-11-07 19:32:00,19,0,Robbery,Downtown,28.619469606954084,77.20641234918625,threat incident reported. No leads yet,Female,1
2022-10-09 23:44:00,23,6,Burglary,Westside,28.58210320736871,77.19466024982034,door incident reported. No leads yet,Unknown,0
2022-07-05 21:18:00,21,1,Homicide,Downtown,28.607006574442973,77.24046146095567,shot incident reported. Witness present,Female,0
2022-10-09 08:29:00,8,6,Cyber Crime,Northside,28.623175885408898,77.18674197384834,ransomware incident reported. Witness present,Male,0
2022-03-07 19:18:00,19,0,Kidnapping,Suburb B,28.62200060482363,77.18321160018436,held captive incident reported. No leads yet,Unknown,0
2023-07-26 00:21:00,0,2,Cyber Crime,Suburb A,28.63194485089812,77.2011479224697,phishing incident reported. No leads yet,Female,0
2023-05-26 06:34:00,6,4,Burglary,Suburb B,28.61233939685435,77.23109661079238,door incident reported. Evidence collected,Female,0
2023-10-09 15:35:00,15,0,Cyber Crime,Northside,28.59244727385693,77.18571469691479,ransomware incident reported. CCTV available,Male,0
2022-10-26 10:28:00,10,2,Kidnapping,Downtown,28.604173344560902,77.22630631418366,missing child incident reported. CCTV available,Male,0
2023-08-02 13:26:00,13,2,Theft,Westside,28.58857756540872,77.16179740669816,wallet incident reported. No leads yet,Unknown,0
2023-07-05 04:24:00,4,2,Assault,Northside,28.606380685693185,77.21819567999852,punched incident reported. CCTV available,Female,1
2022-07-02 05:49:00,5,5,Fraud,Suburb B,28.63390436249565,77.20128064396525,forgery incident reported. CCTV available,Female,0
2022-11-24 11:40:00,11,3,Assault,Suburb A,28.607042889881402,77.22823167890427,injury incident reported. Witness present,Unknown,0
2023-02-18 15:48:00,15,5,Kidnapping,Westside,28.58273763833841,77.20252465374695,missing child incident reported. No leads yet,Female,1
2022-10-23 00:34:00,0,6,Cyber Crime,Industrial Area,28.617073731498753,77.21648697868808,hacked incident reported. No leads yet,Unknown,0
2023-08-18 20:26:00,20,4,Fraud,Suburb B,28.605403221780154,77.20957401686177,fake incident reported. Witness present,Male,0
2023-09-17 19:32:00,19,6,Assault,Suburb B,28.57242787744312,77.19802919312777,kicked incident reported. Witness present,Male,0
2023-08-06 20:30:00,20,6,Assault,Suburb A,28.621458478542575,77.19262843276242,injury incident reported. Witness present,Male,0
2022-06-15 14:23:00,14,2,Robbery,Southside,28.614883070359827,77.21644787501339,threat incident reported. CCTV available,Female,1
2022-05-16 09:04:00,9,0,Theft,Eastside,28.60819084665237,77.21184106284994,wallet incident reported. No leads yet,Unknown,0
2022-09-05 05:29:00,5,0,Assault,Suburb A,28.59785445724526,77.20555647867174,punched incident reported. Evidence collected,Male,0
2022-02-03 21:43:00,21,3,Fraud,Industrial Area,28.624070269493156,77.21161621601614,forgery incident reported. CCTV available,Female,1
2023-07-05 03:45:00,3,2,Theft,Industrial Area,28.604124478840603,77.21273694007152,stole incident reported. CCTV available,Female,0
2023-02-12 23:49:00,23,6,Theft,Suburb A,28.625810163177277,77.1748343120237,purse incident reported. No leads yet,Female,0
2023-03-15 03:06:00,3,2,Burglary,Westside,28.6332179010826,77.20339575435531,broke incident reported. Witness present,Unknown,0
2023-01-11 13:42:00,13,2,Cyber Crime,Southside,28.62099149888734,77.22895411539409,phishing incident reported. CCTV available,Male,0
2022-04-10 10:41:00,10,6,Assault,Industrial Area,28.591038771712828,77.19717598329288,kicked incident reported. CCTV available,Unknown,0
2022-12-17 09:44:00,9,5,Kidnapping,Suburb A,28.60909085506874,77.1959374413146,ransom incident reported. Evidence collected,Female,1
2022-05-24 04:33:00,4,1,Homicide,Downtown,28.64281560959728,77.19472046510289,killed incident reported. CCTV available,Male,0
2022-10-26 09:45:00,9,2,Burglary,Westside,28.604640887008554,77.21240648386005,forced incident reported. Witness present,Female,0
2023-12-13 04:09:00,4,2,Homicide,Suburb B,28.5938641745654,77.20240532147074,dead incident reported. Witness present,Female,0
2023-08-21 09:09:00,9,0,Theft,Westside,28.619190887687505,77.20345232659363,purse incident reported. No leads yet,Female,0
2023-05-04 19:57:00,19,3,Burglary,Suburb A,28.612343552351668,77.20017779812586,door incident reported. CCTV available,Unknown,0
2023-06-20 11:24:00,11,1,Kidnapping,Southside,28.58865882818032,77.21435988685566,held captive incident reported. No leads yet,Unknown,0
2022-01-15 21:04:00,21,5,Cyber Crime,Eastside,28.643148884527456,77.2093066938464,phishing incident reported. CCTV available,Female,0
2023-09-16 23:50:00,23,5,Assault,Eastside,28.617654401954127,77.22054537925194,beaten incident reported. Evidence collected,Female,1
2023-06-21 07:47:00,7,2,Robbery,Suburb A,28.592744491724222,77.23737524430216,gun incident reported. CCTV available,Unknown,1
2023-06-04 02:17:00,2,6,Assault,Downtown,28.617272146607046,77.23619761498482,kicked incident reported. Witness present,Female,1
2022-09-20 23:11:00,23,1,Robbery,Eastside,28.601682783407934,77.23930103204263,threat incident reported. Evidence collected,Unknown,0
2023-09-16 08:35:00,8,5,Homicide,Northside,28.626819258233915,77.2182173347642,dead incident reported. Witness present,Unknown,0
2023-06-20 09:03:00,9,1,Robbery,Eastside,28.617800407572553,77.20485785636544,mugged incident reported. No leads yet,Male,0
2023-04-21 03:34:00,3,4,Theft,Suburb A,28.633908860974564,77.21133933116414,pickpocket incident reported. Evidence collected,Unknown,1
2023-03-29 02:30:00,2,2,Robbery,Northside,28.581115504940215,77.19038022563822,mugged incident reported. No leads yet,Unknown,0
2022-11-04 18:00:00,18,4,Fraud,Northside,28.61080257079679,77.21416664971943,fake incident reported. No leads yet,Unknown,0
2022-01-01 08:48:00,8,5,Fraud,Westside,28.612956858518338,77.2293161798299,cheated incident reported. No leads yet,Female,0
2023-06-11 09:41:00,9,6,Homicide,Westside,28.581381635599357,77.21139313227509,stabbed incident reported. CCTV available,Unknown,0
2023-10-03 14:07:00,14,1,Burglary,Industrial Area,28.58360034624355,77.22166187159141,door incident reported. No leads yet,Male,0
2023-05-23 05:11:00,5,1,Assault,Suburb B,28.612325688092636,77.21599349953374,injury incident reported. CCTV available,Unknown,0
2023-10-16 21:34:00,21,0,Burglary,Eastside,28.599501950656837,77.23032441552763,entered incident reported. CCTV available,Male,0
2023-05-29 09:20:00,9,0,Kidnapping,Northside,28.631262077734316,77.21872573838354,missing child incident reported. Witness present,Unknown,0
2022-11-28 05:12:00,5,0,Fraud,Southside,28.611741379218945,77.21866428808825,fake incident reported. CCTV available,Male,0
2023-06-13 15:41:00,15,1,Fraud,Westside,28.602118457200213,77.22325926098368,forgery incident reported. CCTV available,Male,0
2023-01-15 04:19:00,4,6,Cyber Crime,Suburb A,28.641391348238734,77.226843509333,ransomware incident reported. No leads yet,Unknown,0
2023-07-31 12:48:00,12,0,Fraud,Downtown,28.601739958836543,77.21502362195456,forgery incident reported. CCTV available,Female,1
2023-10-24 04:29:00,4,1,Homicide,Downtown,28.59234764093736,77.2185398385196,stabbed incident reported. CCTV available,Unknown,0
2023-01-18 00:20:00,0,2,Fraud,Suburb B,28.621410056881043,77.17783639434113,fake incident reported. Witness present,Female,0
2023-09-25 16:28:00,16,0,Homicide,Northside,28.594536935934794,77.2042810183876,stabbed incident reported. No leads yet,Male,0
2023-08-31 15:02:00,15,3,Fraud,Industrial Area,28.608885670880987,77.18884205107635,forgery incident reported. Evidence collected,Male,0
2022-04-14 01:40:00,1,3,Cyber Crime,Westside,28.620382978822537,77.21319122681568,ransomware incident reported. Evidence collected,Unknown,0
2023-04-29 04:56:00,4,5,Assault,Suburb A,28.61066218113369,77.19640347499737,kicked incident reported. Witness present,Unknown,0
2023-08-27 09:36:00,9,6,Robbery,Northside,28.631378452106944,77.23659011855148,mugged incident reported. CCTV available,Female,1
2023-07-25 16:52:00,16,1,Homicide,Downtown,28.60584064193589,77.19879721804742,dead incident reported. CCTV available,Male,0
2023-01-05 14:47:00,14,3,Robbery,Southside,28.622086794423534,77.20303284367088,forcibly incident reported. CCTV available,Female,1
2022-12-08 06:43:00,6,3,Homicide,Westside,28.61157671332228,77.22132755252875,dead incident reported. Witness present,Unknown,0
2022-05-03 20:26:00,20,1,Fraud,Suburb B,28.582077398541546,77.23097170541422,scam incident reported. CCTV available,Female,0
2022-01-17 18:27:00,18,0,Theft,Suburb A,28.615111342072158,77.20214178092397,purse incident reported. CCTV available,Unknown,0
2023-10-12 02:47:00,2,3,Assault,Northside,28.61241276409631,77.20837382258368,beaten incident reported. Witness present,Unknown,0
2023-06-10 02:36:00,2,5,Kidnapping,Eastside,28.585046644942587,77.23391563712423,held captive incident reported. CCTV available,Male,0
2023-04-22 14:56:00,14,5,Burglary,Suburb A,28.614588760537846,77.2163833688408,door incident reported. CCTV available,Male,0
2023-04-10 16:49:00,16,0,Fraud,Downtown,28.629759162842902,77.19198062570733,scam incident reported. No leads yet,Female,0
2022-01-20 00:14:00,0,3,Cyber Crime,Suburb B,28.621791198317254,77.20453931515169,phishing incident reported. CCTV available,Male,0
2023-06-30 14:41:00,14,4,Robbery,Suburb A,28.628012846253608,77.17354620966081,threat incident reported. Witness present,Unknown,0
2022-06-01 06:19:00,6,2,Burglary,Northside,28.612248428329313,77.19895298907026,broke incident reported. Witness present,Male,0
2023-07-08 11:04:00,11,5,Cyber Crime,Suburb A,28.62110438251057,77.21683406978947,phishing incident reported. CCTV available,Male,0
2022-06-17 13:17:00,13,4,Robbery,Eastside,28.6021062350863,77.19713043559707,forcibly incident reported. Evidence collected,Female,1
2023-01-20 00:28:00,0,4,Robbery,Suburb B,28.612055577190713,77.19405596287808,forcibly incident reported. Witness present,Male,0
2022-07-30 12:37:00,12,5,Assault,Northside,28.62793306159087,77.20284654665922,beaten incident reported. Evidence collected,Male,0
2022-06-16 06:07:00,6,3,Kidnapping,Suburb A,28.56545019634464,77.20275296572298,held captive incident reported. Witness present,Unknown,0
2022-08-04 02:51:00,2,3,Cyber Crime,Industrial Area,28.596590936319267,77.18181206974232,identity theft incident reported. Evidence collected,Female,0
2022-01-08 12:51:00,12,5,Fraud,Suburb B,28.593276222696293,77.21082347453056,cheated incident reported. Evidence collected,Male,0
2023-03-21 20:19:00,20,1,Robbery,Northside,28.63604401380414,77.21421974123109,forcibly incident reported. No leads yet,Unknown,0
2022-01-17 08:46:00,8,0,Cyber Crime,Downtown,28.603791610196406,77.21659840325285,phishing incident reported. Evidence collected,Male,0
2022-05-12 16:09:00,16,3,Burglary,Industrial Area,28.606248494829686,77.19742332718062,entered incident reported. CCTV available,Male,1
2023-01-16 19:26:00,19,0,Burglary,Suburb B,28.594660622196116,77.1798028532208,door incident reported. Witness present,Male,0
2023-11-16 05:23:00,5,3,Assault,Southside,28.607401271557343,77.21163422483201,attack incident reported. No leads yet,Male,0
2023-10-03 11:58:00,11,1,Homicide,Suburb A,28.612289605499754,77.20206721786755,stabbed incident reported. Evidence collected,Male,0
2023-04-27 01:47:00,1,3,Burglary,Suburb B,28.598137565655055,77.21913743652809,door incident reported. Witness present,Male,0
2022-06-11 03:00:00,3,5,Cyber Crime,Eastside,28.591947801334225,77.22193379856407,hacked incident reported. Evidence collected,Male,0
2023-05-03 14:26:00,14,2,Kidnapping,Southside,28.597196383017888,77.19645941271078,abducted incident reported. CCTV available,Unknown,0
2023-05-03 15:57:00,15,2,Homicide,Southside,28.589453580156405,77.2006432975519,stabbed incident reported. Evidence collected,Female,0
2023-05-05 15:47:00,15,4,Robbery,Southside,28.6301552076413,77.21759380147407,threat incident reported. Witness present,Male,0
2023-11-07 02:47:00,2,1,Assault,Suburb B,28.630207035200467,77.21770237576557,punched incident reported. Witness present,Female,1
2022-08-20 08:11:00,8,5,Homicide,Suburb A,28.59550550285783,77.20348684626121,killed incident reported. CCTV available,Unknown,0
2022-05-15 10:27:00,10,6,Cyber Crime,Southside,28.600896681181375,77.23117624840066,hacked incident reported. No leads yet,Unknown,0
2023-10-10 01:50:00,1,1,Robbery,Southside,28.593953522559563,77.22389496148982,gun incident reported. Witness present,Male,0
2022-06-15 12:20:00,12,2,Theft,Industrial Area,28.628782564501815,77.23949367002861,wallet incident reported. No leads yet,Female,0
2023-04-08 06:29:00,6,5,Homicide,Industrial Area,28.607071890122842,77.22087203599301,killed incident reported. CCTV available,Male,0
2022-12-12 05:16:00,5,0,Cyber Crime,Industrial Area,28.651927530608983,77.1987059720511,hacked incident reported. CCTV available,Unknown,0
2023-06-16 08:04:00,8,4,Cyber Crime,Suburb B,28.58831599587446,77.17766649943488,phishing incident reported. Evidence collected,Unknown,1
2022-08-21 14:53:00,14,6,Assault,Northside,28.625778533814355,77.17761416319902,kicked incident reported. CCTV available,Unknown,0
2022-11-11 14:27:00,14,4,Assault,Southside,28.607694682451037,77.21628855311732,beaten incident reported. Witness present,Female,1
2022-05-26 21:14:00,21,3,Theft,Eastside,28.616986258947165,77.2160907477364,purse incident reported. Witness present,Unknown,0
2023-07-31 16:33:00,16,0,Theft,Suburb A,28.617604830930016,77.2303144302219,purse incident reported. Witness present,Unknown,0
2023-01-19 05:06:00,5,3,Burglary,Eastside,28.59802806032102,77.19771674769235,door incident reported. No leads yet,Unknown,0
2022-07-27 08:03:00,8,2,Fraud,Westside,28.60102234257882,77.22283653019771,forgery incident reported. No leads yet,Female,0
2023-04-25 10:08:00,10,1,Homicide,Downtown,28.628906643139917,77.21652042198865,killed incident reported. CCTV available,Male,0
2022-08-02 23:39:00,23,1,Assault,Downtown,28.633624894448168,77.18936598554373,injury incident reported. Witness present,Female,1
2022-09-06 12:50:00,12,1,Burglary,Suburb B,28.641687068525854,77.23438731036187,entered incident reported. CCTV available,Female,0
2022-03-14 07:17:00,7,0,Burglary,Suburb B,28.626160366620763,77.23869664847952,door incident reported. Witness present,Male,0
2022-07-30 14:09:00,14,5,Homicide,Suburb A,28.58628961320537,77.20025919772895,killed incident reported. CCTV available,Male,0
2023-06-21 03:49:00,3,2,Kidnapping,Eastside,28.60164494232197,77.22102465539596,abducted incident reported. No leads yet,Unknown,0
2022-06-07 02:56:00,2,1,Cyber Crime,Westside,28.596397654339967,77.22162491915563,ransomware incident reported. Evidence collected,Male,0
2023-10-04 14:27:00,14,2,Burglary,Industrial Area,28.636742269066612,77.2205867150014,broke incident reported. Evidence collected,Female,0
2023-09-10 19:55:00,19,6,Cyber Crime,Eastside,28.61862918372769,77.19253544431832,identity theft incident reported. No leads yet,Unknown,0
2022-02-28 20:06:00,20,0,Homicide,Westside,28.599785817231243,77.22982698175495,stabbed incident reported. No leads yet,Female,0
2023-11-14 08:22:00,8,1,Assault,Downtown,28.62688915006509,77.20834967467704,injury incident reported. Witness present,Male,0
2023-08-23 15:14:00,15,2,Fraud,Westside,28.606934840903904,77.17523653544815,forgery incident reported. No leads yet,Male,0
2023-09-14 16:55:00,16,3,Fraud,Downtown,28.596052459688593,77.24085698478567,scam incident reported. Evidence collected,Unknown,0
2022-05-01 07:23:00,7,6,Fraud,Suburb B,28.592559073816627,77.21215799702036,cheated incident reported. No leads yet,Unknown,0
2023-04-17 18:55:00,18,0,Theft,Suburb B,28.63069073288659,77.18808462219997,pickpocket incident reported. Evidence collected,Unknown,0
2022-08-10 18:11:00,18,2,Theft,Suburb A,28.616978507913018,77.22463192562518,pickpocket incident reported. Evidence collected,Male,0
2023-04-13 08:22:00,8,3,Cyber Crime,Suburb A,28.61410832203179,77.25680671759444,hacked incident reported. CCTV available,Male,0
2023-04-15 22:40:00,22,5,Homicide,Southside,28.58609001235203,77.22664547549807,killed incident reported. CCTV available,Male,0
2023-02-15 11:49:00,11,2,Burglary,Industrial Area,28.611019971043394,77.22186533591395,door incident reported. Witness present,Male,0
2022-11-21 09:06:00,9,0,Assault,Suburb B,28.621255119194988,77.19678073004818,kicked incident reported. No leads yet,Female,1
2022-07-27 08:54:00,8,2,Kidnapping,Suburb A,28.61771660654099,77.17803497581004,ransom incident reported. Witness present,Female,1
2022-06-22 10:01:00,10,2,Assault,Eastside,28.623954125009526,77.21396930776652,beaten incident reported. CCTV available,Unknown,0
2023-07-28 17:11:00,17,4,Fraud,Northside,28.62454433614405,77.22663530541813,forgery incident reported. CCTV available,Male,1
2022-05-30 22:21:00,22,0,Cyber Crime,Suburb B,28.62002699733683,77.21146815699665,hacked incident reported. CCTV available,Male,0
2023-09-21 18:05:00,18,3,Cyber Crime,Eastside,28.59921552772231,77.19712965393919,phishing incident reported. Witness present,Female,0
2023-11-15 08:01:00,8,2,Kidnapping,Eastside,28.63367891033629,77.23293892342843,missing child incident reported. Witness present,Unknown,0
2023-03-27 20:51:00,20,0,Robbery,Southside,28.609931492728133,77.20976671245423,gun incident reported. No leads yet,Male,0
2023-03-26 13:35:00,13,6,Robbery,Suburb B,28.598823093750106,77.22854594742113,mugged incident reported. No leads yet,Male,0
2023-10-05 18:56:00,18,3,Fraud,Westside,28.624990280394865,77.24135362394107,cheated incident reported. CCTV available,Unknown,0
2023-03-18 11:23:00,11,5,Robbery,Suburb A,28.599261282047006,77.2026998683497,threat incident reported. CCTV available,Unknown,0
2023-12-21 07:50:00,7,3,Burglary,Northside,28.617757432042094,77.21977482562876,door incident reported. CCTV available,Unknown,0
2022-04-18 19:14:00,19,0,Cyber Crime,Eastside,28.610305539374206,77.19445064849243,hacked incident reported. No leads yet,Female,0
2023-09-26 14:31:00,14,1,Fraud,Northside,28.62859012548206,77.22101892270909,forgery incident reported. Evidence collected,Male,1
2022-12-22 15:55:00,15,3,Burglary,Northside,28.598628764990604,77.23159071335176,forced incident reported. CCTV available,Unknown,0
2022-01-29 22:38:00,22,5,Kidnapping,Suburb B,28.633403311819944,77.21123827495413,missing child incident reported. No leads yet,Unknown,0
2022-08-09 21:28:00,21,1,Homicide,Westside,28.6152266310396,77.21823429618527,killed incident reported. No leads yet,Female,0
2022-05-28 17:43:00,17,5,Cyber Crime,Downtown,28.599538282162396,77.20950052465274,ransomware incident reported. Evidence collected,Unknown,1
2022-03-14 19:04:00,19,0,Fraud,Southside,28.57802694092318,77.22360759409172,fake incident reported. Witness present,Unknown,0
2022-01-31 20:59:00,20,0,Kidnapping,Northside,28.587875112959303,77.23405699714048,held captive incident reported. No leads yet,Female,1
2023-02-22 12:44:00,12,2,Kidnapping,Southside,28.608397998433894,77.20547221696782,ransom incident reported. CCTV available,Female,1
2022-07-01 22:27:00,22,4,Homicide,Industrial Area,28.603437768231927,77.2041993521013,shot incident reported. Witness present,Male,0
2022-08-21 11:41:00,11,6,Assault,Suburb A,28.637542189085803,77.16753652239109,beaten incident reported. CCTV available,Female,1
2022-01-21 19:03:00,19,4,Theft,Suburb A,28.635182756434805,77.21463372468503,purse incident reported. Evidence collected,Male,0
2022-01-05 10:24:00,10,2,Homicide,Downtown,28.593782972535713,77.19107812678251,dead incident reported. Witness present,Unknown,0
2022-07-13 20:39:00,20,2,Kidnapping,Southside,28.641839883786805,77.19324155200096,ransom incident reported. Evidence collected,Unknown,0
2023-12-01 04:38:00,4,4,Cyber Crime,Southside,28.594677491490067,77.22795524237274,phishing incident reported. Witness present,Female,0
2023-04-01 00:39:00,0,5,Theft,Northside,28.6195425479381,77.19336790705773,stole incident reported. CCTV available,Female,0
2023-12-01 05:37:00,5,4,Burglary,Northside,28.617510416256746,77.19190412193933,entered incident reported. CCTV available,Female,0
2023-04-11 21:35:00,21,1,Fraud,Industrial Area,28.632247023307045,77.22668951608122,scam incident reported. CCTV available,Male,0
2022-09-10 11:09:00,11,5,Robbery,Industrial Area,28.622766769980366,77.21502768435413,gun incident reported. CCTV available,Male,0
2022-03-02 15:51:00,15,2,Assault,Northside,28.643253135414458,77.20899477212313,beaten incident reported. No leads yet,Unknown,0
2023-07-14 20:12:00,20,4,Homicide,Suburb A,28.594202097909655,77.21649123188054,murder incident reported. CCTV available,Male,0
2023-10-04 13:25:00,13,2,Fraud,Suburb B,28.64866745082562,77.19208734178024,forgery incident reported. Evidence collected,Male,0
2022-11-26 17:30:00,17,5,Fraud,Westside,28.607875620555102,77.21594076730169,cheated incident reported. Evidence collected,Female,0
2023-06-25 01:12:00,1,6,Assault,Westside,28.613001585849904,77.19262827366038,beaten incident reported. Witness present,Unknown,0
2023-10-19 10:47:00,10,3,Theft,Downtown,28.632597630937177,77.24766734536696,pickpocket incident reported. Witness present,Male,0
2022-12-27 17:03:00,17,1,Fraud,Southside,28.617168857650398,77.19393219517107,scam incident reported. Witness present,Unknown,0
2022-04-12 14:11:00,14,1,Robbery,Suburb A,28.58808399124911,77.21329959968702,forcibly incident reported. Witness present,Male,0
2023-08-08 20:39:00,20,1,Theft,Downtown,28.63229795572194,77.2169194624416,stole incident reported. CCTV available,Female,0
2022-01-05 07:42:00,7,2,Cyber Crime,Southside,28.613859935984685,77.19917880580351,ransomware incident reported. No leads yet,Female,0
2022-02-15 04:09:00,4,1,Robbery,Westside,28.595697272788033,77.22291252210542,demanded incident reported. Witness present,Female,1
2023-11-01 23:58:00,23,2,Homicide,Suburb B,28.629129527023093,77.1832378368885,shot incident reported. No leads yet,Unknown,1
2022-10-12 06:52:00,6,2,Kidnapping,Westside,28.640397316303012,77.21856785368156,held captive incident reported. Evidence collected,Unknown,1
2023-12-14 14:08:00,14,3,Robbery,Northside,28.6372265774191,77.18663120419191,threat incident reported. No leads yet,Unknown,0
2022-03-10 05:34:00,5,3,Cyber Crime,Southside,28.59113626407641,77.20651717817054,identity theft incident reported. CCTV available,Unknown,0
2023-07-04 09:18:00,9,1,Homicide,Northside,28.622279740448253,77.23893934704878,murder incident reported. Evidence collected,Male,0
2023-07-23 15:12:00,15,6,Burglary,Downtown,28.62566798189692,77.20495531205313,broke incident reported. Witness present,Female,0
2022-02-08 12:11:00,12,1,Assault,Northside,28.5967938465389,77.22950000954532,attack incident reported. No leads yet,Male,0
2022-05-27 14:38:00,14,4,Theft,Eastside,28.59782157623749,77.23614114257954,stole incident reported. Evidence collected,Male,0
2022-06-06 10:55:00,10,0,Homicide,Southside,28.609160255839893,77.2355097012103,dead incident reported. No leads yet,Female,0
2023-01-25 04:18:00,4,2,Assault,Eastside,28.62521552150099,77.20671674184263,attack incident reported. No leads yet,Male,0
2022-01-26 14:04:00,14,2,Robbery,Westside,28.605243393802898,77.20331820204423,mugged incident reported. CCTV available,Unknown,0
2022-02-28 03:43:00,3,0,Assault,Suburb B,28.62103861153959,77.21028594160363,beaten incident reported. Witness present,Unknown,0
2022-11-26 11:02:00,11,5,Burglary,Northside,28.604003143198856,77.20623947649472,window incident reported. Evidence collected,Unknown,0
2023-07-31 01:52:00,1,0,Fraud,Northside,28.615209617161987,77.17352109842642,scam incident reported. Evidence collected,Male,0
2022-01-21 20:52:00,20,4,Kidnapping,Suburb B,28.62153613524648,77.19267131292139,held captive incident reported. No leads yet,Female,1
2022-09-01 21:31:00,21,3,Homicide,Suburb A,28.594677793279907,77.18087759421482,murder incident reported. No leads yet,Unknown,0
2023-07-04 11:14:00,11,1,Burglary,Westside,28.584001791702203,77.18640920828146,window incident reported. CCTV available,Unknown,0
2022-06-14 11:47:00,11,1,Theft,Suburb B,28.602082984039495,77.24155431895878,pickpocket incident reported. No leads yet,Female,0
2023-12-29 17:54:00,17,4,Robbery,Suburb B,28.60513533873508,77.21196250177114,demanded incident reported. Witness present,Male,0
2023-02-20 13:56:00,13,0,Fraud,Industrial Area,28.620574689775108,77.21118441977026,forgery incident reported. No leads yet,Unknown,0
2023-01-08 10:20:00,10,6,Fraud,Southside,28.612609275654567,77.18907843727335,fake incident reported. Witness present,Unknown,0
2023-12-31 06:36:00,6,6,Robbery,Suburb A,28.638082125804655,77.23911994406063,forcibly incident reported. CCTV available,Female,1
2023-10-22 09:13:00,9,6,Fraud,Southside,28.58585568843129,77.19193285681857,forgery incident reported. CCTV available,Female,0
2023-10-01 13:03:00,13,6,Robbery,Eastside,28.609236494293718,77.19292437008484,threat incident reported. No leads yet,Female,1
2023-06-14 13:11:00,13,2,Kidnapping,Downtown,28.622332759224264,77.1968621299599,missing child incident reported. CCTV available,Unknown,0
2023-11-28 18:49:00,18,1,Burglary,Suburb B,28.64998426779678,77.2288424765724,entered incident reported. Witness present,Unknown,0
2023-02-26 10:29:00,10,6,Robbery,Southside,28.61744290051054,77.226116437722,mugged incident reported. Evidence collected,Female,1
2023-11-24 03:50:00,3,4,Assault,Northside,28.63233167373929,77.19960087519904,punched incident reported. CCTV available,Male,1
2022-04-03 10:59:00,10,6,Cyber Crime,Eastside,28.600296379257635,77.21030238438283,phishing incident reported. CCTV available,Unknown,0
2022-03-09 11:39:00,11,2,Cyber Crime,Industrial Area,28.628260602074967,77.21131767331089,phishing incident reported. CCTV available,Female,0
2022-11-07 03:51:00,3,0,Burglary,Southside,28.58761672529682,77.19561959260082,door incident reported. No leads yet,Male,0
2022-06-12 17:35:00,17,6,Kidnapping,Westside,28.612667118940095,77.20773890659457,missing child incident reported. Evidence collected,Unknown,0
2023-11-11 04:58:00,4,5,Kidnapping,Northside,28.6467757029465,77.18590020096002,held captive incident reported. No leads yet,Male,0
2023-01-24 15:10:00,15,1,Theft,Suburb A,28.62232648736393,77.23381855180547,wallet incident reported. No leads yet,Female,0
2022-01-21 15:42:00,15,4,Cyber Crime,Suburb A,28.651757495757046,77.20226004294693,hacked incident reported. Witness present,Male,0
2022-05-19 19:19:00,19,3,Fraud,Southside,28.62209049087867,77.21849600595331,fake incident reported. CCTV available,Male,0
2022-10-27 22:50:00,22,3,Assault,Suburb A,28.617158028859222,77.20735257997934,injury incident reported. Evidence collected,Unknown,0
2023-09-29 18:26:00,18,4,Burglary,Suburb A,28.62116625649167,77.16679589857968,forced incident reported. Evidence collected,Female,0
2023-05-17 10:57:00,10,2,Burglary,Downtown,28.625267824834378,77.21110296506103,forced incident reported. CCTV available,Unknown,0
2023-04-05 13:21:00,13,2,Theft,Westside,28.610192085053697,77.24311436992866,pickpocket incident reported. Evidence collected,Unknown,0
2022-12-07 17:02:00,17,2,Burglary,Downtown,28.602651099686824,77.20228206684892,forced incident reported. No leads yet,Unknown,0
2022-07-24 15:24:00,15,6,Fraud,Downtown,28.647092555036746,77.19513231158584,forgery incident reported. CCTV available,Unknown,0
2023-01-11 16:54:00,16,2,Fraud,Suburb B,28.604731411951057,77.20654957627616,cheated incident reported. CCTV available,Unknown,0
2023-07-20 06:31:00,6,3,Homicide,Westside,28.627912241368826,77.21246337512255,dead incident reported. CCTV available,Male,0
2023-06-06 03:01:00,3,1,Burglary,Northside,28.59235624421413,77.20013052394788,forced incident reported. Evidence collected,Male,1
2022-06-07 18:51:00,18,1,Robbery,Northside,28.60377742611313,77.20771298257962,gun incident reported. CCTV available,Male,1
2023-09-25 02:09:00,2,0,Kidnapping,Suburb A,28.6209973943105,77.21597009593147,abducted incident reported. Evidence collected,Unknown,0
2023-12-23 04:12:00,4,5,Assault,Southside,28.584299804099196,77.22673234979268,punched incident reported. Evidence collected,Male,0
2023-03-20 21:14:00,21,0,Robbery,Downtown,28.618109480766613,77.23207553412657,demanded incident reported. Witness present,Unknown,1
2023-05-03 06:45:00,6,2,Kidnapping,Southside,28.621303305454845,77.22735538262893,abducted incident reported. No leads yet,Female,1
2022-07-09 16:00:00,16,5,Assault,Southside,28.621675755190836,77.23143709593671,beaten incident reported. Witness present,Male,0
2023-12-18 03:44:00,3,0,Assault,Eastside,28.622604177266965,77.20736807922596,kicked incident reported. Witness present,Male,0
2023-02-09 20:53:00,20,3,Homicide,Suburb B,28.65177391200745,77.22381728537134,murder incident reported. No leads yet,Unknown,0
2022-09-14 11:47:00,11,2,Robbery,Downtown,28.623462407016742,77.18772825972437,demanded incident reported. CCTV available,Unknown,0
2022-06-15 02:03:00,2,2,Assault,Industrial Area,28.592428206375608,77.21387859136904,punched incident reported. No leads yet,Female,1
2022-03-23 21:48:00,21,2,Kidnapping,Downtown,28.616325353296137,77.19876462391653,ransom incident reported. CCTV available,Unknown,0
2023-12-16 21:38:00,21,5,Assault,Westside,28.616249711660203,77.23547711546739,injury incident reported. CCTV available,Unknown,0
2023-05-07 11:31:00,11,6,Homicide,Industrial Area,28.625490041242507,77.18998319150413,murder incident reported. Witness present,Female,0
2023-08-25 05:02:00,5,4,Cyber Crime,Suburb B,28.612041519547617,77.19558389198579,ransomware incident reported. No leads yet,Female,0
2023-04-20 14:28:00,14,3,Burglary,Southside,28.607438334726524,77.20210640557285,window incident reported. Evidence collected,Unknown,0
2022-05-23 10:24:00,10,0,Burglary,Suburb B,28.605939240289935,77.18808107713377,entered incident reported. Witness present,Female,1
2023-08-31 05:13:00,5,3,Assault,Downtown,28.6117724219747,77.19965653938588,attack incident reported. CCTV available,Female,1
2022-07-22 00:31:00,0,4,Fraud,Southside,28.56507585516663,77.24321620040837,cheated incident reported. Witness present,Female,0
2022-07-14 15:38:00,15,3,Kidnapping,Suburb B,28.632046160903613,77.20272832125126,missing child incident reported. No leads yet,Female,1
2023-11-13 01:22:00,1,0,Assault,Northside,28.61421365082901,77.18947242754471,beaten incident reported. CCTV available,Female,1
2022-05-25 07:33:00,7,2,Kidnapping,Eastside,28.642162047963517,77.24062147824623,ransom incident reported. Witness present,Female,1
2022-12-13 20:19:00,20,1,Fraud,Northside,28.616511562137443,77.22605884406975,cheated incident reported. CCTV available,Unknown,0
2023-01-18 22:55:00,22,2,Burglary,Suburb A,28.616821446315566,77.18672124268541,broke incident reported. Evidence collected,Unknown,0
2023-04-03 11:26:00,11,0,Robbery,Eastside,28.60703627718394,77.21119879944621,demanded incident reported. No leads yet,Female,1
2022-10-15 17:21:00,17,5,Cyber Crime,Eastside,28.60632420468761,77.20535577870942,phishing incident reported. Witness present,Male,0
2022-09-13 15:36:00,15,1,Kidnapping,Downtown,28.612376674041517,77.20765202503559,abducted incident reported. No leads yet,Female,1
2022-06-01 19:20:00,19,2,Assault,Industrial Area,28.614770974841626,77.1913232488934,attack incident reported. Evidence collected,Female,1
2023-04-06 12:49:00,12,3,Robbery,Westside,28.601949730847867,77.18759026223833,gun incident reported. No leads yet,Unknown,0
2022-09-10 07:40:00,7,5,Theft,Suburb A,28.630196925828105,77.17390588430267,pickpocket incident reported. Witness present,Female,0
2022-10-07 10:31:00,10,4,Cyber Crime,Eastside,28.63312650572195,77.23210582328771,hacked incident reported. CCTV available,Unknown,0
2022-03-04 23:56:00,23,4,Robbery,Westside,28.608863656883624,77.16561438186955,forcibly incident reported. Evidence collected,Male,0
2022-11-02 08:13:00,8,2,Burglary,Westside,28.607878157300547,77.20793026397853,window incident reported. Evidence collected,Male,1
2023-01-13 14:49:00,14,4,Burglary,Industrial Area,28.59705669633452,77.20041302676987,entered incident reported. No leads yet,Unknown,0
2022-11-18 03:59:00,3,4,Homicide,Industrial Area,28.63940325331439,77.2200821193717,killed incident reported. No leads yet,Female,0
2022-10-19 05:37:00,5,2,Burglary,Suburb A,28.5984905980937,77.18237334717341,forced incident reported. No leads yet,Male,0
2023-01-13 04:20:00,4,4,Fraud,Downtown,28.608449711373172,77.20544238701083,cheated incident reported. No leads yet,Unknown,0
2022-07-02 10:39:00,10,5,Theft,Westside,28.622169986456058,77.20007805479054,purse incident reported. Evidence collected,Female,0
2023-06-08 01:46:00,1,3,Burglary,Industrial Area,28.6224249929227,77.24125256733434,entered incident reported. Witness present,Male,0
2022-04-15 16:10:00,16,4,Robbery,Northside,28.627491683707404,77.20819852487783,demanded incident reported. Evidence collected,Female,1
2023-02-27 10:48:00,10,0,Assault,Industrial Area,28.610847492149112,77.20305544776367,beaten incident reported. No leads yet,Female,1
2023-10-20 12:44:00,12,4,Burglary,Northside,28.63357734854087,77.19854477590081,broke incident reported. CCTV available,Male,0
2022-08-21 07:03:00,7,6,Theft,Downtown,28.61465371181667,77.20985329836469,wallet incident reported. No leads yet,Unknown,0
2022-02-13 01:14:00,1,6,Robbery,Southside,28.605536930119808,77.18612557420194,demanded incident reported. No leads yet,Male,0
2023-10-12 21:25:00,21,3,Theft,Westside,28.61928290839363,77.20798326713575,pickpocket incident reported. Evidence collected,Female,1
2022-02-11 06:37:00,6,4,Theft,Eastside,28.622237341157277,77.20010666155935,stole incident reported. CCTV available,Male,0
2023-12-20 02:37:00,2,2,Cyber Crime,Southside,28.634247021646885,77.19438710364648,hacked incident reported. CCTV available,Female,0
2022-09-30 17:23:00,17,4,Fraud,Southside,28.642434004733634,77.1798727248362,cheated incident reported. CCTV available,Male,0
2022-07-20 10:57:00,10,2,Homicide,Suburb B,28.621146167742616,77.21692384470877,shot incident reported. Evidence collected,Male,0
2023-04-02 19:41:00,19,6,Fraud,Eastside,28.60064071553432,77.21607323229769,forgery incident reported. Evidence collected,Male,0
2022-07-30 06:48:00,6,5,Homicide,Eastside,28.63522531116267,77.1720530193441,stabbed incident reported. No leads yet,Unknown,0
2022-02-25 20:40:00,20,4,Robbery,Westside,28.622279080124848,77.16744548632784,demanded incident reported. Evidence collected,Male,0
2022-08-10 05:55:00,5,2,Cyber Crime,Eastside,28.597805586607947,77.23615277274835,identity theft incident reported. CCTV available,Female,0
2023-04-14 12:38:00,12,4,Burglary,Industrial Area,28.6042036327768,77.18943533392653,forced incident reported. Witness present,Female,0
2022-03-21 19:06:00,19,0,Theft,Downtown,28.610601037850255,77.24346510563606,stole incident reported. CCTV available,Unknown,1
2022-01-01 09:28:00,9,5,Fraud,Southside,28.58337196254657,77.19147816813934,fake incident reported. Witness present,Male,1
2023-03-10 23:56:00,23,4,Cyber Crime,Northside,28.638857194719662,77.23996170572563,hacked incident reported. CCTV available,Female,0
2022-02-05 03:19:00,3,5,Burglary,Westside,28.61217614626183,77.18834912162455,entered incident reported. Evidence collected,Female,0
2023-10-14 23:43:00,23,5,Theft,Industrial Area,28.648830725030155,77.23557403986248,stole incident reported. Witness present,Male,1
2023-04-12 18:44:00,18,2,Homicide,Westside,28.62521578312937,77.19545996085104,shot incident reported. Evidence collected,Male,0
2023-12-10 04:13:00,4,6,Assault,Suburb B,28.61308284431937,77.20632733198259,punched incident reported. No leads yet,Unknown,0
2023-03-19 14:26:00,14,6,Burglary,Downtown,28.61941418841026,77.2331833573022,broke incident reported. CCTV available,Unknown,0
2023-12-28 09:46:00,9,3,Kidnapping,Eastside,28.628556950685624,77.19104373205026,ransom incident reported. Witness present,Female,1
2022-08-29 22:28:00,22,0,Theft,Downtown,28.636841607500326,77.21421886900022,pickpocket incident reported. No leads yet,Unknown,0
2022-08-26 22:54:00,22,4,Theft,Westside,28.62535109659765,77.23344234765464,missing incident reported. No leads yet,Female,1
2023-04-29 17:10:00,17,5,Cyber Crime,Suburb A,28.59537366250811,77.20840290702156,phishing incident reported. CCTV available,Unknown,0
2023-10-17 11:26:00,11,1,Burglary,Suburb B,28.605042424144013,77.18286900957725,forced incident reported. CCTV available,Female,0
2022-06-01 21:48:00,21,2,Kidnapping,Suburb B,28.61967849962675,77.25085927585974,abducted incident reported. CCTV available,Female,1
2022-05-21 10:59:00,10,5,Cyber Crime,Industrial Area,28.58323203759157,77.20846198981585,phishing incident reported. Evidence collected,Female,0
2022-12-18 16:58:00,16,6,Burglary,Suburb A,28.62457571558458,77.21105130336095,entered incident reported. Witness present,Unknown,0
2022-07-30 22:25:00,22,5,Assault,Suburb B,28.612014532458073,77.18734639394258,beaten incident reported. Evidence collected,Male,0
2023-06-17 03:36:00,3,5,Theft,Westside,28.617779779049005,77.19638726704974,wallet incident reported. Witness present,Unknown,0
2023-12-02 22:50:00,22,5,Cyber Crime,Industrial Area,28.577401304917025,77.2289098703419,ransomware incident reported. No leads yet,Male,0
2023-06-20 21:52:00,21,1,Fraud,Eastside,28.62987309699737,77.20986101628085,forgery incident reported. Evidence collected,Unknown,0
2022-08-20 20:41:00,20,5,Kidnapping,Southside,28.617717911470095,77.22690530021193,missing child incident reported. Evidence collected,Unknown,0
2023-06-01 03:31:00,3,3,Burglary,Northside,28.617638994279634,77.22406695924603,entered incident reported. No leads yet,Unknown,0
2022-11-07 06:34:00,6,0,Assault,Eastside,28.60894196331877,77.2308663956429,attack incident reported. Evidence collected,Male,1
2022-08-01 05:52:00,5,0,Assault,Northside,28.619246428765546,77.2122341990601,punched incident reported. No leads yet,Female,1
2023-01-02 21:25:00,21,0,Theft,Westside,28.592732315188133,77.2137825975717,wallet incident reported. CCTV available,Female,0
2023-03-15 19:37:00,19,2,Kidnapping,Downtown,28.600034084708426,77.19836195455787,abducted incident reported. No leads yet,Unknown,0
2022-11-24 11:01:00,11,3,Homicide,Industrial Area,28.600310406194733,77.19122941780168,dead incident reported. No leads yet,Female,0
2023-12-07 18:39:00,18,3,Cyber Crime,Industrial Area,28.64931285671695,77.23118898436648,identity theft incident reported. Evidence collected,Male,0
2023-05-02 08:34:00,8,1,Assault,Northside,28.64590612503574,77.18861841634074,punched incident reported. No leads yet,Male,0
2023-01-24 23:21:00,23,1,Robbery,Industrial Area,28.615087562498516,77.18744153957994,mugged incident reported. No leads yet,Male,0
2022-08-10 19:26:00,19,2,Assault,Downtown,28.60230508538005,77.19369788360973,punched incident reported. No leads yet,Unknown,0
2022-03-12 16:11:00,16,5,Kidnapping,Westside,28.634559733440692,77.20239617203164,abducted incident reported. CCTV available,Unknown,0
2023-08-23 03:44:00,3,2,Kidnapping,Southside,28.631706322228233,77.21906868149314,missing child incident reported. Evidence collected,Female,1
2022-10-25 19:21:00,19,1,Fraud,Northside,28.652293979201747,77.18434259628101,scam incident reported. Witness present,Unknown,0
2023-05-09 15:15:00,15,1,Theft,Suburb B,28.634887220663114,77.22810734784001,wallet incident reported. No leads yet,Unknown,0
2022-02-14 09:11:00,9,0,Robbery,Suburb A,28.597677019366216,77.22578555560789,forcibly incident reported. Witness present,Unknown,0
2023-04-01 22:58:00,22,5,Assault,Northside,28.619502416050437,77.20520872900077,beaten incident reported. Evidence collected,Male,0
2023-03-25 15:23:00,15,5,Fraud,Downtown,28.6001677418838,77.19701484247585,cheated incident reported. Evidence collected,Unknown,0
2023-03-05 15:02:00,15,6,Homicide,Suburb B,28.648063534929765,77.20901138031596,dead incident reported. Evidence collected,Unknown,0
2022-03-31 08:56:00,8,3,Cyber Crime,Industrial Area,28.626935500025525,77.19581834363888,phishing incident reported. Witness present,Female,0
2022-05-04 00:10:00,0,2,Assault,Southside,28.600902450896307,77.22703308015417,beaten incident reported. CCTV available,Unknown,0
2023-07-25 08:30:00,8,1,Assault,Southside,28.59140706314081,77.20207977053491,beaten incident reported. Evidence collected,Unknown,0
2022-08-26 06:09:00,6,4,Homicide,Southside,28.614467123517873,77.21085621003067,dead incident reported. CCTV available,Unknown,0
2022-03-03 16:50:00,16,3,Theft,Northside,28.6109151119164,77.21559699635161,purse incident reported. Evidence collected,Unknown,0
2022-11-07 04:20:00,4,0,Robbery,Industrial Area,28.625447595930297,77.221243959091,forcibly incident reported. No leads yet,Male,0
2023-05-06 06:06:00,6,5,Burglary,Suburb B,28.597469936522202,77.20426408170118,door incident reported. Evidence collected,Unknown,0
2022-05-30 21:08:00,21,0,Burglary,Northside,28.633812714364616,77.22391078645957,broke incident reported. Witness present,Female,0
2022-09-10 20:48:00,20,5,Fraud,Suburb A,28.591019009141984,77.21485799833921,forgery incident reported. Evidence collected,Male,0
2023-03-19 01:55:00,1,6,Cyber Crime,Suburb B,28.580929579177088,77.20978224836767,ransomware incident reported. No leads yet,Male,0
2023-04-06 19:53:00,19,3,Robbery,Southside,28.6455294502791,77.19320178804551,mugged incident reported. No leads yet,Female,1
2023-10-24 20:10:00,20,1,Robbery,Westside,28.599994615908475,77.22173382969288,forcibly incident reported. Evidence collected,Female,1
2023-03-04 02:35:00,2,5,Assault,Southside,28.588186641413174,77.19845408283526,attack incident reported. No leads yet,Unknown,1
2022-10-15 14:41:00,14,5,Cyber Crime,Westside,28.623840685626362,77.19842856920518,ransomware incident reported. No leads yet,Unknown,0
2023-06-08 15:24:00,15,3,Burglary,Industrial Area,28.60996716687982,77.22140309517192,window incident reported. CCTV available,Female,1
2023-06-30 16:39:00,16,4,Assault,Westside,28.620925768058942,77.21344697327159,attack incident reported. CCTV available,Unknown,0
2023-09-01 16:14:00,16,4,Cyber Crime,Suburb A,28.608247962012168,77.21516768525449,ransomware incident reported. CCTV available,Male,0
2022-07-16 10:33:00,10,5,Fraud,Westside,28.611837788665007,77.21663009349876,fake incident reported. Witness present,Female,0
2023-12-06 09:12:00,9,2,Cyber Crime,Suburb A,28.605617799581367,77.20595718376035,phishing incident reported. Evidence collected,Male,0
2022-10-26 20:15:00,20,2,Robbery,Suburb A,28.597400703457467,77.20841653983324,forcibly incident reported. CCTV available,Male,0
2022-09-09 12:30:00,12,4,Homicide,Industrial Area,28.60038331893952,77.19043255916397,stabbed incident reported. Evidence collected,Unknown,0
2022-09-16 03:24:00,3,4,Fraud,Downtown,28.618211019130925,77.21254566293096,cheated incident reported. No leads yet,Male,0
2023-04-11 17:37:00,17,1,Homicide,Suburb B,28.62694789558248,77.20181457384042,shot incident reported. No leads yet,Male,0
2023-09-02 03:30:00,3,5,Fraud,Suburb B,28.620700880780614,77.21817995953789,fake incident reported. Evidence collected,Female,0
2023-01-06 01:02:00,1,4,Assault,Westside,28.621312896797193,77.19523910528663,attack incident reported. Witness present,Male,0
2022-04-09 23:43:00,23,5,Fraud,Eastside,28.616389391371186,77.21506900493425,scam incident reported. Evidence collected,Male,0
2022-04-25 10:39:00,10,0,Homicide,Westside,28.614019641115135,77.17422537236048,murder incident reported. CCTV available,Female,0
2023-07-20 11:53:00,11,3,Robbery,Southside,28.616574827066227,77.24587551732328,demanded incident reported. Witness present,Male,0
2022-06-25 12:13:00,12,5,Theft,Southside,28.607899345520718,77.19686538170241,purse incident reported. CCTV available,Male,0
2023-05-13 03:06:00,3,5,Robbery,Suburb B,28.620122475995192,77.21420630350778,mugged incident reported. Witness present,Male,0
2022-06-27 07:17:00,7,0,Assault,Downtown,28.63377891942361,77.18803553073485,injury incident reported. No leads yet,Male,0
2023-04-02 06:14:00,6,6,Assault,Northside,28.62608967087625,77.21884036768753,injury incident reported. Witness present,Female,1
2023-01-29 19:48:00,19,6,Fraud,Downtown,28.611530891050993,77.21464478863203,fake incident reported. No leads yet,Unknown,0
2023-03-24 16:21:00,16,4,Cyber Crime,Downtown,28.631057624693305,77.22353858966714,identity theft incident reported. No leads yet,Female,0
2023-09-14 06:23:00,6,3,Burglary,Northside,28.594849678132107,77.2226693031126,window incident reported. Witness present,Unknown,0
2023-02-18 06:13:00,6,5,Cyber Crime,Suburb A,28.61282185658279,77.21021456830026,ransomware incident reported. Witness present,Female,0
2023-01-24 19:56:00,19,1,Kidnapping,Downtown,28.61511994985003,77.20649595018669,missing child incident reported. Evidence collected,Unknown,0
2023-04-09 22:51:00,22,6,Theft,Suburb B,28.63376179161845,77.20760470066918,pickpocket incident reported. Evidence collected,Unknown,0
2023-05-18 13:46:00,13,3,Kidnapping,Suburb B,28.595240897860283,77.20244116906717,ransom incident reported. Witness present,Male,0
2022-10-03 11:58:00,11,0,Homicide,Industrial Area,28.616878245280176,77.22948691307163,killed incident reported. Witness present,Male,0
2022-02-07 12:23:00,12,0,Theft,Eastside,28.623951578082483,77.19482441202089,wallet incident reported. Evidence collected,Male,0
2023-09-23 22:35:00,22,5,Theft,Westside,28.65531983194465,77.21341292184964,missing incident reported. No leads yet,Male,0
2022-06-02 09:09:00,9,3,Fraud,Westside,28.635156512299986,77.20647142610704,cheated incident reported. Witness present,Male,0
2023-06-18 02:14:00,2,6,Assault,Downtown,28.622789320745092,77.22299114174197,kicked incident reported. CCTV available,Unknown,0
2023-07-16 15:27:00,15,6,Burglary,Eastside,28.634203245195906,77.22662280508965,entered incident reported. Evidence collected,Male,0
2022-03-10 03:17:00,3,3,Burglary,Northside,28.628436616667884,77.2037485544801,forced incident reported. Witness present,Female,0
2022-06-06 17:59:00,17,0,Burglary,Eastside,28.604370899300733,77.2145434585054,entered incident reported. CCTV available,Male,0
2023-06-10 00:32:00,0,5,Theft,Suburb B,28.62945213453902,77.20528798832039,pickpocket incident reported. Witness present,Male,0
2022-05-16 07:55:00,7,0,Cyber Crime,Westside,28.63165286609524,77.23321027909144,phishing incident reported. Evidence collected,Female,0
2022-09-12 05:40:00,5,0,Theft,Northside,28.59862798468211,77.1950513216034,missing incident reported. No leads yet,Female,0
2023-06-26 15:43:00,15,0,Fraud,Suburb B,28.611560415684913,77.21412687780315,cheated incident reported. No leads yet,Unknown,0
2022-09-15 16:59:00,16,3,Fraud,Southside,28.605157216437217,77.23153671131446,fake incident reported. Evidence collected,Unknown,0
2022-07-31 02:38:00,2,6,Cyber Crime,Westside,28.620967781025307,77.20965745080402,identity theft incident reported. No leads yet,Male,0
2023-01-20 09:23:00,9,4,Theft,Suburb A,28.58996817460219,77.18706973639287,stole incident reported. Witness present,Female,0
2023-03-22 20:48:00,20,2,Burglary,Industrial Area,28.618583487504697,77.17345673956409,entered incident reported. CCTV available,Unknown,0
2023-02-10 07:09:00,7,4,Theft,Eastside,28.630777290160736,77.2063641025938,pickpocket incident reported. No leads yet,Female,0
2023-12-31 14:23:00,14,6,Robbery,Industrial Area,28.667951549493246,77.2474652708436,gun incident reported. Witness present,Male,0
2022-05-30 20:59:00,20,0,Assault,Westside,28.610875848845875,77.20722771662449,injury incident reported. No leads yet,Female,1
2023-11-01 13:04:00,13,2,Homicide,Suburb A,28.630493025233367,77.2373862101653,dead incident reported. No leads yet,Unknown,0
2022-03-11 11:21:00,11,4,Robbery,Westside,28.586599515709402,77.17922707557743,gun incident reported. Witness present,Unknown,0
2023-12-30 17:17:00,17,5,Theft,Downtown,28.60353275324076,77.2187122930529,purse incident reported. CCTV available,Unknown,0
2022-01-25 14:25:00,14,1,Cyber Crime,Industrial Area,28.62218122650846,77.22682952424974,ransomware incident reported. CCTV available,Female,0
2022-02-22 16:37:00,16,1,Assault,Industrial Area,28.593905041193914,77.17039760228386,beaten incident reported. Evidence collected,Female,1
2023-11-14 17:46:00,17,1,Assault,Southside,28.62820023658837,77.19519672878391,injury incident reported. CCTV available,Female,1
2022-05-28 04:48:00,4,5,Robbery,Northside,28.580258535593522,77.21141772909932,forcibly incident reported. Witness present,Unknown,0
2022-02-12 01:19:00,1,5,Theft,Southside,28.627119594803645,77.20696571446464,wallet incident reported. No leads yet,Male,0
2022-06-05 13:35:00,13,6,Homicide,Eastside,28.606269193563627,77.20634396279758,murder incident reported. Evidence collected,Male,0
2022-09-29 23:30:00,23,3,Assault,Eastside,28.607723620626654,77.18653254813434,kicked incident reported. No leads yet,Female,1
2022-04-27 02:42:00,2,2,Kidnapping,Suburb A,28.601988655383494,77.2176879984169,ransom incident reported. No leads yet,Unknown,0
2022-09-22 18:35:00,18,3,Cyber Crime,Suburb A,28.619261309022942,77.21180099676612,ransomware incident reported. Witness present,Unknown,0
2022-08-20 00:27:00,0,5,Kidnapping,Westside,28.59731419196911,77.20597494729775,ransom incident reported. No leads yet,Female,1
2023-02-19 01:37:00,1,6,Homicide,Westside,28.577615582559286,77.21197461106476,killed incident reported. Witness present,Male,0
2022-08-13 07:29:00,7,5,Burglary,Northside,28.637714295130227,77.18443113113264,forced incident reported. No leads yet,Unknown,0
2023-02-14 13:36:00,13,1,Cyber Crime,Westside,28.604134538778037,77.21448511297851,identity theft incident reported. Evidence collected,Male,0
2022-11-18 01:27:00,1,4,Fraud,Suburb B,28.634780710573793,77.20152958972834,scam incident reported. CCTV available,Male,0
2023-01-15 03:19:00,3,6,Robbery,Industrial Area,28.602362494512235,77.17618461429306,forcibly incident reported. Witness present,Female,1
2023-02-20 13:54:00,13,0,Robbery,Westside,28.615623968821804,77.24303460066906,threat incident reported. CCTV available,Male,0
2022-06-13 19:20:00,19,0,Fraud,Northside,28.618522641032747,77.20862868368027,scam incident reported. Witness present,Male,1
2023-07-08 13:31:00,13,5,Assault,Southside,28.619268038512786,77.20881513326752,kicked incident reported. Evidence collected,Male,1
2022-05-17 09:53:00,9,1,Cyber Crime,Suburb A,28.600349760462333,77.22272133192797,hacked incident reported. Witness present,Unknown,0
2022-11-14 10:06:00,10,0,Theft,Northside,28.617662692051862,77.2092935541989,wallet incident reported. Witness present,Male,0
2023-02-05 15:06:00,15,6,Homicide,Westside,28.597643899545364,77.23072513219891,dead incident reported. CCTV available,Unknown,0
2022-05-22 02:29:00,2,6,Homicide,Southside,28.624978379088887,77.19978465271055,killed incident reported. Evidence collected,Unknown,0
2023-05-24 19:14:00,19,2,Homicide,Downtown,28.6305970808947,77.20070715269358,murder incident reported. No leads yet,Female,0
2023-04-09 11:32:00,11,6,Homicide,Westside,28.60086660845815,77.19633828137533,shot incident reported. No leads yet,Unknown,0
2022-08-29 09:42:00,9,0,Cyber Crime,Eastside,28.584382190781866,77.21685903967364,phishing incident reported. Evidence collected,Male,0
2022-03-23 01:37:00,1,2,Assault,Southside,28.583380918694363,77.18852593614558,kicked incident reported. Witness present,Male,0
2022-03-17 09:49:00,9,3,Cyber Crime,Suburb A,28.57930686651536,77.20756550512016,identity theft incident reported. No leads yet,Unknown,0
2023-02-24 03:59:00,3,4,Homicide,Eastside,28.61139465899547,77.20355506311357,stabbed incident reported. Witness present,Female,0
2023-02-05 06:22:00,6,6,Assault,Downtown,28.596523705088824,77.18946277077606,attack incident reported. No leads yet,Male,0
2022-07-11 15:29:00,15,0,Fraud,Suburb A,28.621639497725777,77.19982413447153,cheated incident reported. No leads yet,Female,0
2023-11-06 10:58:00,10,0,Burglary,Downtown,28.61917263869227,77.19424585523127,window incident reported. Evidence collected,Male,0
2023-05-14 10:09:00,10,6,Theft,Southside,28.616917712379518,77.23072130062194,pickpocket incident reported. CCTV available,Male,0
2022-07-27 23:11:00,23,2,Fraud,Downtown,28.623669430006547,77.20212643636306,cheated incident reported. CCTV available,Male,0
2022-12-12 00:06:00,0,0,Kidnapping,Eastside,28.618186649505933,77.20498891375783,ransom incident reported. No leads yet,Male,0
2023-06-26 18:39:00,18,0,Robbery,Suburb B,28.61403133641158,77.20357314913086,forcibly incident reported. CCTV available,Unknown,0
2023-07-06 14:02:00,14,3,Homicide,Suburb A,28.611161079901912,77.2125348892179,dead incident reported. No leads yet,Male,0
2023-03-04 14:58:00,14,5,Robbery,Suburb A,28.597344021673635,77.19206868621684,demanded incident reported. CCTV available,Unknown,0
2023-10-30 01:52:00,1,0,Robbery,Westside,28.590757624102814,77.18232881492494,mugged incident reported. Witness present,Female,1
2022-02-11 07:52:00,7,4,Kidnapping,Eastside,28.59361195512966,77.21165770844674,abducted incident reported. Evidence collected,Female,1
2022-10-08 17:52:00,17,5,Fraud,Downtown,28.599020208075135,77.21756024107052,cheated incident reported. Evidence collected,Unknown,0
2023-05-24 18:13:00,18,2,Homicide,Northside,28.61447856247921,77.1761915964427,shot incident reported. CCTV available,Male,0
2022-07-01 17:41:00,17,4,Robbery,Downtown,28.624816259737027,77.22251331075987,demanded incident reported. Witness present,Unknown,0
2023-05-07 00:06:00,0,6,Burglary,Westside,28.597335622086085,77.21600319238159,forced incident reported. No leads yet,Male,0
2022-06-15 13:13:00,13,2,Burglary,Suburb A,28.599625029376515,77.21062783961247,forced incident reported. CCTV available,Male,0
2023-07-10 22:35:00,22,0,Assault,Northside,28.592825026550752,77.17911489245776,punched incident reported. Witness present,Male,0
2022-03-09 08:11:00,8,2,Assault,Industrial Area,28.607519713506452,77.20693785089543,beaten incident reported. No leads yet,Female,1
2023-06-08 03:30:00,3,3,Homicide,Northside,28.607272005106424,77.18926615736297,stabbed incident reported. Witness present,Female,0
2023-02-02 06:34:00,6,3,Homicide,Downtown,28.607235015631147,77.21348824587635,dead incident reported. Evidence collected,Unknown,0
2022-06-16 04:21:00,4,3,Burglary,Eastside,28.61315178283129,77.21204168384332,forced incident reported. Evidence collected,Female,0
2022-12-15 12:50:00,12,3,Fraud,Northside,28.602731413325763,77.22852863191194,forgery incident reported. Witness present,Unknown,0
2022-06-21 06:39:00,6,1,Kidnapping,Northside,28.594297111057422,77.21712600495145,held captive incident reported. No leads yet,Unknown,0
2023-02-01 10:41:00,10,2,Cyber Crime,Eastside,28.63359818488267,77.21701513487915,phishing incident reported. Evidence collected,Male,1
2023-08-08 11:01:00,11,1,Cyber Crime,Suburb A,28.610524596215587,77.20019504922229,hacked incident reported. CCTV available,Female,0
2023-04-20 02:08:00,2,3,Assault,Northside,28.631168127517437,77.18528375124565,injury incident reported. CCTV available,Unknown,0
2022-05-03 19:51:00,19,1,Theft,Suburb A,28.597731262327006,77.20237403724181,pickpocket incident reported. CCTV available,Male,0
2022-02-09 03:03:00,3,2,Homicide,Southside,28.634527562625202,77.21532946060069,shot incident reported. Witness present,Unknown,0
2022-10-15 10:54:00,10,5,Fraud,Northside,28.59776590402483,77.20382820491025,forgery incident reported. CCTV available,Unknown,0
2022-11-04 13:01:00,13,4,Theft,Westside,28.60366128093173,77.19717018346277,stole incident reported. Witness present,Female,0
2023-06-22 19:38:00,19,3,Assault,Suburb A,28.630214825975948,77.18613761451228,attack incident reported. CCTV available,Male,1
2022-11-22 03:11:00,3,1,Robbery,Northside,28.64071301426224,77.22280382816975,demanded incident reported. Evidence collected,Male,1
2023-12-31 17:59:00,17,6,Homicide,Westside,28.632081027843395,77.20128434146625,dead incident reported. CCTV available,Male,0
2023-03-07 02:42:00,2,1,Cyber Crime,Westside,28.611400988015347,77.18511413642459,hacked incident reported. Evidence collected,Unknown,1
2023-08-26 00:06:00,0,5,Kidnapping,Downtown,28.60515562654889,77.21722758079406,held captive incident reported. Evidence collected,Female,1
2022-09-28 05:37:00,5,2,Robbery,Northside,28.635501051029692,77.19054738638663,mugged incident reported. Evidence collected,Female,1
2023-10-08 00:30:00,0,6,Robbery,Southside,28.60780823438358,77.20647834632946,mugged incident reported. Witness present,Male,0
2023-02-22 00:43:00,0,2,Homicide,Eastside,28.590636846630126,77.21885582069598,dead incident reported. No leads yet,Female,0
2022-08-05 19:42:00,19,4,Fraud,Eastside,28.601833494470956,77.20574349414706,fake incident reported. No leads yet,Unknown,0
2023-08-28 13:58:00,13,0,Homicide,Westside,28.606367510468136,77.195844358238,dead incident reported. No leads yet,Male,0
2022-09-19 20:38:00,20,0,Kidnapping,Downtown,28.613782583575325,77.20540650702387,missing child incident reported. CCTV available,Male,0
2023-12-09 04:36:00,4,5,Burglary,Northside,28.60770236862869,77.196858972972,broke incident reported. Witness present,Unknown,0
2022-09-13 23:02:00,23,1,Assault,Suburb B,28.619225411179716,77.2365602878082,attack incident reported. Evidence collected,Male,0
2023-08-12 00:41:00,0,5,Robbery,Northside,28.616231453880655,77.22560197024852,gun incident reported. CCTV available,Unknown,1
2022-07-31 14:09:00,14,6,Burglary,Northside,28.590729634580775,77.21162935732157,window incident reported. No leads yet,Female,0
2023-11-07 16:43:00,16,1,Homicide,Industrial Area,28.59561052801715,77.18438458454114,murder incident reported. Witness present,Unknown,0
2023-02-03 11:12:00,11,4,Robbery,Industrial Area,28.601577143209017,77.22886498890689,forcibly incident reported. Evidence collected,Female,1
2022-09-16 00:27:00,0,4,Kidnapping,Southside,28.629733597144494,77.21305007870092,abducted incident reported. No leads yet,Male,0
2023-06-21 09:13:00,9,2,Fraud,Northside,28.588354990668503,77.2057286558102,cheated incident reported. Witness present,Female,0
2023-03-13 00:30:00,0,0,Assault,Industrial Area,28.618928333481698,77.21192560382632,kicked incident reported. No leads yet,Female,1
2022-07-25 22:55:00,22,0,Homicide,Industrial Area,28.58317010694199,77.19416136919968,shot incident reported. Witness present,Female,0
2023-03-25 04:01:00,4,5,Robbery,Industrial Area,28.612832037264187,77.21793818182529,mugged incident reported. Witness present,Female,1
2022-04-23 08:46:00,8,5,Cyber Crime,Westside,28.577297869648334,77.20629793374201,ransomware incident reported. No leads yet,Unknown,1
2022-01-21 02:36:00,2,4,Assault,Eastside,28.61628414616465,77.2231601998086,kicked incident reported. Witness present,Female,1
2023-10-05 15:33:00,15,3,Theft,Southside,28.625447626403957,77.21870952198014,purse incident reported. No leads yet,Male,0
2023-08-05 10:00:00,10,5,Kidnapping,Eastside,28.600567658221635,77.17719996438129,ransom incident reported. No leads yet,Male,0
2022-09-15 22:51:00,22,3,Homicide,Eastside,28.607349120715643,77.22569386375348,killed incident reported. CCTV available,Unknown,0
2022-04-09 12:30:00,12,5,Robbery,Eastside,28.63712424212541,77.2208424850383,demanded incident reported. CCTV available,Female,1
2023-04-28 07:34:00,7,4,Cyber Crime,Industrial Area,28.62105568038003,77.2153273274731,hacked incident reported. Evidence collected,Male,0
2022-04-16 18:57:00,18,5,Burglary,Eastside,28.604631354220654,77.20683232844078,entered incident reported. No leads yet,Female,0
2023-02-27 17:47:00,17,0,Assault,Northside,28.64171782543044,77.19329069990347,beaten incident reported. No leads yet,Unknown,0
2022-05-19 07:47:00,7,3,Robbery,Eastside,28.640812979845165,77.2036328640918,demanded incident reported. Evidence collected,Female,1
2023-08-25 13:07:00,13,4,Homicide,Industrial Area,28.635990535151585,77.18555308317504,murder incident reported. Evidence collected,Male,1
2022-04-06 08:50:00,8,2,Robbery,Downtown,28.623665070019413,77.1967204977342,mugged incident reported. Witness present,Female,1
2023-11-05 22:46:00,22,6,Theft,Industrial Area,28.590312213467932,77.21264223404019,missing incident reported. Evidence collected,Male,0
2022-04-01 16:37:00,16,4,Robbery,Westside,28.630724529809935,77.19491764269011,demanded incident reported. CCTV available,Male,0
2023-04-09 17:44:00,17,6,Burglary,Downtown,28.588916400659027,77.20746925392775,door incident reported. Evidence collected,Unknown,1
2023-11-15 08:12:00,8,2,Burglary,Southside,28.612442744520383,77.21813866045925,entered incident reported. Witness present,Male,0
2022-08-03 06:08:00,6,2,Homicide,Industrial Area,28.62972657618941,77.20800974697879,murder incident reported. Witness present,Male,0
2022-02-02 03:46:00,3,2,Robbery,Suburb A,28.64482505524657,77.21273724574226,demanded incident reported. No leads yet,Unknown,0
2022-06-07 22:04:00,22,1,Burglary,Industrial Area,28.608126224899888,77.18214054401496,forced incident reported. Evidence collected,Female,1
2023-06-30 05:43:00,5,4,Fraud,Northside,28.609522341328066,77.20339355090982,fake incident reported. Evidence collected,Male,0
2022-06-07 13:06:00,13,1,Fraud,Eastside,28.629905079938027,77.21670806040112,cheated incident reported. CCTV available,Unknown,0
2023-04-09 05:53:00,5,6,Robbery,Industrial Area,28.59424384797279,77.21187090644018,forcibly incident reported. CCTV available,Female,1
2022-11-20 08:38:00,8,6,Robbery,Downtown,28.625092186195484,77.23446718932314,forcibly incident reported. No leads yet,Male,0
2022-04-04 18:07:00,18,0,Burglary,Downtown,28.628691732790234,77.22168077757186,door incident reported. Evidence collected,Male,0
2023-07-28 15:25:00,15,4,Burglary,Downtown,28.61490143324359,77.21547186675706,entered incident reported. Witness present,Unknown,0
2022-09-04 01:32:00,1,6,Assault,Eastside,28.634725081678436,77.18678704337535,attack incident reported. Evidence collected,Unknown,0
2022-09-23 08:21:00,8,4,Burglary,Southside,28.60807601121305,77.1961238541874,entered incident reported. Witness present,Male,0
2022-08-14 22:40:00,22,6,Assault,Southside,28.620219218645435,77.22950370292752,injury incident reported. Evidence collected,Unknown,0
2022-11-26 14:10:00,14,5,Homicide,Suburb A,28.60395042855465,77.16916159387551,dead incident reported. Evidence collected,Male,1
2023-11-12 22:01:00,22,6,Theft,Northside,28.607029654249594,77.22422456220029,purse incident reported. Evidence collected,Female,0
2022-03-26 22:12:00,22,5,Kidnapping,Northside,28.622860498382497,77.21613643746352,ransom incident reported. Evidence collected,Female,1
2023-10-08 23:38:00,23,6,Theft,Southside,28.60923344496876,77.187682821063,stole incident reported. CCTV available,Female,0
2022-10-27 08:10:00,8,3,Assault,Southside,28.62248823869374,77.1950953031661,beaten incident reported. No leads yet,Unknown,0
2022-10-22 15:33:00,15,5,Assault,Southside,28.650301612223007,77.21850845347258,attack incident reported. Evidence collected,Male,0
2022-11-18 12:30:00,12,4,Theft,Suburb B,28.60422252829077,77.19881024587686,purse incident reported. Evidence collected,Female,1
2022-01-03 21:16:00,21,0,Robbery,Suburb B,28.612350929889775,77.20500830129964,gun incident reported. CCTV available,Female,1
2023-06-13 08:33:00,8,1,Burglary,Suburb B,28.632513896258832,77.2121069361624,entered incident reported. No leads yet,Female,0
2022-06-02 08:32:00,8,3,Robbery,Suburb A,28.601706137684857,77.2405073447526,demanded incident reported. CCTV available,Female,1
2022-06-24 18:24:00,18,4,Theft,Downtown,28.61472180552534,77.22181399459949,pickpocket incident reported. Witness present,Unknown,0
2022-09-04 13:38:00,13,6,Kidnapping,Suburb A,28.603762891542587,77.21505192712908,missing child incident reported. Witness present,Male,0
2022-03-08 01:17:00,1,1,Theft,Northside,28.619085166519053,77.17750584513173,purse incident reported. Evidence collected,Female,0
2023-07-24 16:47:00,16,0,Theft,Westside,28.64748791850768,77.23051074101538,wallet incident reported. No leads yet,Unknown,0
2023-05-26 07:33:00,7,4,Robbery,Suburb B,28.607280078064235,77.19062883765908,mugged incident reported. Evidence collected,Unknown,0
2023-02-14 08:15:00,8,1,Burglary,Northside,28.619692693563394,77.2104449616569,door incident reported. CCTV available,Male,0
2022-06-24 16:36:00,16,4,Homicide,Suburb B,28.619827815809387,77.21219295660323,murder incident reported. No leads yet,Female,0
2022-05-14 11:46:00,11,5,Fraud,Eastside,28.622337349821766,77.23312176165653,cheated incident reported. Evidence collected,Male,0
2023-04-19 01:52:00,1,2,Fraud,Westside,28.623368386752144,77.19150574168484,cheated incident reported. CCTV available,Unknown,0
2022-10-25 01:11:00,1,1,Fraud,Eastside,28.636609380878543,77.23634357605815,cheated incident reported. Witness present,Unknown,0
2022-10-28 06:55:00,6,4,Theft,Northside,28.666434278908536,77.19027509944601,pickpocket incident reported. CCTV available,Female,0
2022-10-25 16:36:00,16,1,Theft,Eastside,28.617948033552505,77.17429835494686,wallet incident reported. Witness present,Unknown,0
2022-10-10 10:46:00,10,0,Burglary,Industrial Area,28.62311915260632,77.19986332836389,broke incident reported. CCTV available,Unknown,0
2022-02-08 09:43:00,9,1,Theft,Westside,28.64595742991375,77.1960897504997,wallet incident reported. Witness present,Male,0
2022-12-30 06:53:00,6,4,Homicide,Suburb A,28.585746949367213,77.20114560432162,murder incident reported. Witness present,Unknown,0
2022-04-15 02:06:00,2,4,Kidnapping,Industrial Area,28.58097520381305,77.22151832424179,abducted incident reported. Evidence collected,Unknown,0
2023-09-14 06:15:00,6,3,Assault,Eastside,28.579481949229063,77.20947429301972,injury incident reported. CCTV available,Female,1
2022-08-20 01:56:00,1,5,Fraud,Downtown,28.579269803002397,77.20366170325772,scam incident reported. No leads yet,Unknown,1
2022-12-02 12:06:00,12,4,Kidnapping,Suburb B,28.641289635930075,77.2150107981906,abducted incident reported. Evidence collected,Unknown,0
2022-07-09 06:52:00,6,5,Theft,Downtown,28.59950843991725,77.20847994185102,pickpocket incident reported. Evidence collected,Unknown,0
2023-07-17 04:53:00,4,0,Theft,Eastside,28.61420028120074,77.21687717243073,pickpocket incident reported. No leads yet,Unknown,0
2022-09-28 23:18:00,23,2,Assault,Suburb B,28.591119027278655,77.21887612123079,kicked incident reported. No leads yet,Male,0
2023-01-12 19:50:00,19,3,Cyber Crime,Southside,28.568826806139956,77.19850192412727,hacked incident reported. Evidence collected,Male,1
2023-06-23 20:49:00,20,4,Homicide,Northside,28.605762102625807,77.21955544710119,murder incident reported. No leads yet,Unknown,0
2023-06-27 15:21:00,15,1,Theft,Southside,28.61427718087795,77.1855739491024,wallet incident reported. Witness present,Female,0
2023-09-14 19:32:00,19,3,Burglary,Northside,28.597483447903052,77.21231133349247,forced incident reported. CCTV available,Male,0
2023-03-05 02:05:00,2,6,Homicide,Downtown,28.612582210968924,77.19934793150607,stabbed incident reported. Witness present,Unknown,0
2023-06-17 17:26:00,17,5,Theft,Suburb A,28.605886103508134,77.22060279995266,missing incident reported. Witness present,Unknown,1
2023-05-20 12:27:00,12,5,Fraud,Downtown,28.605271790452182,77.20753181259951,scam incident reported. Witness present,Unknown,0
2023-03-13 00:02:00,0,0,Robbery,Downtown,28.650065609801345,77.18527195605193,demanded incident reported. No leads yet,Unknown,0
2023-02-12 19:05:00,19,6,Theft,Suburb B,28.583035954473758,77.22205982774665,stole incident reported. CCTV available,Male,0
2022-08-06 03:11:00,3,5,Robbery,Westside,28.602589282311765,77.2036960412043,forcibly incident reported. Witness present,Female,1
2023-03-23 18:06:00,18,3,Kidnapping,Industrial Area,28.60088072703115,77.20466999765388,missing child incident reported. Witness present,Female,1
2023-06-22 08:18:00,8,3,Theft,Northside,28.640542301868273,77.22236880764363,purse incident reported. Evidence collected,Male,0
2023-06-25 14:49:00,14,6,Robbery,Suburb A,28.628270391864785,77.18539621573679,mugged incident reported. Witness present,Female,1
2023-02-22 01:13:00,1,2,Robbery,Suburb A,28.594714104390786,77.1616820223419,gun incident reported. Evidence collected,Unknown,0
2023-11-15 11:28:00,11,2,Theft,Downtown,28.60041031964862,77.22494505310642,purse incident reported. Evidence collected,Unknown,0
2022-10-24 09:36:00,9,0,Burglary,Downtown,28.622515775262475,77.20530811228413,forced incident reported. Witness present,Unknown,0
2023-02-17 19:45:00,19,4,Fraud,Suburb B,28.6135283286047,77.19751857429041,forgery incident reported. Evidence collected,Unknown,0
2023-06-19 09:09:00,9,0,Cyber Crime,Suburb B,28.61731264804003,77.22176463799134,phishing incident reported. Witness present,Unknown,0
2022-12-05 18:06:00,18,0,Homicide,Downtown,28.58696855354316,77.21399412813062,killed incident reported. Witness present,Unknown,0
2022-06-29 06:06:00,6,2,Burglary,Eastside,28.62944058118258,77.20208166185061,window incident reported. No leads yet,Female,0
2023-08-01 17:03:00,17,1,Fraud,Downtown,28.625578343535345,77.25591090740788,forgery incident reported. Evidence collected,Unknown,0
2023-04-14 13:57:00,13,4,Theft,Industrial Area,28.612160953450218,77.21555511750009,missing incident reported. Witness present,Male,0
2023-06-17 19:14:00,19,5,Cyber Crime,Suburb A,28.601599048605646,77.21202085271004,phishing incident reported. Evidence collected,Unknown,0
2022-10-19 00:57:00,0,2,Cyber Crime,Suburb B,28.621571193749705,77.21224737233784,phishing incident reported. No leads yet,Unknown,0
2022-12-16 00:35:00,0,4,Burglary,Suburb B,28.596905078004852,77.21243936285543,door incident reported. Witness present,Unknown,0
2023-03-21 21:17:00,21,1,Assault,Suburb B,28.63826993231196,77.21647726274192,injury incident reported. Evidence collected,Unknown,0
2022-08-10 00:35:00,0,2,Kidnapping,Suburb B,28.629933119817863,77.2050498004998,missing child incident reported. Witness present,Male,0
2023-06-26 10:36:00,10,0,Cyber Crime,Northside,28.626398337323728,77.21365446397027,ransomware incident reported. No leads yet,Female,0
2023-07-09 04:15:00,4,6,Homicide,Westside,28.598051487838546,77.21430868341332,dead incident reported. Witness present,Unknown,0
2023-05-05 07:00:00,7,4,Theft,Suburb B,28.597371722275994,77.1984519954186,pickpocket incident reported. Evidence collected,Unknown,0
2022-02-26 03:53:00,3,5,Fraud,Eastside,28.617055471788206,77.213954071223,fake incident reported. CCTV available,Male,1
2022-01-27 01:04:00,1,3,Fraud,Downtown,28.59407945891538,77.22656642951972,scam incident reported. CCTV available,Unknown,0
2023-10-07 19:04:00,19,5,Cyber Crime,Downtown,28.623433437971677,77.19725452607315,phishing incident reported. Witness present,Female,0
2023-08-20 14:41:00,14,6,Fraud,Southside,28.588273586725848,77.20658492368197,fake incident reported. CCTV available,Male,0
2022-10-04 00:57:00,0,1,Kidnapping,Industrial Area,28.60646760476898,77.21088567428421,held captive incident reported. Witness present,Female,1
2022-03-01 22:28:00,22,1,Burglary,Suburb B,28.60784805564741,77.17554238565425,door incident reported. Witness present,Female,0
2022-12-19 00:35:00,0,0,Assault,Industrial Area,28.607427551028316,77.20390634814886,injury incident reported. No leads yet,Unknown,0
2022-02-18 05:36:00,5,4,Assault,Westside,28.624461017079568,77.19736333875649,beaten incident reported. CCTV available,Male,0
2022-03-10 06:12:00,6,3,Robbery,Industrial Area,28.641877911222878,77.1771393241558,threat incident reported. CCTV available,Male,1
2023-01-02 22:59:00,22,0,Burglary,Eastside,28.635752791630043,77.20526135048537,window incident reported. Evidence collected,Female,0
2023-04-24 17:59:00,17,0,Assault,Industrial Area,28.62822641453906,77.21033002473432,kicked incident reported. Evidence collected,Male,0
2022-03-22 19:10:00,19,1,Theft,Suburb B,28.63289259226709,77.20254396725745,pickpocket incident reported. Witness present,Male,0
2023-06-10 21:20:00,21,5,Burglary,Industrial Area,28.59558965958037,77.23267507145452,forced incident reported. No leads yet,Female,0
2022-05-05 06:13:00,6,3,Kidnapping,Northside,28.612008655901967,77.21269264122708,ransom incident reported. CCTV available,Unknown,0
2023-08-30 01:46:00,1,2,Burglary,Suburb A,28.634479198567416,77.1918007459651,window incident reported. CCTV available,Male,0
2023-06-07 01:52:00,1,2,Assault,Suburb B,28.62382484829399,77.19916842072563,punched incident reported. Witness present,Female,1
2023-04-08 06:43:00,6,5,Homicide,Northside,28.61169717740593,77.21020464942308,dead incident reported. Witness present,Female,0
2023-04-20 23:50:00,23,3,Kidnapping,Southside,28.58889630230922,77.19601938261967,missing child incident reported. Evidence collected,Male,1
2023-05-19 18:34:00,18,4,Burglary,Northside,28.63641788154022,77.22376985314308,door incident reported. No leads yet,Unknown,0
2022-06-25 18:34:00,18,5,Cyber Crime,Industrial Area,28.61285600704455,77.21305205764189,identity theft incident reported. Witness present,Unknown,0
2023-03-13 07:55:00,7,0,Robbery,Northside,28.608995958239394,77.23160972309714,demanded incident reported. No leads yet,Unknown,0
2022-01-30 10:14:00,10,6,Kidnapping,Downtown,28.610560790370098,77.21286403486891,held captive incident reported. No leads yet,Female,1
2023-11-29 03:29:00,3,2,Kidnapping,Downtown,28.633000502402368,77.1960438085859,held captive incident reported. Witness present,Female,1
2023-02-19 16:49:00,16,6,Burglary,Downtown,28.639879819741616,77.18349230983762,window incident reported. Witness present,Female,0
2022-03-28 21:53:00,21,0,Burglary,Southside,28.641060702185214,77.20278874026747,forced incident reported. Witness present,Male,0
2022-03-30 12:43:00,12,2,Cyber Crime,Downtown,28.60985502086958,77.17749983048029,identity theft incident reported. Evidence collected,Female,0
2023-12-05 08:25:00,8,1,Burglary,Northside,28.606320088043706,77.19166989114956,entered incident reported. Evidence collected,Unknown,0
2023-08-08 04:20:00,4,1,Fraud,Industrial Area,28.603772560910443,77.20671148390352,cheated incident reported. Witness present,Unknown,0
2023-03-17 19:38:00,19,4,Homicide,Downtown,28.62986319357455,77.21246005585668,dead incident reported. CCTV available,Male,0
2022-02-04 19:44:00,19,4,Robbery,Suburb B,28.619027944223355,77.19074134351925,demanded incident reported. CCTV available,Unknown,0
2023-10-26 04:19:00,4,3,Cyber Crime,Northside,28.59922076517329,77.23897875030586,ransomware incident reported. No leads yet,Unknown,1
2023-10-04 17:32:00,17,2,Kidnapping,Downtown,28.601646649420612,77.23660347086762,abducted incident reported. CCTV available,Unknown,0
2022-07-03 07:57:00,7,6,Fraud,Industrial Area,28.609848980018654,77.20903813226906,fake incident reported. Evidence collected,Female,0
2023-09-23 14:17:00,14,5,Fraud,Northside,28.631739419337165,77.23019820703232,forgery incident reported. No leads yet,Unknown,1
2023-09-18 17:31:00,17,0,Fraud,Southside,28.61205312399535,77.2025292824413,forgery incident reported. No leads yet,Unknown,0
2022-06-07 04:20:00,4,1,Robbery,Industrial Area,28.61296799252463,77.21463262547054,mugged incident reported. CCTV available,Unknown,1
2023-11-29 16:00:00,16,2,Fraud,Southside,28.62875506144783,77.2090704976499,fake incident reported. CCTV available,Unknown,0
2022-02-23 22:17:00,22,2,Theft,Suburb A,28.62421477163372,77.23630599553785,purse incident reported. CCTV available,Female,0
2023-12-04 14:36:00,14,0,Theft,Downtown,28.620255160204415,77.21419421426675,missing incident reported. Witness present,Unknown,0
2022-12-17 11:17:00,11,5,Homicide,Southside,28.588584819581833,77.16515449771951,killed incident reported. No leads yet,Unknown,0
2022-07-20 04:22:00,4,2,Homicide,Southside,28.620372928820505,77.20741959614533,murder incident reported. CCTV available,Unknown,0
2023-02-05 07:55:00,7,6,Robbery,Northside,28.60532028875142,77.21305883673644,demanded incident reported. Evidence collected,Female,1
2023-12-02 21:58:00,21,5,Cyber Crime,Southside,28.612893271180052,77.22779633751057,identity theft incident reported. Witness present,Unknown,0
2022-12-18 12:10:00,12,6,Burglary,Suburb B,28.615335181137652,77.19655127858216,entered incident reported. CCTV available,Unknown,0
2023-06-27 19:50:00,19,1,Cyber Crime,Northside,28.630402770649322,77.2053811487509,hacked incident reported. No leads yet,Male,0
2023-01-14 11:01:00,11,5,Kidnapping,Westside,28.622675611394538,77.2010431548968,ransom incident reported. Evidence collected,Female,1
2023-09-17 10:48:00,10,6,Kidnapping,Westside,28.603069551908376,77.21040280383643,missing child incident reported. CCTV available,Female,1
2023-10-06 19:07:00,19,4,Assault,Northside,28.61411381072573,77.21699711725611,kicked incident reported. Evidence collected,Female,1
2022-07-23 16:53:00,16,5,Cyber Crime,Eastside,28.60942257077817,77.17839400360383,hacked incident reported. CCTV available,Female,0
2022-08-04 12:19:00,12,3,Assault,Suburb A,28.606687101940196,77.22223030778574,attack incident reported. CCTV available,Female,1
2022-07-27 03:13:00,3,2,Burglary,Suburb A,28.608943732012616,77.20489360995809,window incident reported. No leads yet,Unknown,0
2023-06-22 03:15:00,3,3,Fraud,Industrial Area,28.63033960843177,77.1971337795457,cheated incident reported. Witness present,Female,1
2023-12-15 20:51:00,20,4,Assault,Westside,28.588186613029286,77.20632281467458,attack incident reported. Witness present,Male,1
2023-04-13 12:39:00,12,3,Assault,Industrial Area,28.605830434145854,77.19289589467078,kicked incident reported. No leads yet,Unknown,1
2022-01-07 08:23:00,8,4,Burglary,Eastside,28.61097702573502,77.21719176078744,forced incident reported. No leads yet,Unknown,0
2022-06-16 04:59:00,4,3,Cyber Crime,Suburb B,28.613745190640536,77.21411635121144,ransomware incident reported. No leads yet,Female,1
2023-04-06 17:28:00,17,3,Homicide,Westside,28.644123461641925,77.20328535230738,stabbed incident reported. CCTV available,Male,0
2023-11-17 08:34:00,8,4,Cyber Crime,Suburb B,28.618539143910745,77.20051311062335,ransomware incident reported. CCTV available,Female,0
2022-07-02 16:08:00,16,5,Homicide,Northside,28.599794004668553,77.19925153910971,shot incident reported. CCTV available,Male,0
2022-01-27 04:59:00,4,3,Theft,Downtown,28.60592069047464,77.21499126329246,missing incident reported. CCTV available,Male,0
2023-10-17 07:37:00,7,1,Robbery,Northside,28.65305126311168,77.19706594272874,gun incident reported. CCTV available,Male,0
2022-11-21 02:13:00,2,0,Theft,Suburb A,28.60695624490641,77.20794794978148,purse incident reported. Witness present,Female,0
2023-10-11 20:27:00,20,2,Burglary,Northside,28.620496647478497,77.21339251353258,door incident reported. No leads yet,Female,0
2023-01-31 18:39:00,18,1,Kidnapping,Southside,28.635301596565803,77.16856013215775,missing child incident reported. No leads yet,Female,1
2023-04-05 20:50:00,20,2,Kidnapping,Westside,28.57411783549674,77.20073536379984,abducted incident reported. Witness present,Unknown,0
2023-01-11 16:47:00,16,2,Burglary,Suburb A,28.632188336459063,77.1829058661399,broke incident reported. Witness present,Female,0
2022-06-27 22:34:00,22,0,Assault,Southside,28.563772794338437,77.21851965677033,kicked incident reported. Witness present,Male,0
2023-09-14 04:56:00,4,3,Theft,Westside,28.617960953728378,77.19082985988668,pickpocket incident reported. Evidence collected,Unknown,1
2022-04-03 16:15:00,16,6,Fraud,Westside,28.597474339987986,77.19283760467276,forgery incident reported. CCTV available,Female,0
2022-01-25 17:10:00,17,1,Kidnapping,Suburb B,28.615742255291234,77.19856141206363,held captive incident reported. Witness present,Unknown,0
2022-07-05 11:30:00,11,1,Kidnapping,Suburb A,28.622134398649592,77.16142288895159,ransom incident reported. CCTV available,Female,1
2023-05-11 04:24:00,4,3,Burglary,Downtown,28.599619135581204,77.19023243398482,broke incident reported. No leads yet,Female,0
2023-01-27 21:35:00,21,4,Robbery,Northside,28.60962765536046,77.2000325373585,threat incident reported. No leads yet,Female,1
2022-05-04 20:30:00,20,2,Burglary,Northside,28.627197396331596,77.17801105380566,entered incident reported. No leads yet,Female,0
2022-08-11 18:41:00,18,3,Burglary,Downtown,28.61465819127218,77.21830560705354,entered incident reported. Witness present,Female,0
2023-02-26 05:06:00,5,6,Fraud,Suburb A,28.6448441239427,77.20097056714845,scam incident reported. CCTV available,Unknown,0
2022-08-30 17:35:00,17,1,Burglary,Eastside,28.619307643405875,77.17893562012397,forced incident reported. Witness present,Male,0
2023-08-15 17:13:00,17,1,Cyber Crime,Westside,28.57403406326145,77.22307957292969,identity theft incident reported. No leads yet,Female,0
2023-05-20 07:10:00,7,5,Fraud,Westside,28.6138073284392,77.22864187816332,cheated incident reported. CCTV available,Male,0
2022-09-17 18:51:00,18,5,Kidnapping,Northside,28.591009951850506,77.21766503565881,held captive incident reported. Evidence collected,Male,0
2022-07-11 18:11:00,18,0,Kidnapping,Northside,28.645046964009065,77.21599509347263,missing child incident reported. No leads yet,Male,1
2023-06-24 15:46:00,15,5,Assault,Eastside,28.61850969175985,77.20914260134708,attack incident reported. Witness present,Female,1
2023-08-17 17:58:00,17,3,Robbery,Southside,28.587718642381237,77.23159288226184,gun incident reported. Witness present,Male,1
2023-01-09 12:46:00,12,0,Theft,Eastside,28.603719039336582,77.21740805427305,stole incident reported. CCTV available,Male,1
2023-07-22 15:38:00,15,5,Kidnapping,Industrial Area,28.587849428223812,77.18934233892487,ransom incident reported. CCTV available,Female,1
2022-07-09 07:40:00,7,5,Fraud,Downtown,28.637818123320372,77.20321162851737,cheated incident reported. CCTV available,Male,0
2022-08-30 12:41:00,12,1,Assault,Suburb A,28.638121257934042,77.20769615568236,attack incident reported. Witness present,Male,0
2022-08-04 23:36:00,23,3,Assault,Downtown,28.583201703784038,77.22386779332886,kicked incident reported. CCTV available,Male,0
2023-11-11 00:05:00,0,5,Homicide,Eastside,28.60406846137074,77.22064481355862,killed incident reported. Witness present,Female,0
2022-02-28 19:52:00,19,0,Robbery,Downtown,28.61432018112567,77.18328136286762,forcibly incident reported. Evidence collected,Unknown,0
2022-08-04 21:37:00,21,3,Kidnapping,Northside,28.61663824608951,77.24560371903588,missing child incident reported. No leads yet,Unknown,0
2022-02-19 20:09:00,20,5,Burglary,Northside,28.62211644097524,77.20804137078325,window incident reported. No leads yet,Male,0
2023-04-23 21:08:00,21,6,Theft,Northside,28.631822390032617,77.21251114108672,stole incident reported. Evidence collected,Unknown,0
2022-04-26 12:25:00,12,1,Assault,Southside,28.617392237171046,77.19080624713068,beaten incident reported. Evidence collected,Male,1
2023-04-03 04:46:00,4,0,Cyber Crime,Industrial Area,28.617797467096494,77.22625739027362,phishing incident reported. Evidence collected,Male,0
2022-10-28 18:12:00,18,4,Fraud,Suburb B,28.599965630798334,77.23274159702079,scam incident reported. Witness present,Female,0
2023-04-12 20:56:00,20,2,Homicide,Northside,28.612371566264247,77.19420384147436,stabbed incident reported. Witness present,Male,0
2022-04-13 02:18:00,2,2,Theft,Suburb B,28.630527201282003,77.20422009607103,missing incident reported. Evidence collected,Unknown,0
2023-08-14 21:20:00,21,0,Burglary,Southside,28.626558581458102,77.20413735612902,entered incident reported. Evidence collected,Unknown,0
2023-08-29 06:44:00,6,1,Cyber Crime,Suburb A,28.612902897607835,77.21722600340557,hacked incident reported. Evidence collected,Unknown,0
2022-08-08 22:42:00,22,0,Cyber Crime,Southside,28.61874828429317,77.17574113699247,hacked incident reported. Evidence collected,Unknown,0
2022-08-23 14:07:00,14,1,Burglary,Westside,28.59521260433176,77.22449016641319,forced incident reported. CCTV available,Male,0
2023-07-07 11:24:00,11,4,Homicide,Southside,28.611697723518308,77.20027114495382,stabbed incident reported. Evidence collected,Male,0
2022-06-09 00:09:00,0,3,Kidnapping,Downtown,28.59125709974571,77.1910043946454,missing child incident reported. No leads yet,Female,1
2022-08-25 17:31:00,17,3,Homicide,Downtown,28.580203356000634,77.20731198802164,dead incident reported. No leads yet,Male,0
2022-03-29 13:27:00,13,1,Theft,Suburb B,28.60392604032365,77.19289020181691,missing incident reported. Evidence collected,Male,0
2022-12-17 10:16:00,10,5,Burglary,Downtown,28.612764609580534,77.21506617718089,forced incident reported. Evidence collected,Male,0
2022-09-13 01:07:00,1,1,Theft,Suburb A,28.6487866322035,77.18380194300728,purse incident reported. No leads yet,Female,0
2023-01-13 13:57:00,13,4,Homicide,Northside,28.633223017388342,77.22521835935025,stabbed incident reported. CCTV available,Female,0
2022-10-19 13:53:00,13,2,Burglary,Eastside,28.600915121010388,77.21238726590977,broke incident reported. Witness present,Female,0
2022-09-15 14:27:00,14,3,Theft,Northside,28.606272779177708,77.21209480967364,stole incident reported. Evidence collected,Male,0
2022-02-09 06:01:00,6,2,Fraud,Eastside,28.639052183556743,77.21909343721053,cheated incident reported. Evidence collected,Male,0
2023-05-16 05:27:00,5,1,Theft,Downtown,28.622376806220558,77.20182817800075,missing incident reported. No leads yet,Unknown,1
2022-04-20 04:37:00,4,2,Theft,Northside,28.589165722251263,77.20552552982433,pickpocket incident reported. Evidence collected,Female,0
2022-07-20 16:02:00,16,2,Fraud,Industrial Area,28.634010135914398,77.18354720239017,forgery incident reported. Witness present,Male,0
2022-12-07 02:03:00,2,2,Homicide,Suburb A,28.596315177197056,77.21110446227057,shot incident reported. CCTV available,Unknown,0
2022-07-24 12:11:00,12,6,Assault,Eastside,28.597489086919214,77.19579127588142,injury incident reported. Witness present,Male,1
2022-12-24 17:55:00,17,5,Cyber Crime,Industrial Area,28.606840023637865,77.18623970993016,ransomware incident reported. No leads yet,Female,0
2022-01-31 06:07:00,6,0,Theft,Suburb A,28.597664635896393,77.22072379861312,wallet incident reported. No leads yet,Male,0
2022-06-10 14:59:00,14,4,Homicide,Suburb B,28.592110503629485,77.18236879775843,murder incident reported. Evidence collected,Female,0
2022-12-28 18:04:00,18,2,Robbery,Southside,28.603399583674435,77.22119925837517,gun incident reported. Evidence collected,Unknown,0
2022-02-28 08:25:00,8,0,Fraud,Suburb B,28.61061796986672,77.20125698203141,cheated incident reported. Evidence collected,Male,0
2022-03-11 03:03:00,3,4,Kidnapping,Industrial Area,28.614639313291928,77.17990487611901,ransom incident reported. Evidence collected,Unknown,0
2022-01-21 23:41:00,23,4,Homicide,Eastside,28.622145094229584,77.21539058385673,killed incident reported. Evidence collected,Unknown,0
2023-07-31 22:54:00,22,0,Homicide,Downtown,28.607078192098406,77.22576540852994,dead incident reported. CCTV available,Female,0
2022-06-26 01:16:00,1,6,Theft,Westside,28.595108398350785,77.2277984832209,pickpocket incident reported. No leads yet,Unknown,0
2023-09-13 16:31:00,16,2,Robbery,Northside,28.616474894426588,77.2033907901687,forcibly incident reported. Evidence collected,Male,0
2023-03-01 12:38:00,12,2,Homicide,Northside,28.61356877274386,77.20721225390315,dead incident reported. Witness present,Female,0
2022-08-10 15:18:00,15,2,Theft,Industrial Area,28.63423804827363,77.19105534787549,wallet incident reported. Witness present,Female,0
2022-06-28 10:27:00,10,1,Burglary,Eastside,28.601191346014225,77.22627171486788,door incident reported. CCTV available,Unknown,0
2023-08-20 18:58:00,18,6,Assault,Industrial Area,28.603974417746937,77.2240088846222,attack incident reported. Witness present,Male,1
2023-03-18 21:08:00,21,5,Theft,Eastside,28.642223933050147,77.20230341621765,pickpocket incident reported. Witness present,Female,1
2022-04-19 02:26:00,2,1,Theft,Southside,28.625256038776257,77.189771795311,stole incident reported. CCTV available,Unknown,0
2022-04-08 17:51:00,17,4,Assault,Eastside,28.626478888301133,77.21232373309978,beaten incident reported. No leads yet,Female,1
2022-05-31 03:05:00,3,1,Kidnapping,Downtown,28.62178397136934,77.19824046546609,ransom incident reported. Evidence collected,Unknown,0
2022-03-14 17:59:00,17,0,Fraud,Westside,28.586215276407216,77.2173875344125,fake incident reported. Evidence collected,Female,0
2023-04-08 11:33:00,11,5,Robbery,Industrial Area,28.57950994745868,77.20371082512929,gun incident reported. Witness present,Unknown,0
2022-03-05 00:16:00,0,5,Theft,Suburb B,28.629586364440335,77.21219829559789,stole incident reported. Witness present,Female,0
2022-07-13 12:36:00,12,2,Assault,Westside,28.646372377413165,77.22608515254304,punched incident reported. Witness present,Unknown,0
2023-06-08 15:43:00,15,3,Homicide,Southside,28.603001693527908,77.20945522299753,killed incident reported. Witness present,Unknown,0
2023-04-20 23:48:00,23,3,Fraud,Industrial Area,28.61311048829093,77.18263038727757,cheated incident reported. Evidence collected,Unknown,0
2023-08-26 11:14:00,11,5,Assault,Westside,28.59822668472526,77.19965398488367,injury incident reported. Evidence collected,Male,0
2022-12-30 13:02:00,13,4,Kidnapping,Eastside,28.57996299161907,77.2097915578042,missing child incident reported. CCTV available,Male,0
2023-01-22 11:06:00,11,6,Kidnapping,Suburb B,28.609748802589117,77.18111843497815,abducted incident reported. No leads yet,Male,0
2023-12-20 20:18:00,20,2,Fraud,Suburb B,28.620636881087957,77.22093121241151,cheated incident reported. No leads yet,Unknown,0
2022-01-27 08:28:00,8,3,Homicide,Southside,28.617683907981082,77.20359886374652,murder incident reported. CCTV available,Male,0
2022-04-15 12:09:00,12,4,Burglary,Suburb A,28.623757369195864,77.22033700600795,window incident reported. CCTV available,Unknown,0
2023-07-10 17:08:00,17,0,Theft,Eastside,28.619023392828662,77.19525646249275,purse incident reported. Witness present,Female,0
2023-09-21 01:56:00,1,3,Fraud,Southside,28.61851001275852,77.22892467751376,fake incident reported. No leads yet,Female,0
2023-09-09 18:04:00,18,5,Fraud,Downtown,28.603956182356473,77.2439656556522,scam incident reported. CCTV available,Unknown,0
2022-03-17 06:53:00,6,3,Assault,Eastside,28.60513948443358,77.209540116889,beaten incident reported. Witness present,Female,1
2022-07-29 22:26:00,22,4,Assault,Eastside,28.602691906733227,77.21272118059868,injury incident reported. Evidence collected,Male,0
2022-12-16 05:15:00,5,4,Theft,Westside,28.584862971789413,77.19989930335306,stole incident reported. No leads yet,Female,0
2022-12-07 22:01:00,22,2,Burglary,Suburb A,28.595697979994192,77.21125563913154,window incident reported. Witness present,Female,0
2022-09-26 03:39:00,3,0,Assault,Suburb B,28.63047412292515,77.21976676978525,kicked incident reported. CCTV available,Female,1
2022-10-08 00:50:00,0,5,Fraud,Suburb B,28.574372343985686,77.24303449421546,forgery incident reported. Evidence collected,Male,0
2023-06-13 04:44:00,4,1,Homicide,Downtown,28.618821332343682,77.19605834765845,dead incident reported. No leads yet,Unknown,0
2023-04-18 17:09:00,17,1,Assault,Westside,28.61651879864985,77.21193649704172,injury incident reported. Evidence collected,Male,0
2022-08-20 10:39:00,10,5,Burglary,Suburb B,28.602785854717474,77.21229861112238,forced incident reported. No leads yet,Unknown,0
2023-09-24 21:34:00,21,6,Robbery,Suburb B,28.603775461872996,77.20226063345517,forcibly incident reported. CCTV available,Unknown,0
2023-06-03 12:36:00,12,5,Homicide,Northside,28.602462014404082,77.18512214517101,stabbed incident reported. CCTV available,Female,0
2023-11-07 01:07:00,1,1,Assault,Southside,28.616330607836925,77.2187549906086,kicked incident reported. Evidence collected,Unknown,0
2023-12-05 15:23:00,15,1,Robbery,Suburb B,28.62248139326794,77.22266542087726,gun incident reported. Evidence collected,Unknown,1
2023-05-01 02:27:00,2,0,Theft,Eastside,28.619305670166916,77.2001212416964,purse incident reported. No leads yet,Unknown,0
2022-08-01 13:20:00,13,0,Robbery,Suburb B,28.62789439774052,77.1863747076693,gun incident reported. CCTV available,Unknown,0
2022-12-02 11:38:00,11,4,Theft,Suburb B,28.59888881029146,77.19292999880962,stole incident reported. CCTV available,Female,1
2022-05-20 09:33:00,9,4,Homicide,Southside,28.63190093431899,77.22471314190234,shot incident reported. No leads yet,Male,0
2023-11-30 08:50:00,8,3,Fraud,Suburb B,28.62202175395075,77.22686549775354,cheated incident reported. No leads yet,Female,0
2022-09-26 05:00:00,5,0,Homicide,Suburb A,28.5992452869598,77.21480991866436,shot incident reported. No leads yet,Female,0
2022-12-15 17:57:00,17,3,Theft,Industrial Area,28.61181375952695,77.22311470173142,wallet incident reported. Witness present,Female,0
2023-06-03 19:01:00,19,5,Fraud,Southside,28.61197959612413,77.20258428519317,cheated incident reported. CCTV available,Male,0
2023-02-19 12:50:00,12,6,Burglary,Southside,28.62291514197602,77.22360281945319,forced incident reported. Evidence collected,Female,0
2022-04-22 12:40:00,12,4,Cyber Crime,Suburb A,28.60276091341922,77.20798207214413,hacked incident reported. No leads yet,Male,0
2022-06-14 05:07:00,5,1,Burglary,Southside,28.59625932277264,77.16736564970846,window incident reported. No leads yet,Female,0
2023-05-05 22:42:00,22,4,Kidnapping,Westside,28.617240993856896,77.21914842260425,ransom incident reported. Evidence collected,Female,1
2023-02-04 00:06:00,0,5,Assault,Southside,28.618267780151445,77.1765073047041,punched incident reported. Evidence collected,Female,1
2023-01-17 16:52:00,16,1,Homicide,Suburb B,28.608052509498727,77.17202753733248,killed incident reported. Evidence collected,Male,1
2022-04-21 15:37:00,15,3,Fraud,Industrial Area,28.636728351794236,77.19089909029803,fake incident reported. Witness present,Unknown,0
2022-03-23 05:36:00,5,2,Cyber Crime,Industrial Area,28.634823393491,77.2247644940614,ransomware incident reported. No leads yet,Male,0
2022-05-19 22:26:00,22,3,Homicide,Southside,28.59889016079107,77.19012025081221,dead incident reported. Witness present,Unknown,0
2022-04-24 05:03:00,5,6,Robbery,Westside,28.61973950360644,77.19492793271363,forcibly incident reported. CCTV available,Male,0
2022-08-22 13:22:00,13,0,Fraud,Downtown,28.615608077369306,77.20095287348656,fake incident reported. CCTV available,Female,0
2022-09-29 16:11:00,16,3,Homicide,Southside,28.584214026425574,77.1718255330146,murder incident reported. CCTV available,Male,0
2022-09-17 11:51:00,11,5,Homicide,Downtown,28.617678070808243,77.19964070422783,shot incident reported. CCTV available,Male,0
2022-11-09 20:23:00,20,2,Homicide,Industrial Area,28.604681836384767,77.22059773065156,murder incident reported. Evidence collected,Female,0
2022-04-25 04:12:00,4,0,Burglary,Industrial Area,28.63345737127721,77.2044575879773,door incident reported. No leads yet,Female,0
2023-11-30 19:46:00,19,3,Assault,Industrial Area,28.608223354884835,77.21733571721857,injury incident reported. Witness present,Female,1
2022-09-06 21:18:00,21,1,Burglary,Industrial Area,28.591284407171674,77.21271921757914,door incident reported. No leads yet,Male,1
2023-12-03 05:52:00,5,6,Assault,Industrial Area,28.62309809953037,77.2203371701403,beaten incident reported. Evidence collected,Female,1
2022-03-10 19:50:00,19,3,Fraud,Eastside,28.581620788291627,77.19631074550318,fake incident reported. Evidence collected,Male,0
2023-01-31 19:50:00,19,1,Robbery,Suburb A,28.59926227911961,77.21066478257349,threat incident reported. CCTV available,Unknown,0
2023-10-02 07:21:00,7,0,Robbery,Westside,28.6219124096628,77.23394517345744,gun incident reported. Evidence collected,Male,1
2023-02-10 14:30:00,14,4,Homicide,Northside,28.6056505753272,77.20070712502819,murder incident reported. CCTV available,Female,0
2022-09-18 08:58:00,8,6,Cyber Crime,Westside,28.633061200314646,77.21394294897551,phishing incident reported. CCTV available,Female,0
2023-12-06 02:30:00,2,2,Robbery,Industrial Area,28.635027525186466,77.2138121333835,gun incident reported. Evidence collected,Unknown,0
2023-10-20 21:41:00,21,4,Cyber Crime,Eastside,28.594614723021447,77.18678119408705,phishing incident reported. No leads yet,Unknown,0
2023-05-30 16:42:00,16,1,Homicide,Suburb B,28.588041462515687,77.22003419724598,shot incident reported. Witness present,Unknown,0
2023-12-09 19:03:00,19,5,Homicide,Suburb A,28.63370994705145,77.23982270235645,murder incident reported. No leads yet,Female,0
2022-04-18 08:53:00,8,0,Kidnapping,Southside,28.62795175553872,77.22838064295892,abducted incident reported. Evidence collected,Female,1
2023-09-05 17:47:00,17,1,Fraud,Westside,28.60423306112244,77.18972640305427,fake incident reported. Witness present,Male,0
2023-08-30 14:10:00,14,2,Robbery,Eastside,28.628067988873628,77.21596134587065,threat incident reported. Evidence collected,Unknown,0
2023-10-24 21:35:00,21,1,Kidnapping,Downtown,28.61569073957235,77.21545619134389,missing child incident reported. Witness present,Female,1
2022-06-26 16:55:00,16,6,Theft,Eastside,28.61928642470764,77.23039694766423,stole incident reported. Evidence collected,Male,0
2022-01-16 05:14:00,5,6,Burglary,Downtown,28.635483093080282,77.21807033920568,door incident reported. No leads yet,Male,1
2023-04-18 13:24:00,13,1,Assault,Downtown,28.627996714542718,77.21756770920709,beaten incident reported. No leads yet,Male,0
2023-01-31 03:00:00,3,1,Assault,Westside,28.606213837799423,77.22160941124855,punched incident reported. CCTV available,Male,0
2022-03-05 23:15:00,23,5,Homicide,Suburb A,28.590658415519012,77.22656485920494,dead incident reported. Evidence collected,Unknown,0
2023-05-10 08:26:00,8,2,Burglary,Eastside,28.593991284337235,77.21376338811325,door incident reported. CCTV available,Female,0
2023-11-24 03:02:00,3,4,Theft,Eastside,28.5998141006929,77.21822314971791,stole incident reported. No leads yet,Unknown,0
2023-02-18 05:00:00,5,5,Cyber Crime,Westside,28.61333457956787,77.18242073403061,identity theft incident reported. No leads yet,Female,0
2022-03-18 10:01:00,10,4,Theft,Suburb B,28.620911660516974,77.1993679870528,pickpocket incident reported. No leads yet,Female,0
2022-10-03 02:04:00,2,0,Theft,Suburb B,28.628585778680225,77.20902209481224,stole incident reported. Evidence collected,Female,0
2023-12-22 07:18:00,7,4,Theft,Industrial Area,28.62049034975647,77.19304051741642,pickpocket incident reported. CCTV available,Unknown,0
2023-09-26 15:02:00,15,1,Theft,Suburb A,28.604077796142878,77.20135602273166,pickpocket incident reported. No leads yet,Unknown,0
2023-07-16 06:18:00,6,6,Burglary,Suburb B,28.62817837467071,77.23695628479676,door incident reported. No leads yet,Unknown,0
2022-06-13 12:38:00,12,0,Kidnapping,Downtown,28.600480470804285,77.22694746907763,held captive incident reported. Evidence collected,Unknown,0
2023-04-29 16:43:00,16,5,Kidnapping,Northside,28.577738709704573,77.18909684331513,held captive incident reported. Witness present,Female,1
2023-01-07 14:54:00,14,5,Assault,Industrial Area,28.597920359063554,77.18645818850932,beaten incident reported. Witness present,Female,1
2022-05-10 00:05:00,0,1,Burglary,Suburb B,28.58750686017021,77.2158833152023,forced incident reported. No leads yet,Unknown,0
2023-10-09 16:36:00,16,0,Burglary,Suburb B,28.61033220503787,77.21532342329343,broke incident reported. Evidence collected,Male,0
2023-08-09 11:59:00,11,2,Burglary,Northside,28.625407878102028,77.21342694988621,door incident reported. CCTV available,Female,0
2022-05-01 14:31:00,14,6,Kidnapping,Westside,28.624862719602508,77.20784112856263,missing child incident reported. No leads yet,Unknown,1
2022-10-31 12:38:00,12,0,Burglary,Northside,28.594116776861572,77.22663023634702,door incident reported. Witness present,Male,0
2022-10-15 02:38:00,2,5,Fraud,Southside,28.60408146445365,77.19340672835396,fake incident reported. Witness present,Female,0
2023-09-10 15:21:00,15,6,Assault,Industrial Area,28.610934702069926,77.1937864846784,attack incident reported. CCTV available,Male,0
2022-09-30 04:06:00,4,4,Cyber Crime,Westside,28.606942826966844,77.21473423202606,hacked incident reported. CCTV available,Female,0
2023-03-22 16:08:00,16,2,Theft,Southside,28.619705695654105,77.19403616555958,missing incident reported. No leads yet,Male,0
2022-01-01 22:36:00,22,5,Theft,Downtown,28.605771577117522,77.22690555007951,wallet incident reported. CCTV available,Male,0
2023-02-24 08:03:00,8,4,Kidnapping,Southside,28.622173335295567,77.24358441732248,ransom incident reported. No leads yet,Male,0
2022-07-01 16:10:00,16,4,Cyber Crime,Westside,28.63356880289569,77.22807155114266,identity theft incident reported. Witness present,Male,1
2022-06-14 22:16:00,22,1,Kidnapping,Eastside,28.590768857492403,77.22173100586056,held captive incident reported. Evidence collected,Male,0
2023-02-03 17:59:00,17,4,Cyber Crime,Downtown,28.613014886638386,77.19981696994103,ransomware incident reported. Evidence collected,Female,1
2022-04-04 03:36:00,3,0,Cyber Crime,Downtown,28.616700255675543,77.22475352557686,identity theft incident reported. Evidence collected,Unknown,0
2023-11-04 02:20:00,2,5,Burglary,Suburb B,28.622247193183405,77.19435876997764,broke incident reported. CCTV available,Male,0
2022-08-21 14:03:00,14,6,Burglary,Eastside,28.626274315226546,77.1983735409654,broke incident reported. No leads yet,Male,1
2023-08-31 10:43:00,10,3,Theft,Downtown,28.61751138531607,77.20394416554205,stole incident reported. CCTV available,Female,0
2023-07-30 22:20:00,22,6,Homicide,Eastside,28.61025222913774,77.22177071625067,killed incident reported. No leads yet,Unknown,0
2023-02-28 18:35:00,18,1,Robbery,Suburb B,28.59656343800307,77.24141991790462,demanded incident reported. CCTV available,Female,1
2023-04-29 03:26:00,3,5,Assault,Southside,28.58354856551176,77.19903887194576,attack incident reported. Evidence collected,Female,1
2022-08-07 23:49:00,23,6,Assault,Downtown,28.620070198165696,77.21873856944059,kicked incident reported. CCTV available,Female,1
2023-07-29 21:39:00,21,5,Fraud,Eastside,28.61222540465714,77.20804348828331,forgery incident reported. CCTV available,Unknown,0
2022-08-07 23:23:00,23,6,Kidnapping,Westside,28.62074250142213,77.20514884204238,missing child incident reported. CCTV available,Unknown,0
2022-06-05 13:33:00,13,6,Theft,Suburb B,28.63711968763225,77.22298915190386,pickpocket incident reported. Evidence collected,Female,0
2023-03-16 14:12:00,14,3,Robbery,Westside,28.62844707251676,77.19289738794383,mugged incident reported. Witness present,Female,1
2023-07-15 09:11:00,9,5,Cyber Crime,Eastside,28.61257685959324,77.203992234188,ransomware incident reported. No leads yet,Female,0
2022-05-22 17:03:00,17,6,Cyber Crime,Suburb A,28.597139977071844,77.2150027363991,identity theft incident reported. CCTV available,Male,0
2023-12-23 01:25:00,1,5,Cyber Crime,Industrial Area,28.60493923737034,77.21992339716418,hacked incident reported. CCTV available,Unknown,0
2023-02-11 05:13:00,5,5,Burglary,Downtown,28.596063473951762,77.2376506768807,forced incident reported. CCTV available,Unknown,1
2022-04-20 01:31:00,1,2,Homicide,Downtown,28.5989611223568,77.21265503895334,dead incident reported. Witness present,Unknown,0
2022-04-13 02:06:00,2,2,Kidnapping,Suburb B,28.627097655173134,77.19948932616333,abducted incident reported. Witness present,Male,0
2022-12-03 09:45:00,9,5,Kidnapping,Suburb B,28.628107810723883,77.18851360670332,missing child incident reported. Witness present,Male,0
2023-10-12 00:25:00,0,3,Cyber Crime,Eastside,28.638101961653042,77.20923582108277,ransomware incident reported. Evidence collected,Female,0
2023-11-30 05:00:00,5,3,Assault,Southside,28.603959809867188,77.20401363712621,attack incident reported. CCTV available,Male,0
2022-03-02 00:10:00,0,2,Fraud,Downtown,28.627381987823213,77.19925907846917,cheated incident reported. Witness present,Male,0
2022-07-07 11:51:00,11,3,Homicide,Industrial Area,28.60141070517629,77.20530772337361,stabbed incident reported. Evidence collected,Unknown,0
2023-03-25 09:02:00,9,5,Kidnapping,Northside,28.594283964787166,77.2393423984657,missing child incident reported. No leads yet,Female,1
2023-09-02 17:03:00,17,5,Cyber Crime,Suburb A,28.60446009014642,77.22286027976968,phishing incident reported. Evidence collected,Unknown,1
2022-02-19 00:25:00,0,5,Homicide,Eastside,28.6173911680608,77.19259109915863,dead incident reported. Witness present,Female,0
2023-12-08 18:07:00,18,4,Theft,Westside,28.613800754846455,77.22206671298852,stole incident reported. Witness present,Female,0
2023-03-15 01:32:00,1,2,Homicide,Northside,28.610762311081896,77.2288852157642,killed incident reported. Evidence collected,Male,0
2022-08-15 20:21:00,20,0,Burglary,Suburb A,28.630925256546366,77.22431524757764,entered incident reported. CCTV available,Female,0
2023-12-04 18:21:00,18,0,Burglary,Downtown,28.606239053795452,77.19100262587031,broke incident reported. Evidence collected,Female,0
2023-02-22 15:36:00,15,2,Theft,Downtown,28.60367353991062,77.21227068234445,purse incident reported. Evidence collected,Female,0
2022-03-17 17:24:00,17,3,Kidnapping,Industrial Area,28.62299644522554,77.17280714325399,missing child incident reported. No leads yet,Female,1
2023-05-28 08:44:00,8,6,Burglary,Eastside,28.61376477997314,77.21163482042206,forced incident reported. CCTV available,Unknown,0
2023-08-18 22:23:00,22,4,Robbery,Downtown,28.60927426239474,77.23052123065027,forcibly incident reported. No leads yet,Male,0
2022-06-10 10:20:00,10,4,Theft,Eastside,28.620929667904182,77.23083653180136,stole incident reported. Evidence collected,Male,0
2023-05-21 06:24:00,6,6,Cyber Crime,Westside,28.610300657994163,77.22462462487512,phishing incident reported. CCTV available,Male,0
2022-04-19 14:34:00,14,1,Homicide,Southside,28.64115110657546,77.23086155748788,murder incident reported. Witness present,Unknown,1
2022-08-13 07:19:00,7,5,Cyber Crime,Northside,28.59569764010952,77.2047720653743,hacked incident reported. Evidence collected,Male,1
2023-10-21 13:53:00,13,5,Theft,Suburb A,28.60814725490917,77.21715424225127,purse incident reported. No leads yet,Male,1
2023-06-07 08:15:00,8,2,Theft,Southside,28.62533922591691,77.1950184554329,pickpocket incident reported. No leads yet,Male,1
2022-08-14 04:39:00,4,6,Theft,Westside,28.615030641898617,77.17533454446406,pickpocket incident reported. CCTV available,Unknown,0
2023-07-31 17:50:00,17,0,Kidnapping,Suburb A,28.637932416763366,77.20046042932206,abducted incident reported. Witness present,Unknown,0
2023-08-31 23:37:00,23,3,Fraud,Westside,28.614831065664077,77.20383917143353,fake incident reported. Witness present,Male,0
2023-03-06 21:51:00,21,0,Burglary,Downtown,28.63300045958356,77.16170822597671,forced incident reported. CCTV available,Unknown,0
2023-06-18 05:04:00,5,6,Homicide,Industrial Area,28.613623160961236,77.20723635404171,killed incident reported. Witness present,Female,0
2022-01-02 14:07:00,14,6,Assault,Suburb A,28.60633939354014,77.23777044242726,beaten incident reported. Evidence collected,Male,0
2022-07-05 06:27:00,6,1,Burglary,Northside,28.59911117568574,77.2218632696206,entered incident reported. Evidence collected,Unknown,0
2022-12-28 16:50:00,16,2,Assault,Industrial Area,28.619837546478436,77.2300253208756,attack incident reported. Evidence collected,Unknown,1
2023-03-21 03:49:00,3,1,Assault,Suburb B,28.602780181920377,77.19678385168127,attack incident reported. Evidence collected,Male,0
2023-08-26 10:36:00,10,5,Kidnapping,Industrial Area,28.632167831791293,77.21608868847217,abducted incident reported. No leads yet,Male,0
2023-07-24 16:02:00,16,0,Theft,Suburb A,28.588151044222055,77.20001158309228,purse incident reported. Witness present,Male,0
2022-03-10 17:24:00,17,3,Burglary,Industrial Area,28.62033971089747,77.22296273702578,forced incident reported. CCTV available,Male,0
2022-11-15 01:42:00,1,1,Assault,Southside,28.602579489113452,77.16042906683639,injury incident reported. Witness present,Male,0
2022-01-02 01:11:00,1,6,Robbery,Westside,28.622620386428952,77.18866132183427,threat incident reported. Witness present,Unknown,0
2023-11-10 04:03:00,4,4,Homicide,Northside,28.58027768669796,77.16179456791693,stabbed incident reported. Witness present,Female,0
2022-05-15 23:55:00,23,6,Assault,Northside,28.627466347669962,77.21114362417342,attack incident reported. Witness present,Female,1
2023-12-19 00:43:00,0,1,Burglary,Downtown,28.610139060321462,77.23215040604939,entered incident reported. Evidence collected,Male,1
2022-10-11 22:44:00,22,1,Burglary,Eastside,28.624522078050386,77.23593833404537,window incident reported. No leads yet,Male,0
2023-01-03 04:44:00,4,1,Assault,Eastside,28.59068774213055,77.20842415626744,punched incident reported. Witness present,Female,1
2023-05-31 02:26:00,2,2,Cyber Crime,Downtown,28.586954777084202,77.20517696113575,phishing incident reported. Evidence collected,Female,0
2023-11-30 01:22:00,1,3,Robbery,Industrial Area,28.609756402437224,77.21944356062106,forcibly incident reported. Evidence collected,Female,1
2023-09-18 17:14:00,17,0,Burglary,Northside,28.614659398019032,77.21939011897133,entered incident reported. Evidence collected,Unknown,1
2023-03-02 21:56:00,21,3,Assault,Industrial Area,28.625624002218984,77.24491547795638,beaten incident reported. Evidence collected,Female,1
2022-06-12 18:47:00,18,6,Robbery,Northside,28.60864505574523,77.19331628832224,mugged incident reported. CCTV available,Male,0
2022-03-10 19:24:00,19,3,Fraud,Southside,28.618001393588607,77.19562866621435,fake incident reported. Evidence collected,Male,0
2023-03-06 15:00:00,15,0,Theft,Suburb A,28.63859934614061,77.20427969935092,missing incident reported. No leads yet,Female,0
2023-02-07 14:48:00,14,1,Theft,Suburb B,28.6044737272021,77.20114473798081,wallet incident reported. Evidence collected,Male,0
2023-08-08 16:51:00,16,1,Fraud,Suburb A,28.625873623724527,77.2063708836128,cheated incident reported. CCTV available,Female,1
2022-11-04 20:02:00,20,4,Kidnapping,Suburb B,28.603205552997828,77.23675586529373,ransom incident reported. Witness present,Female,1
2022-08-19 18:26:00,18,4,Cyber Crime,Downtown,28.59963050265564,77.20959276790056,identity theft incident reported. Witness present,Female,0
2023-04-10 06:08:00,6,0,Burglary,Suburb B,28.624771769193504,77.18181108149305,broke incident reported. Evidence collected,Male,0
2022-10-30 04:16:00,4,6,Robbery,Suburb B,28.6219043416901,77.19141487207533,demanded incident reported. CCTV available,Unknown,0
2022-09-30 21:09:00,21,4,Assault,Downtown,28.627613046347236,77.19295581646801,beaten incident reported. Evidence collected,Unknown,0
2023-09-30 13:09:00,13,5,Robbery,Westside,28.625446150530816,77.22743055110492,mugged incident reported. No leads yet,Unknown,1
2022-09-27 07:12:00,7,1,Cyber Crime,Eastside,28.628257275427213,77.21318861080397,ransomware incident reported. No leads yet,Male,0
2022-07-11 11:42:00,11,0,Theft,Suburb A,28.610044984284507,77.19939300706109,wallet incident reported. CCTV available,Unknown,0
2022-07-27 01:51:00,1,2,Robbery,Northside,28.638417244846952,77.19734174633054,demanded incident reported. No leads yet,Male,0
2023-02-20 00:23:00,0,0,Homicide,Suburb A,28.5966155654405,77.22008948225054,shot incident reported. CCTV available,Female,0
2023-05-27 10:50:00,10,5,Kidnapping,Suburb B,28.600631053280225,77.19316560837557,ransom incident reported. CCTV available,Unknown,0
2022-07-24 11:15:00,11,6,Fraud,Suburb A,28.589839928963837,77.20095150267566,cheated incident reported. No leads yet,Unknown,0
2023-01-31 23:38:00,23,1,Fraud,Northside,28.612521416268393,77.21305152879435,cheated incident reported. Witness present,Female,0
2022-03-22 05:21:00,5,1,Homicide,Suburb A,28.62975510407166,77.2177816320611,dead incident reported. CCTV available,Male,0
2023-09-26 09:32:00,9,1,Assault,Suburb A,28.61071879634078,77.20569673872701,beaten incident reported. Witness present,Male,0
2022-11-27 11:36:00,11,6,Fraud,Suburb B,28.62240262448192,77.23020950271548,fake incident reported. Evidence collected,Female,0
2022-09-03 00:29:00,0,5,Homicide,Southside,28.616005236658054,77.20118115242983,killed incident reported. Evidence collected,Male,0
2022-09-30 05:24:00,5,4,Assault,Westside,28.59735223331524,77.18491324559314,attack incident reported. Witness present,Male,0
2022-09-11 05:26:00,5,6,Assault,Westside,28.62500449453406,77.218632975394,kicked incident reported. Evidence collected,Female,1
2023-04-09 18:26:00,18,6,Robbery,Industrial Area,28.623522725418447,77.20685567589413,gun incident reported. Evidence collected,Male,0
2023-07-01 20:43:00,20,5,Assault,Industrial Area,28.63734891243153,77.20093135842359,kicked incident reported. Witness present,Unknown,0
2022-05-04 02:23:00,2,2,Kidnapping,Northside,28.629821153953454,77.20835428508352,missing child incident reported. Witness present,Unknown,0
2023-01-07 21:17:00,21,5,Burglary,Suburb B,28.60376082058868,77.21887550512197,forced incident reported. CCTV available,Unknown,0
2023-11-28 20:56:00,20,1,Kidnapping,Downtown,28.620727268644735,77.21494954598778,missing child incident reported. Evidence collected,Male,0
2023-12-10 16:26:00,16,6,Cyber Crime,Southside,28.615254640367603,77.20836844863805,identity theft incident reported. No leads yet,Male,0
2022-05-16 18:27:00,18,0,Fraud,Suburb A,28.653706199881174,77.22873761075327,forgery incident reported. Evidence collected,Female,0
2022-04-25 08:58:00,8,0,Theft,Downtown,28.625947114916425,77.2108633193034,wallet incident reported. No leads yet,Unknown,0
2023-07-04 02:01:00,2,1,Cyber Crime,Suburb A,28.630685953343278,77.2176332462732,hacked incident reported. Evidence collected,Unknown,0
2022-01-26 04:30:00,4,2,Burglary,Southside,28.61433674587957,77.20394059457891,forced incident reported. No leads yet,Male,0
2023-11-10 06:07:00,6,4,Fraud,Downtown,28.61255137770562,77.1561595710687,scam incident reported. Witness present,Unknown,0
2023-02-12 16:51:00,16,6,Assault,Industrial Area,28.617410013988295,77.20085873199817,kicked incident reported. Evidence collected,Male,0
2022-07-22 12:39:00,12,4,Cyber Crime,Suburb A,28.640444499971384,77.2093224011802,identity theft incident reported. Witness present,Unknown,0
2022-01-28 19:41:00,19,4,Burglary,Industrial Area,28.594083943007753,77.20816866409787,forced incident reported. CCTV available,Male,0
2023-11-07 21:13:00,21,1,Robbery,Southside,28.59646464858229,77.2168901235952,forcibly incident reported. Witness present,Male,0
2023-12-18 19:12:00,19,0,Burglary,Downtown,28.618749122738993,77.2249639938518,window incident reported. Witness present,Female,0
2022-12-29 07:08:00,7,3,Robbery,Suburb B,28.60071863680509,77.2095668016038,demanded incident reported. Evidence collected,Female,1
2023-04-26 12:05:00,12,2,Theft,Industrial Area,28.59114963674289,77.22069157969875,pickpocket incident reported. No leads yet,Male,0
2022-05-04 16:51:00,16,2,Burglary,Eastside,28.622547853007337,77.21726341701714,broke incident reported. No leads yet,Female,1
2022-05-08 04:25:00,4,6,Assault,Suburb A,28.61392698385595,77.21591288151315,beaten incident reported. Witness present,Unknown,0
2023-07-26 21:35:00,21,2,Burglary,Northside,28.640638985138477,77.2042484290493,window incident reported. CCTV available,Female,0
2023-07-01 08:49:00,8,5,Fraud,Industrial Area,28.616210753061836,77.19089789501365,cheated incident reported. Witness present,Male,0
2022-05-29 06:13:00,6,6,Burglary,Southside,28.59942898397336,77.21063022155155,door incident reported. Evidence collected,Male,0
2023-10-12 03:48:00,3,3,Homicide,Westside,28.632298892445032,77.20472865292915,killed incident reported. Witness present,Male,0
2023-11-12 21:40:00,21,6,Burglary,Southside,28.6099680578448,77.20221857925826,window incident reported. Evidence collected,Unknown,0
2023-01-22 05:52:00,5,6,Cyber Crime,Eastside,28.60498738881926,77.21391619092849,identity theft incident reported. Witness present,Female,0
2023-10-13 23:30:00,23,4,Robbery,Northside,28.58894570591369,77.23034899294444,gun incident reported. CCTV available,Unknown,0
2023-02-11 21:50:00,21,5,Kidnapping,Westside,28.60280962836451,77.22103172475731,abducted incident reported. No leads yet,Male,0
2023-11-17 10:14:00,10,4,Homicide,Northside,28.592733356710102,77.22014733550911,murder incident reported. Evidence collected,Unknown,0
2023-11-07 02:14:00,2,1,Fraud,Southside,28.62509907679691,77.21540336786677,cheated incident reported. No leads yet,Female,0
2022-08-23 18:53:00,18,1,Kidnapping,Suburb A,28.59732619130334,77.2131591364933,ransom incident reported. No leads yet,Female,1
2022-02-16 11:20:00,11,2,Homicide,Northside,28.594182396921095,77.20478727908173,dead incident reported. CCTV available,Male,0
2022-03-30 13:46:00,13,2,Homicide,Northside,28.631056885015923,77.22227836545119,stabbed incident reported. CCTV available,Male,0
2023-03-15 08:01:00,8,2,Assault,Suburb B,28.61415304904234,77.19275322373463,beaten incident reported. CCTV available,Unknown,0
2023-04-07 17:31:00,17,4,Cyber Crime,Southside,28.624659795202906,77.2093230206283,hacked incident reported. Witness present,Male,0
2022-01-19 08:10:00,8,2,Fraud,Southside,28.575228073362826,77.22204383043861,forgery incident reported. Evidence collected,Unknown,1
2022-05-20 23:42:00,23,4,Assault,Southside,28.613496119435506,77.22904085413306,kicked incident reported. Witness present,Female,1
2023-03-17 19:25:00,19,4,Kidnapping,Industrial Area,28.59564549135262,77.15605493644674,held captive incident reported. Witness present,Female,1
2022-03-17 05:27:00,5,3,Kidnapping,Industrial Area,28.618551397639088,77.21385939461138,missing child incident reported. Witness present,Male,1
2023-03-25 20:24:00,20,5,Theft,Industrial Area,28.585722139539893,77.19269167423556,purse incident reported. No leads yet,Female,0
2023-10-27 17:26:00,17,4,Cyber Crime,Eastside,28.659820295728665,77.20390648976411,ransomware incident reported. Witness present,Unknown,0
2022-04-29 19:05:00,19,4,Fraud,Suburb A,28.62608264960627,77.19815566954387,cheated incident reported. Witness present,Female,0
2022-08-27 03:09:00,3,5,Theft,Southside,28.579061618352448,77.2061623625534,missing incident reported. Evidence collected,Male,0
2022-12-24 15:51:00,15,5,Fraud,Westside,28.609473257328567,77.20233536268887,forgery incident reported. CCTV available,Female,0
2023-05-07 00:45:00,0,6,Theft,Downtown,28.611989319408227,77.2134044711941,purse incident reported. No leads yet,Male,0
2023-02-10 09:19:00,9,4,Fraud,Industrial Area,28.611398050812436,77.18793323053421,forgery incident reported. No leads yet,Female,0
2022-11-13 02:26:00,2,6,Robbery,Suburb B,28.62200307985937,77.17651047074463,gun incident reported. CCTV available,Female,1
2022-12-05 01:01:00,1,0,Fraud,Eastside,28.57972737571193,77.2213196749117,fake incident reported. No leads yet,Female,0
2022-07-23 01:37:00,1,5,Fraud,Westside,28.622350337868923,77.2080434105821,fake incident reported. No leads yet,Unknown,0
2023-03-28 02:07:00,2,1,Cyber Crime,Southside,28.59064252492075,77.19720148432211,phishing incident reported. CCTV available,Unknown,0
2022-07-30 01:44:00,1,5,Cyber Crime,Industrial Area,28.609520887538558,77.18240176719044,ransomware incident reported. CCTV available,Unknown,1
2022-04-23 05:33:00,5,5,Burglary,Industrial Area,28.601582855699615,77.21987217230294,window incident reported. CCTV available,Female,0
2022-08-29 02:54:00,2,0,Cyber Crime,Westside,28.637688422738155,77.20200942078903,ransomware incident reported. No leads yet,Unknown,0
2022-12-24 09:26:00,9,5,Fraud,Eastside,28.626508139238602,77.17709899882354,cheated incident reported. CCTV available,Female,0
2022-08-15 09:45:00,9,0,Homicide,Northside,28.62489085401856,77.19560085975455,shot incident reported. Witness present,Female,0
2023-09-15 07:53:00,7,4,Homicide,Westside,28.619022426945133,77.20487079302934,murder incident reported. CCTV available,Unknown,0
2023-02-24 08:01:00,8,4,Burglary,Southside,28.635906900163064,77.19442607252768,forced incident reported. No leads yet,Male,1
2022-05-12 19:46:00,19,3,Kidnapping,Eastside,28.624360104959365,77.2043415422784,ransom incident reported. Evidence collected,Unknown,0
2022-09-13 05:06:00,5,1,Theft,Industrial Area,28.611261575366505,77.20593576844735,wallet incident reported. Evidence collected,Male,1
2023-05-06 01:30:00,1,5,Cyber Crime,Westside,28.599805448258433,77.2087650172349,ransomware incident reported. No leads yet,Unknown,0
2023-01-15 10:30:00,10,6,Burglary,Southside,28.612855862964636,77.21302067080678,broke incident reported. CCTV available,Male,0
2022-10-12 18:27:00,18,2,Homicide,Suburb B,28.61530841909488,77.22229990916021,killed incident reported. Witness present,Male,0
2023-08-04 01:52:00,1,4,Theft,Southside,28.629291810267457,77.19148961130287,stole incident reported. Witness present,Unknown,0
2022-04-28 06:46:00,6,3,Kidnapping,Suburb A,28.628379541676512,77.18922772621484,held captive incident reported. Witness present,Female,1
2022-12-05 18:21:00,18,0,Kidnapping,Downtown,28.62369759813563,77.21932897974506,abducted incident reported. Witness present,Unknown,0
2022-03-12 08:45:00,8,5,Cyber Crime,Westside,28.582044718472293,77.21054965410883,ransomware incident reported. No leads yet,Male,0
2023-02-02 07:05:00,7,3,Assault,Eastside,28.606091731443996,77.19635391236774,punched incident reported. Witness present,Unknown,0
2022-10-31 05:12:00,5,0,Fraud,Southside,28.636414205511652,77.19810534765605,scam incident reported. Witness present,Unknown,0
2022-07-19 09:29:00,9,1,Homicide,Southside,28.6004603845147,77.21026158233342,dead incident reported. Evidence collected,Female,0
2022-11-05 07:42:00,7,5,Kidnapping,Suburb B,28.625326495771642,77.20663919023316,held captive incident reported. Evidence collected,Unknown,0
2022-02-03 17:50:00,17,3,Cyber Crime,Southside,28.633339509094487,77.21784959436607,identity theft incident reported. Evidence collected,Unknown,0
2022-06-06 20:05:00,20,0,Kidnapping,Industrial Area,28.577596478004477,77.20017555060822,ransom incident reported. Witness present,Female,1
2022-02-08 09:13:00,9,1,Cyber Crime,Downtown,28.604535965010808,77.21698934922382,ransomware incident reported. Evidence collected,Male,0
2022-06-17 05:52:00,5,4,Homicide,Suburb B,28.570153049060433,77.2514834951453,shot incident reported. CCTV available,Female,0
2022-06-13 06:12:00,6,0,Burglary,Southside,28.622750434914906,77.2114812800653,broke incident reported. Witness present,Unknown,0
2022-01-17 04:21:00,4,0,Fraud,Northside,28.633592795273653,77.24806090088022,scam incident reported. Witness present,Male,0
2022-01-23 07:12:00,7,6,Homicide,Suburb B,28.628412444076474,77.22481355160787,dead incident reported. No leads yet,Female,0
2023-04-13 11:59:00,11,3,Theft,Industrial Area,28.616078167074406,77.20664123744389,pickpocket incident reported. CCTV available,Female,0
2022-11-19 07:57:00,7,5,Theft,Southside,28.605970075933254,77.19523146680476,wallet incident reported. Evidence collected,Female,0
2022-03-22 05:58:00,5,1,Robbery,Westside,28.60244976500501,77.18649073392763,gun incident reported. Witness present,Female,1
2022-10-05 22:58:00,22,2,Burglary,Downtown,28.612635475821918,77.18092220704624,window incident reported. Evidence collected,Male,0
2023-08-19 23:51:00,23,5,Theft,Northside,28.617081942069063,77.20839448986597,wallet incident reported. Witness present,Female,0
2022-10-27 01:56:00,1,3,Cyber Crime,Downtown,28.61634892163978,77.20029780716634,identity theft incident reported. CCTV available,Female,0
2023-11-08 17:29:00,17,2,Assault,Industrial Area,28.665181006169675,77.23166859833634,injury incident reported. CCTV available,Unknown,0
2022-09-24 13:06:00,13,5,Burglary,Westside,28.59315762499859,77.21288113479045,door incident reported. Witness present,Male,0
2023-07-04 14:09:00,14,1,Kidnapping,Southside,28.603766564284378,77.19209200455488,abducted incident reported. Witness present,Female,1
2022-06-09 10:38:00,10,3,Theft,Suburb A,28.591565465481267,77.21620361151265,purse incident reported. CCTV available,Female,0
2023-12-31 08:58:00,8,6,Burglary,Eastside,28.602543662748843,77.22513043373375,entered incident reported. No leads yet,Female,0
2023-08-11 02:50:00,2,4,Burglary,Northside,28.630463036908843,77.23189857308687,broke incident reported. Evidence collected,Male,1
2023-06-28 14:32:00,14,2,Theft,Eastside,28.599693553898767,77.2169227601782,purse incident reported. No leads yet,Unknown,0
2023-09-21 01:42:00,1,3,Assault,Industrial Area,28.624440903610704,77.20109703041494,injury incident reported. CCTV available,Male,0
2023-12-12 01:51:00,1,1,Robbery,Southside,28.60103713404345,77.2358253444296,mugged incident reported. CCTV available,Female,1
2023-12-13 11:11:00,11,2,Cyber Crime,Northside,28.617691597928868,77.21959946251187,phishing incident reported. Witness present,Female,0
2023-05-20 12:47:00,12,5,Homicide,Eastside,28.600198733136203,77.18867859222463,murder incident reported. Witness present,Male,0
2022-01-22 11:54:00,11,5,Homicide,Southside,28.604409170425132,77.20693297687684,murder incident reported. No leads yet,Male,0
2023-11-27 10:43:00,10,0,Homicide,Suburb B,28.596162999886378,77.20883591985583,dead incident reported. Witness present,Male,0
2022-07-27 09:18:00,9,2,Homicide,Industrial Area,28.585758246865527,77.19033254295884,killed incident reported. No leads yet,Male,0
2023-06-05 19:37:00,19,0,Cyber Crime,Downtown,28.62508185413795,77.21906317533796,phishing incident reported. Evidence collected,Female,0
2023-01-19 19:43:00,19,3,Fraud,Suburb A,28.607368720576886,77.19203726151538,cheated incident reported. Witness present,Male,0
2023-11-30 14:31:00,14,3,Homicide,Southside,28.596776607474567,77.20277886256765,murder incident reported. Witness present,Female,0
2023-09-05 23:20:00,23,1,Fraud,Eastside,28.624641974860754,77.22447076152241,forgery incident reported. No leads yet,Female,0
2022-11-23 05:10:00,5,2,Cyber Crime,Southside,28.605624471075302,77.18977512623358,identity theft incident reported. CCTV available,Male,0
2023-07-10 02:09:00,2,0,Burglary,Downtown,28.618364060631105,77.19527441715624,entered incident reported. Witness present,Unknown,0
2023-08-30 09:07:00,9,2,Assault,Suburb A,28.60526245601898,77.23108793484062,kicked incident reported. CCTV available,Female,1
2022-11-20 21:44:00,21,6,Fraud,Eastside,28.627685257142765,77.2116329052042,fake incident reported. No leads yet,Female,0
2022-06-26 19:46:00,19,6,Homicide,Southside,28.592701349981457,77.21252327612451,dead incident reported. CCTV available,Male,0
2023-11-11 08:39:00,8,5,Theft,Suburb A,28.631610954846458,77.2027394389039,stole incident reported. Witness present,Male,0
2023-11-02 17:48:00,17,3,Theft,Downtown,28.636418568166444,77.2305457548253,wallet incident reported. Witness present,Female,0
2022-03-07 20:05:00,20,0,Burglary,Southside,28.641628880535727,77.2140873854422,entered incident reported. Evidence collected,Male,0
2023-01-17 23:18:00,23,1,Assault,Suburb A,28.623689861663433,77.23256978813886,injury incident reported. No leads yet,Unknown,0
2023-07-03 15:25:00,15,0,Homicide,Downtown,28.621356565617816,77.2006460982035,dead incident reported. CCTV available,Male,0
2022-09-26 17:34:00,17,0,Theft,Suburb B,28.60642428605787,77.21297591589624,wallet incident reported. Evidence collected,Female,0
2022-02-13 12:11:00,12,6,Kidnapping,Industrial Area,28.592390642967565,77.2066123514106,missing child incident reported. CCTV available,Unknown,0
2023-06-18 10:49:00,10,6,Fraud,Suburb B,28.63217578530384,77.17247910248058,forgery incident reported. CCTV available,Female,0
2022-05-02 19:27:00,19,0,Burglary,Eastside,28.639474701696574,77.22770623697839,broke incident reported. Witness present,Female,0
2023-03-23 04:11:00,4,3,Assault,Eastside,28.606237256402828,77.21805651379786,punched incident reported. Evidence collected,Male,1
2022-10-19 05:39:00,5,2,Homicide,Eastside,28.613952462115105,77.22949983947399,shot incident reported. Evidence collected,Male,0
2022-04-03 15:55:00,15,6,Kidnapping,Southside,28.6302780523795,77.18566548794695,ransom incident reported. Evidence collected,Female,1
2023-10-30 05:32:00,5,0,Robbery,Northside,28.623687706891072,77.20557286910595,gun incident reported. Witness present,Unknown,0
2023-03-19 13:26:00,13,6,Theft,Southside,28.61528054284197,77.19686380165051,stole incident reported. CCTV available,Unknown,1
2022-07-21 23:10:00,23,3,Cyber Crime,Eastside,28.643035617818683,77.22633436366505,hacked incident reported. Evidence collected,Unknown,0
2022-11-26 20:02:00,20,5,Cyber Crime,Southside,28.60157048060045,77.18675648988483,phishing incident reported. Evidence collected,Female,0
2022-12-30 17:44:00,17,4,Burglary,Suburb B,28.607472122817036,77.21624171076819,door incident reported. Evidence collected,Unknown,0
2022-03-03 14:25:00,14,3,Fraud,Southside,28.617903430732436,77.22988554707948,fake incident reported. Witness present,Female,0
2022-07-01 17:56:00,17,4,Robbery,Suburb B,28.627065328703015,77.22515948376255,threat incident reported. Witness present,Unknown,0
2023-05-11 13:57:00,13,3,Assault,Suburb A,28.619347590010175,77.18584502116315,beaten incident reported. No leads yet,Unknown,0
2022-07-01 12:29:00,12,4,Assault,Eastside,28.61063835781422,77.22666816233182,punched incident reported. Evidence collected,Female,1
2022-03-18 06:09:00,6,4,Burglary,Eastside,28.61304128452459,77.21738483947706,entered incident reported. Evidence collected,Male,0
2023-11-21 17:54:00,17,1,Robbery,Suburb A,28.608587528079234,77.19183646919097,mugged incident reported. Evidence collected,Male,0
2023-06-26 15:20:00,15,0,Theft,Suburb B,28.61184426559923,77.21415079071721,stole incident reported. Evidence collected,Female,0
2023-03-09 20:46:00,20,3,Cyber Crime,Southside,28.60297187134231,77.2050714792524,hacked incident reported. CCTV available,Male,0
2022-09-11 02:39:00,2,6,Burglary,Industrial Area,28.598242279300234,77.2276540819594,window incident reported. Evidence collected,Unknown,0
2023-04-17 16:44:00,16,0,Assault,Suburb A,28.6089924040402,77.23321259241877,beaten incident reported. Witness present,Unknown,0
2023-07-09 22:19:00,22,6,Cyber Crime,Industrial Area,28.63937913084235,77.2076492339213,hacked incident reported. Witness present,Male,0
2023-12-20 12:24:00,12,2,Cyber Crime,Suburb B,28.59709252112421,77.17423503537111,phishing incident reported. CCTV available,Unknown,0
2023-08-12 03:08:00,3,5,Cyber Crime,Industrial Area,28.58936604878289,77.18610275291836,phishing incident reported. CCTV available,Male,0
2022-11-30 07:38:00,7,2,Homicide,Suburb B,28.636874493791026,77.21093040978712,shot incident reported. CCTV available,Unknown,0
2022-05-20 18:55:00,18,4,Theft,Industrial Area,28.620393408734866,77.17199298318442,wallet incident reported. No leads yet,Female,0
2023-03-10 18:19:00,18,4,Assault,Industrial Area,28.59393389284638,77.22378466294077,injury incident reported. Evidence collected,Unknown,0
2023-07-30 00:35:00,0,6,Kidnapping,Westside,28.61867956853971,77.20654657868857,ransom incident reported. CCTV available,Unknown,0
2023-12-04 19:54:00,19,0,Homicide,Suburb B,28.623314039310003,77.23626329676894,killed incident reported. Witness present,Female,1
2023-09-15 16:54:00,16,4,Homicide,Northside,28.61021595894105,77.21015616337763,stabbed incident reported. No leads yet,Female,0
2023-06-16 20:21:00,20,4,Robbery,Suburb B,28.617109948645524,77.24886849392124,mugged incident reported. Evidence collected,Unknown,0
2023-01-25 09:49:00,9,2,Theft,Westside,28.57891072892635,77.22038705024649,purse incident reported. Witness present,Female,0
2023-11-10 20:32:00,20,4,Fraud,Downtown,28.61198662918735,77.2184461954364,scam incident reported. Evidence collected,Female,0
2022-06-17 12:08:00,12,4,Kidnapping,Downtown,28.602943790766755,77.20818391615236,abducted incident reported. Evidence collected,Female,1
2023-07-12 05:17:00,5,2,Homicide,Suburb A,28.62575684299109,77.26088183668406,murder incident reported. Evidence collected,Unknown,0
2023-07-24 17:36:00,17,0,Robbery,Downtown,28.62736726982337,77.19486557336616,mugged incident reported. Witness present,Female,1
2023-09-26 19:47:00,19,1,Kidnapping,Westside,28.606837338632957,77.20144309819361,ransom incident reported. No leads yet,Unknown,0
2022-08-31 00:09:00,0,2,Kidnapping,Suburb A,28.583972613789502,77.20349849680498,missing child incident reported. Evidence collected,Male,1
2023-11-27 11:46:00,11,0,Fraud,Suburb B,28.626113818030362,77.18776279801538,cheated incident reported. Witness present,Male,0
2022-01-18 11:24:00,11,1,Homicide,Northside,28.631374710850846,77.21712958035141,killed incident reported. Witness present,Unknown,0
2023-03-25 17:42:00,17,5,Homicide,Suburb B,28.60166277796715,77.20664117271104,killed incident reported. No leads yet,Female,0
2022-01-20 20:07:00,20,3,Kidnapping,Southside,28.640538696794017,77.22122579689177,abducted incident reported. Evidence collected,Female,1
2022-04-26 20:48:00,20,1,Robbery,Suburb B,28.614046394248305,77.20503861138398,gun incident reported. Evidence collected,Female,1
2022-08-25 08:58:00,8,3,Homicide,Westside,28.61517681784086,77.20047060736763,killed incident reported. Evidence collected,Female,0
2023-02-07 15:17:00,15,1,Cyber Crime,Suburb B,28.57882084157135,77.24303629850891,identity theft incident reported. CCTV available,Unknown,0
2022-06-18 09:02:00,9,5,Fraud,Southside,28.616488749986658,77.21563578775205,cheated incident reported. No leads yet,Male,0
2023-05-05 04:20:00,4,4,Fraud,Southside,28.612934870835385,77.19674805332126,fake incident reported. Evidence collected,Male,0
2023-09-16 00:21:00,0,5,Robbery,Eastside,28.610801258650856,77.1823434206301,demanded incident reported. No leads yet,Unknown,0
2022-01-31 08:31:00,8,0,Homicide,Industrial Area,28.65185144163422,77.1884248000263,stabbed incident reported. CCTV available,Female,0
2023-01-17 19:14:00,19,1,Fraud,Suburb A,28.596700561935883,77.20166234659357,fake incident reported. Witness present,Male,1
2022-11-17 00:31:00,0,3,Assault,Southside,28.63536792874754,77.20924181665438,attack incident reported. Witness present,Female,1
2022-04-15 05:44:00,5,4,Theft,Downtown,28.593297736732826,77.22990563934596,wallet incident reported. Witness present,Unknown,0
2022-04-04 02:59:00,2,0,Kidnapping,Eastside,28.626083343779758,77.2179739159536,held captive incident reported. No leads yet,Unknown,0
2022-06-10 13:49:00,13,4,Homicide,Eastside,28.625828904019514,77.24890603167638,stabbed incident reported. CCTV available,Unknown,0
2023-07-22 10:10:00,10,5,Burglary,Westside,28.650318248250603,77.19755474428328,forced incident reported. Witness present,Male,0
2023-12-31 10:06:00,10,6,Fraud,Northside,28.640964749880187,77.21538613649598,cheated incident reported. Evidence collected,Unknown,0
2023-04-05 02:03:00,2,2,Cyber Crime,Downtown,28.622218263602296,77.18079548613927,hacked incident reported. CCTV available,Unknown,0
2022-11-12 19:05:00,19,5,Homicide,Industrial Area,28.61106023724353,77.19545294016106,shot incident reported. Witness present,Female,0
2023-01-10 20:13:00,20,1,Cyber Crime,Southside,28.62770098024822,77.22685134167338,ransomware incident reported. Evidence collected,Female,0
2023-04-18 03:22:00,3,1,Homicide,Industrial Area,28.57932522748306,77.2086327522666,killed incident reported. Witness present,Male,0
2022-02-07 10:14:00,10,0,Kidnapping,Downtown,28.63259769174657,77.20588868396145,missing child incident reported. No leads yet,Male,0
2022-03-27 02:44:00,2,6,Robbery,Eastside,28.62605106075004,77.21485275779379,mugged incident reported. Witness present,Unknown,0
2023-03-14 01:32:00,1,1,Kidnapping,Southside,28.61959433719921,77.20447808369886,missing child incident reported. No leads yet,Unknown,1
2023-07-11 15:12:00,15,1,Theft,Westside,28.593623653264405,77.19030783087625,missing incident reported. Evidence collected,Unknown,0
2022-11-17 05:07:00,5,3,Kidnapping,Westside,28.62572254190759,77.20932430425866,missing child incident reported. CCTV available,Female,1
2022-08-20 15:51:00,15,5,Theft,Northside,28.61159146258988,77.2019351659613,stole incident reported. CCTV available,Unknown,0
2023-03-12 21:30:00,21,6,Robbery,Westside,28.608813519241988,77.22644852990814,forcibly incident reported. Evidence collected,Female,1
2023-05-06 14:47:00,14,5,Fraud,Southside,28.608312598635536,77.18664892144497,scam incident reported. CCTV available,Unknown,0
2022-08-18 06:52:00,6,3,Fraud,Southside,28.626294196259003,77.20558538893559,cheated incident reported. No leads yet,Unknown,0
2023-10-07 13:16:00,13,5,Cyber Crime,Downtown,28.614423264425547,77.23579297177332,hacked incident reported. Evidence collected,Unknown,0
2022-04-25 01:34:00,1,0,Cyber Crime,Industrial Area,28.61355732404416,77.21381972788531,phishing incident reported. CCTV available,Male,0
2022-06-17 03:45:00,3,4,Assault,Suburb B,28.59425127514503,77.20533884246082,attack incident reported. Witness present,Unknown,0
2023-10-29 09:24:00,9,6,Homicide,Westside,28.624058767420145,77.18307710443598,killed incident reported. No leads yet,Unknown,0
2023-08-20 11:28:00,11,6,Burglary,Suburb A,28.617247418218597,77.21067985121076,door incident reported. CCTV available,Female,0
2023-06-17 04:33:00,4,5,Assault,Downtown,28.614588124259793,77.22628598164431,injury incident reported. No leads yet,Male,0
2023-07-06 19:42:00,19,3,Assault,Southside,28.619473975247477,77.23363453163928,kicked incident reported. No leads yet,Female,1
2022-03-25 14:00:00,14,4,Cyber Crime,Westside,28.5973401747401,77.21126540945365,hacked incident reported. CCTV available,Female,0
2022-07-31 13:31:00,13,6,Burglary,Suburb B,28.61530777977317,77.19117909177075,entered incident reported. Witness present,Unknown,0
2023-10-16 00:13:00,0,0,Cyber Crime,Suburb B,28.629838250034858,77.24774455509755,hacked incident reported. Witness present,Unknown,0
2023-09-17 15:53:00,15,6,Assault,Westside,28.61361656542527,77.2174170181379,punched incident reported. Witness present,Female,1
2022-04-18 14:29:00,14,0,Theft,Suburb A,28.61530864126359,77.19710692216822,pickpocket incident reported. No leads yet,Female,0
2023-08-23 06:14:00,6,2,Cyber Crime,Northside,28.583553995369968,77.19723710861508,ransomware incident reported. Evidence collected,Unknown,0
2023-04-21 23:00:00,23,4,Cyber Crime,Eastside,28.590700693650806,77.23740170130098,hacked incident reported. Evidence collected,Male,0
2022-05-05 18:15:00,18,3,Assault,Downtown,28.61198150510128,77.20323467784922,beaten incident reported. Witness present,Male,0
2023-08-11 15:19:00,15,4,Burglary,Suburb A,28.628719230413132,77.19030414828573,window incident reported. Evidence collected,Female,0
2023-08-11 01:44:00,1,4,Cyber Crime,Northside,28.601118932699926,77.2101345378208,hacked incident reported. CCTV available,Unknown,0
2022-12-02 01:56:00,1,4,Burglary,Westside,28.63104614985706,77.21736141741948,entered incident reported. No leads yet,Male,0
2022-03-13 10:59:00,10,6,Kidnapping,Eastside,28.618038752375266,77.21030196225394,missing child incident reported. No leads yet,Female,1
2022-03-22 06:44:00,6,1,Cyber Crime,Suburb B,28.620570597592113,77.21236088175216,ransomware incident reported. Witness present,Unknown,0
2023-09-26 01:45:00,1,1,Theft,Suburb A,28.596733795420384,77.20976798702722,pickpocket incident reported. Evidence collected,Unknown,0
2023-01-11 20:18:00,20,2,Kidnapping,Eastside,28.59600518901804,77.21035137571502,held captive incident reported. No leads yet,Male,0
2022-09-03 18:31:00,18,5,Burglary,Suburb A,28.6058892009752,77.25132302704638,broke incident reported. Evidence collected,Female,0
2023-01-24 09:15:00,9,1,Fraud,Downtown,28.61323509360414,77.18559600722898,fake incident reported. No leads yet,Unknown,0
2023-05-13 05:29:00,5,5,Theft,Southside,28.611663663155387,77.21765597909396,pickpocket incident reported. No leads yet,Unknown,0
2022-01-05 10:58:00,10,2,Robbery,Westside,28.641789399102542,77.19917579333436,forcibly incident reported. CCTV available,Male,0
2022-09-20 02:52:00,2,1,Fraud,Northside,28.58752620043294,77.22261395019052,forgery incident reported. CCTV available,Male,0
2023-10-12 06:21:00,6,3,Homicide,Suburb B,28.59089002156834,77.20173074264154,stabbed incident reported. Evidence collected,Female,1
2022-02-08 06:42:00,6,1,Theft,Southside,28.609606325241483,77.207839442445,stole incident reported. CCTV available,Female,0
2022-05-27 15:26:00,15,4,Robbery,Suburb B,28.625386074284574,77.19760609529523,mugged incident reported. Evidence collected,Male,0
2022-09-27 20:16:00,20,1,Homicide,Industrial Area,28.60933784579722,77.20876216078418,killed incident reported. Witness present,Male,0
2023-08-30 10:50:00,10,2,Robbery,Downtown,28.616393299291982,77.2106304529118,gun incident reported. No leads yet,Unknown,0
2023-05-23 12:16:00,12,1,Theft,Southside,28.621166762920378,77.22306399182736,missing incident reported. No leads yet,Male,0
2022-10-04 10:48:00,10,1,Cyber Crime,Northside,28.620443901927516,77.21655975872515,ransomware incident reported. No leads yet,Unknown,0
2022-05-20 15:07:00,15,4,Kidnapping,Westside,28.58752961388756,77.20983712831944,held captive incident reported. Evidence collected,Male,1
2022-04-19 12:53:00,12,1,Homicide,Downtown,28.621891792466695,77.2211490199095,murder incident reported. Evidence collected,Male,0
2023-06-04 15:13:00,15,6,Kidnapping,Industrial Area,28.60236082042944,77.19801601208519,missing child incident reported. Witness present,Unknown,0
2022-08-08 12:18:00,12,0,Kidnapping,Industrial Area,28.60433165541194,77.21794023166485,abducted incident reported. Witness present,Male,0
2022-01-09 19:00:00,19,6,Assault,Suburb A,28.631131350915403,77.20220899821182,injury incident reported. Evidence collected,Male,0
2022-07-10 17:08:00,17,6,Fraud,Southside,28.629032705227118,77.21105799681942,fake incident reported. Evidence collected,Female,0
2022-09-26 02:41:00,2,0,Burglary,Eastside,28.611828570380627,77.20547692950304,forced incident reported. No leads yet,Male,0
2023-04-18 04:00:00,4,1,Homicide,Westside,28.62634352274337,77.21442629694646,shot incident reported. CCTV available,Male,1
2022-04-13 18:13:00,18,2,Burglary,Westside,28.651830423794127,77.19479625595005,entered incident reported. Evidence collected,Female,0
2022-03-02 19:30:00,19,2,Homicide,Northside,28.622535028367167,77.20017998316982,murder incident reported. CCTV available,Unknown,0
2023-07-12 14:01:00,14,2,Kidnapping,Southside,28.59941188355019,77.20881888104942,ransom incident reported. No leads yet,Unknown,0
2022-07-29 05:11:00,5,4,Cyber Crime,Northside,28.616189207990118,77.25763622591766,phishing incident reported. Witness present,Female,0
2022-10-24 00:16:00,0,0,Robbery,Southside,28.610830903071946,77.19016368784193,mugged incident reported. Evidence collected,Female,1
2022-02-06 06:19:00,6,6,Fraud,Suburb B,28.618450178624908,77.1744226660409,fake incident reported. Evidence collected,Male,0
2023-05-02 00:09:00,0,1,Fraud,Industrial Area,28.612367386956596,77.20926708803826,scam incident reported. Witness present,Unknown,0
2022-02-05 01:38:00,1,5,Cyber Crime,Eastside,28.627143339715754,77.22522703749047,identity theft incident reported. Witness present,Female,0
2022-03-13 18:23:00,18,6,Robbery,Suburb B,28.605507173018207,77.20648976642283,gun incident reported. CCTV available,Unknown,0
2023-04-22 15:38:00,15,5,Cyber Crime,Downtown,28.601131319489824,77.19019895741988,phishing incident reported. Witness present,Male,1
2022-12-08 18:00:00,18,3,Theft,Industrial Area,28.61906491298968,77.18777357419006,stole incident reported. Witness present,Male,0
2022-02-05 20:28:00,20,5,Burglary,Southside,28.606989551657136,77.19241376733501,door incident reported. No leads yet,Male,0
2023-08-03 01:47:00,1,3,Kidnapping,Northside,28.623061386438174,77.23902383498778,missing child incident reported. Witness present,Unknown,0
2022-05-03 00:51:00,0,1,Homicide,Suburb A,28.59220686695328,77.17811635861838,shot incident reported. Evidence collected,Unknown,0
2023-05-23 03:36:00,3,1,Burglary,Northside,28.611818551910833,77.20926162993263,window incident reported. CCTV available,Female,0
2022-11-10 07:26:00,7,3,Theft,Southside,28.617544321779288,77.2015613247461,missing incident reported. Witness present,Male,0
2022-07-08 11:09:00,11,4,Assault,Suburb B,28.610556011686242,77.21512517350901,kicked incident reported. Witness present,Male,0
2023-08-25 08:48:00,8,4,Assault,Southside,28.631240514877415,77.17641585382803,punched incident reported. CCTV available,Unknown,0
2022-11-09 23:52:00,23,2,Kidnapping,Industrial Area,28.607751009349478,77.21256347989902,abducted incident reported. Witness present,Male,0
2023-11-22 05:26:00,5,2,Cyber Crime,Suburb A,28.59860039825649,77.23785282719612,phishing incident reported. No leads yet,Male,0
2023-02-23 02:41:00,2,3,Kidnapping,Westside,28.603309835329522,77.20831178854988,missing child incident reported. CCTV available,Unknown,0
2022-12-20 22:22:00,22,1,Cyber Crime,Northside,28.62316703494737,77.19914525351997,hacked incident reported. Evidence collected,Female,1
2023-08-12 21:07:00,21,5,Cyber Crime,Northside,28.583123782536592,77.20185575788473,identity theft incident reported. CCTV available,Male,0
2023-09-14 17:56:00,17,3,Fraud,Westside,28.631057342598783,77.20338508122025,forgery incident reported. Witness present,Female,0
2022-08-08 14:24:00,14,0,Theft,Downtown,28.59979276164235,77.22442787015838,missing incident reported. No leads yet,Unknown,0
2022-09-23 00:32:00,0,4,Robbery,Industrial Area,28.608387085066283,77.2004973197725,gun incident reported. Evidence collected,Unknown,0
2023-08-09 01:31:00,1,2,Homicide,Southside,28.616390934827724,77.22184583682699,dead incident reported. Evidence collected,Male,0
2023-02-18 18:47:00,18,5,Robbery,Suburb B,28.65359522552888,77.22278726846096,threat incident reported. Witness present,Unknown,0
2022-11-30 07:17:00,7,2,Homicide,Suburb B,28.633230666106474,77.20056723001687,dead incident reported. Witness present,Female,0
2022-05-01 07:36:00,7,6,Fraud,Suburb A,28.596802198233842,77.210038855827,fake incident reported. Evidence collected,Female,0
2022-06-22 02:10:00,2,2,Robbery,Industrial Area,28.615686165254328,77.19102478764393,threat incident reported. Evidence collected,Unknown,0
2023-01-03 10:00:00,10,1,Robbery,Eastside,28.6109784245016,77.21565529336199,gun incident reported. No leads yet,Male,1
2022-09-12 09:47:00,9,0,Fraud,Industrial Area,28.619906556583636,77.21740479755641,scam incident reported. Evidence collected,Male,0
2023-06-13 16:36:00,16,1,Assault,Northside,28.61874941216896,77.20054985567883,punched incident reported. Evidence collected,Female,1
2023-08-17 02:24:00,2,3,Burglary,Eastside,28.605334989555853,77.1890174767001,entered incident reported. No leads yet,Male,0
2023-08-19 21:34:00,21,5,Kidnapping,Downtown,28.643646250653084,77.20922417274366,ransom incident reported. CCTV available,Female,1
2023-07-11 02:54:00,2,1,Fraud,Industrial Area,28.610152449070085,77.1935201319758,scam incident reported. Evidence collected,Female,0
2022-01-24 19:52:00,19,0,Homicide,Eastside,28.662827631705465,77.19111119946295,dead incident reported. Witness present,Male,0
2023-04-02 02:59:00,2,6,Assault,Northside,28.606752534573232,77.2159306139381,beaten incident reported. CCTV available,Female,1
2023-12-12 08:21:00,8,1,Burglary,Westside,28.623903549429073,77.2249655342536,entered incident reported. CCTV available,Male,0
2023-11-12 00:04:00,0,6,Cyber Crime,Eastside,28.644026808462822,77.21743596092435,ransomware incident reported. No leads yet,Female,0
2023-02-25 00:28:00,0,5,Cyber Crime,Suburb B,28.596299486667224,77.20471758124798,ransomware incident reported. CCTV available,Unknown,0
2023-08-19 22:17:00,22,5,Fraud,Suburb B,28.6190305395419,77.2434704340251,scam incident reported. Evidence collected,Female,0
2022-03-01 17:08:00,17,1,Homicide,Downtown,28.590603242026262,77.22904294175376,killed incident reported. Evidence collected,Male,0
2023-12-07 16:09:00,16,3,Burglary,Eastside,28.616898572825775,77.22296384225383,forced incident reported. Evidence collected,Unknown,0
2022-06-02 12:09:00,12,3,Theft,Suburb A,28.61220008805607,77.19495945616457,pickpocket incident reported. CCTV available,Unknown,0
2023-12-07 10:57:00,10,3,Burglary,Industrial Area,28.626414546323357,77.2199071837851,forced incident reported. Witness present,Male,0
2023-02-26 09:10:00,9,6,Robbery,Suburb A,28.630100949428996,77.20877825607703,demanded incident reported. Evidence collected,Female,1
2022-06-13 19:06:00,19,0,Burglary,Suburb A,28.603902966278003,77.18302021674961,window incident reported. Evidence collected,Male,0
2023-10-06 05:50:00,5,4,Cyber Crime,Suburb A,28.62755622113566,77.2160648247074,identity theft incident reported. Evidence collected,Unknown,1
2022-02-02 01:29:00,1,2,Burglary,Eastside,28.5978036227856,77.20002377211172,window incident reported. Evidence collected,Male,0
2022-02-25 02:08:00,2,4,Robbery,Southside,28.606120686467477,77.1842835928003,gun incident reported. Witness present,Female,1
2022-07-25 04:36:00,4,0,Fraud,Northside,28.60027196005658,77.19010282738657,scam incident reported. CCTV available,Female,1
2023-06-30 22:23:00,22,4,Theft,Industrial Area,28.60702534980187,77.19668837502785,missing incident reported. Witness present,Unknown,0
2022-09-22 09:24:00,9,3,Theft,Westside,28.586783251318888,77.24270983717616,wallet incident reported. No leads yet,Unknown,0
2023-03-06 07:54:00,7,0,Homicide,Suburb B,28.634775678850488,77.19601634297467,dead incident reported. CCTV available,Male,0
2022-08-31 00:23:00,0,2,Kidnapping,Eastside,28.618440356610893,77.21595775149703,missing child incident reported. CCTV available,Unknown,0
2022-08-29 11:35:00,11,0,Fraud,Northside,28.63375143091289,77.195356582889,fake incident reported. Witness present,Female,0
2022-11-22 03:47:00,3,1,Burglary,Industrial Area,28.63210177973304,77.19986824492989,window incident reported. No leads yet,Unknown,0
2022-01-04 16:25:00,16,1,Fraud,Suburb B,28.591635626597192,77.22106894265525,forgery incident reported. Witness present,Female,0
2022-05-14 08:04:00,8,5,Kidnapping,Suburb B,28.63541264040204,77.25213181622551,ransom incident reported. CCTV available,Unknown,0
2023-04-30 14:53:00,14,6,Assault,Southside,28.593904578915165,77.22064866141801,kicked incident reported. CCTV available,Unknown,1
2022-01-16 01:26:00,1,6,Assault,Westside,28.607069979270108,77.22205597850873,attack incident reported. Witness present,Unknown,0
2022-05-09 07:20:00,7,0,Homicide,Eastside,28.589391840812812,77.18795383707169,shot incident reported. No leads yet,Female,1
2023-07-15 04:07:00,4,5,Burglary,Northside,28.600968752947225,77.21031606742781,window incident reported. CCTV available,Female,0
2023-09-12 23:48:00,23,1,Cyber Crime,Southside,28.60321531222436,77.21998423906523,phishing incident reported. Evidence collected,Female,0
2023-02-14 21:44:00,21,1,Homicide,Westside,28.631014910304298,77.21899295902075,dead incident reported. Evidence collected,Unknown,0
2023-11-18 22:39:00,22,5,Kidnapping,Eastside,28.640879793994348,77.21593044382426,missing child incident reported. No leads yet,Unknown,0
2022-09-13 00:54:00,0,1,Fraud,Eastside,28.593618388160998,77.23172294189231,cheated incident reported. Witness present,Female,0
2022-03-08 16:33:00,16,1,Homicide,Suburb B,28.6038140627399,77.22417364166142,shot incident reported. No leads yet,Unknown,1
2022-09-23 00:22:00,0,4,Assault,Northside,28.640128903609252,77.2166114668455,kicked incident reported. CCTV available,Male,0
2022-11-15 06:42:00,6,1,Homicide,Northside,28.58896401978059,77.19369646389151,dead incident reported. Evidence collected,Unknown,0
2023-12-27 12:03:00,12,2,Homicide,Suburb B,28.635945741114753,77.20618128857262,murder incident reported. No leads yet,Male,0
2022-05-26 03:45:00,3,3,Fraud,Downtown,28.615226225582372,77.22164707360272,scam incident reported. Witness present,Male,0
2022-04-18 19:28:00,19,0,Theft,Northside,28.625505381034674,77.21364666353976,stole incident reported. Evidence collected,Male,0
2022-08-03 09:58:00,9,2,Kidnapping,Northside,28.610422193812994,77.2037888592378,held captive incident reported. Evidence collected,Male,0
2023-08-27 14:48:00,14,6,Fraud,Downtown,28.628198313754858,77.21822615885114,forgery incident reported. Witness present,Unknown,0
2022-12-30 21:45:00,21,4,Theft,Westside,28.60961166665637,77.22703520521655,missing incident reported. No leads yet,Male,0
2023-06-21 10:55:00,10,2,Cyber Crime,Downtown,28.611749431414506,77.19480563042777,phishing incident reported. No leads yet,Unknown,0
2022-12-15 07:21:00,7,3,Burglary,Northside,28.601250488351614,77.19268765272817,entered incident reported. No leads yet,Male,0
2023-06-20 23:00:00,23,1,Kidnapping,Southside,28.609359833056605,77.22956207130561,abducted incident reported. Witness present,Female,1
2023-04-25 03:26:00,3,1,Assault,Suburb B,28.600481746982826,77.21214126268364,beaten incident reported. Evidence collected,Male,0
2023-09-23 15:53:00,15,5,Burglary,Southside,28.602955177572877,77.20466151597881,door incident reported. No leads yet,Male,0
2022-09-15 15:31:00,15,3,Assault,Eastside,28.588732646466912,77.20532436284739,kicked incident reported. Evidence collected,Female,1
2023-04-04 13:35:00,13,1,Assault,Downtown,28.610671577003252,77.21800479906726,beaten incident reported. Evidence collected,Male,0
2023-11-21 23:45:00,23,1,Cyber Crime,Suburb A,28.617621348554255,77.18902679791746,hacked incident reported. Evidence collected,Female,0
2022-06-23 20:16:00,20,3,Homicide,Eastside,28.631969970734062,77.21250505067037,shot incident reported. Witness present,Male,0
2022-06-16 03:25:00,3,3,Theft,Suburb B,28.617206558619625,77.20884696077692,pickpocket incident reported. CCTV available,Unknown,0
2023-04-12 08:25:00,8,2,Kidnapping,Downtown,28.605270709212963,77.21263003899581,ransom incident reported. Evidence collected,Female,1
2023-03-24 19:44:00,19,4,Assault,Eastside,28.621826473932146,77.17988507181092,attack incident reported. Witness present,Unknown,0
2022-04-02 10:03:00,10,5,Assault,Suburb B,28.6049206527109,77.2047508838266,injury incident reported. Evidence collected,Female,1
2022-01-05 15:59:00,15,2,Theft,Eastside,28.618169510094905,77.22888851676545,purse incident reported. CCTV available,Male,0
2022-06-10 09:54:00,9,4,Robbery,Northside,28.601037653090053,77.20070063588638,threat incident reported. Witness present,Unknown,0
2022-10-23 17:54:00,17,6,Homicide,Northside,28.605357764822557,77.1956412068316,stabbed incident reported. Evidence collected,Male,1
2023-03-12 19:51:00,19,6,Assault,Downtown,28.608113558414797,77.22184670366647,punched incident reported. Witness present,Female,1
2022-04-14 11:58:00,11,3,Assault,Suburb B,28.59633607507726,77.21613023991922,beaten incident reported. No leads yet,Female,1
2023-12-17 09:25:00,9,6,Robbery,Eastside,28.58553496283303,77.19964436672596,mugged incident reported. CCTV available,Unknown,0
2022-08-27 09:35:00,9,5,Assault,Northside,28.608408511663036,77.2369143278819,punched incident reported. CCTV available,Male,0
2023-05-26 13:16:00,13,4,Burglary,Industrial Area,28.609319961587456,77.17231260877583,door incident reported. No leads yet,Unknown,0
2022-05-06 10:30:00,10,4,Robbery,Suburb A,28.580585184885646,77.20956715977245,gun incident reported. Witness present,Female,1
2023-07-14 02:57:00,2,4,Kidnapping,Industrial Area,28.624129514263167,77.21525759762713,missing child incident reported. Witness present,Female,1
2023-08-30 11:48:00,11,2,Kidnapping,Northside,28.616692835096686,77.22837099329176,missing child incident reported. No leads yet,Female,1
2023-10-17 01:48:00,1,1,Kidnapping,Southside,28.604906812987714,77.22391517593378,abducted incident reported. Witness present,Male,0
2022-10-30 09:27:00,9,6,Cyber Crime,Westside,28.58669975191623,77.1939175361177,identity theft incident reported. Witness present,Female,0
2022-02-07 11:04:00,11,0,Kidnapping,Northside,28.583782643417806,77.20441924498884,abducted incident reported. No leads yet,Male,0
2022-05-06 11:24:00,11,4,Homicide,Industrial Area,28.61312897971223,77.21090169153712,murder incident reported. No leads yet,Unknown,0
2023-11-12 23:03:00,23,6,Robbery,Northside,28.614931389214785,77.1935407778198,threat incident reported. Evidence collected,Female,1
2022-07-10 14:18:00,14,6,Assault,Westside,28.610729319259782,77.18404255552323,injury incident reported. Witness present,Unknown,0
2023-01-28 01:10:00,1,5,Burglary,Suburb A,28.63662048291887,77.2039395654517,window incident reported. No leads yet,Female,0
2022-06-01 14:11:00,14,2,Homicide,Downtown,28.60575189801594,77.2354823388074,stabbed incident reported. Witness present,Female,0
2022-01-11 14:41:00,14,1,Fraud,Eastside,28.593195891107513,77.19024021476613,scam incident reported. Witness present,Male,0
2022-12-13 06:46:00,6,1,Fraud,Industrial Area,28.595629661252193,77.20786881030502,cheated incident reported. Witness present,Female,0
2022-08-12 16:27:00,16,4,Kidnapping,Downtown,28.62109386049396,77.22132792446864,abducted incident reported. CCTV available,Female,1
2023-06-14 16:25:00,16,2,Robbery,Southside,28.65676658862492,77.17150945909665,demanded incident reported. Witness present,Male,0
2022-09-23 00:22:00,0,4,Theft,Southside,28.624045593152076,77.19971449045713,pickpocket incident reported. Evidence collected,Female,0
2022-12-02 19:54:00,19,4,Kidnapping,Suburb B,28.60412641418519,77.1986704645291,ransom incident reported. Witness present,Female,1
2023-11-30 20:47:00,20,3,Cyber Crime,Suburb B,28.598753838819867,77.23707541391006,identity theft incident reported. No leads yet,Female,1
2023-05-27 22:21:00,22,5,Cyber Crime,Westside,28.627938288783565,77.20938659964263,hacked incident reported. Evidence collected,Male,0
2022-09-05 16:16:00,16,0,Burglary,Southside,28.636416929208117,77.1837911839117,window incident reported. Witness present,Female,0
2023-04-12 23:13:00,23,2,Burglary,Downtown,28.591721581144487,77.17270053779676,entered incident reported. No leads yet,Unknown,0
2022-04-16 03:48:00,3,5,Assault,Industrial Area,28.602243090997945,77.21169497544508,injury incident reported. No leads yet,Female,1
2023-09-14 03:31:00,3,3,Assault,Suburb B,28.615614309632207,77.211489031851,attack incident reported. Witness present,Male,1
2023-09-24 17:23:00,17,6,Assault,Westside,28.5903823861489,77.22238591237691,injury incident reported. Witness present,Female,1
2022-02-03 11:11:00,11,3,Assault,Suburb B,28.61789379197065,77.22121757135777,beaten incident reported. Witness present,Unknown,1
2022-07-11 00:57:00,0,0,Burglary,Suburb B,28.582353963706833,77.2141915143133,broke incident reported. Evidence collected,Unknown,0
2022-09-30 05:43:00,5,4,Fraud,Westside,28.594103912668043,77.20237794579081,scam incident reported. No leads yet,Female,0
2023-07-14 00:55:00,0,4,Assault,Industrial Area,28.62280608164394,77.21051822677093,punched incident reported. Witness present,Female,1
2022-03-24 12:59:00,12,3,Robbery,Industrial Area,28.599707667003678,77.20910455260308,gun incident reported. Evidence collected,Male,0
2022-10-26 18:12:00,18,2,Robbery,Southside,28.588374411412605,77.22817112326497,threat incident reported. CCTV available,Female,1
2022-10-14 12:36:00,12,4,Robbery,Northside,28.610478599675062,77.22764249907092,demanded incident reported. No leads yet,Female,1
2023-03-20 07:58:00,7,0,Theft,Eastside,28.605124471881734,77.20027373352656,pickpocket incident reported. CCTV available,Unknown,1
2022-09-24 01:10:00,1,5,Cyber Crime,Suburb A,28.601163553556038,77.22360289886156,phishing incident reported. Witness present,Male,0
2022-05-11 14:44:00,14,2,Burglary,Industrial Area,28.60207614737786,77.21974325720693,broke incident reported. Witness present,Male,0
2023-08-10 03:52:00,3,3,Fraud,Eastside,28.60752579337218,77.17606727833514,cheated incident reported. No leads yet,Female,0
2022-03-02 04:53:00,4,2,Fraud,Suburb B,28.60439476553689,77.18934819642729,cheated incident reported. Witness present,Female,0
2023-04-10 05:35:00,5,0,Homicide,Suburb A,28.614465045394706,77.18915987107209,stabbed incident reported. CCTV available,Male,0
2022-01-24 14:46:00,14,0,Theft,Suburb B,28.629332918345245,77.20748206899412,pickpocket incident reported. No leads yet,Female,0
2023-01-08 13:54:00,13,6,Theft,Southside,28.610940066754022,77.2199315356298,stole incident reported. Witness present,Male,0
2023-09-02 01:10:00,1,5,Burglary,Northside,28.62996511556793,77.20866502080385,forced incident reported. Witness present,Female,0
2023-09-27 01:17:00,1,2,Homicide,Downtown,28.60104666167418,77.17943383973147,murder incident reported. CCTV available,Unknown,0
2022-07-17 07:13:00,7,6,Burglary,Downtown,28.60246583738275,77.19871312922254,broke incident reported. Evidence collected,Male,0
2022-06-07 11:57:00,11,1,Cyber Crime,Suburb A,28.615684290883205,77.20324755198104,phishing incident reported. CCTV available,Male,0
2022-10-18 10:50:00,10,1,Theft,Eastside,28.62536554953419,77.19878361214549,purse incident reported. CCTV available,Female,0
2023-12-13 06:39:00,6,2,Robbery,Eastside,28.612949313885785,77.22873312405328,demanded incident reported. Witness present,Male,0
2023-02-08 05:37:00,5,2,Fraud,Southside,28.61959708689925,77.20799937430519,scam incident reported. CCTV available,Male,0
2023-08-01 23:47:00,23,1,Robbery,Northside,28.603867592634415,77.19844614338808,demanded incident reported. CCTV available,Male,0
2022-04-03 05:56:00,5,6,Theft,Industrial Area,28.599723112450803,77.19998321890363,pickpocket incident reported. CCTV available,Female,0
2023-09-19 19:39:00,19,1,Burglary,Downtown,28.62649443064574,77.20530186214513,window incident reported. No leads yet,Male,0
2022-07-22 02:30:00,2,4,Kidnapping,Westside,28.59140378217698,77.23846948821766,missing child incident reported. Evidence collected,Unknown,0
2022-01-16 12:11:00,12,6,Homicide,Northside,28.619232753185752,77.18555094332478,shot incident reported. CCTV available,Unknown,0
2023-09-30 03:37:00,3,5,Burglary,Southside,28.606535851212655,77.21084810638048,entered incident reported. Evidence collected,Female,0
2023-05-09 11:14:00,11,1,Fraud,Southside,28.642309868221624,77.19053145902902,cheated incident reported. No leads yet,Female,0
2022-11-23 04:42:00,4,2,Fraud,Westside,28.6301673453226,77.23232477378288,fake incident reported. Evidence collected,Female,0
2023-09-28 13:07:00,13,3,Kidnapping,Eastside,28.60342242824876,77.204374773019,missing child incident reported. CCTV available,Male,1
2022-11-19 04:17:00,4,5,Theft,Eastside,28.596628179210438,77.20560898098199,stole incident reported. CCTV available,Male,0
2023-12-09 07:55:00,7,5,Cyber Crime,Suburb A,28.613290167094284,77.2199941666347,ransomware incident reported. Witness present,Male,0
2022-05-23 03:37:00,3,0,Assault,Westside,28.63206972451701,77.1965317322563,punched incident reported. No leads yet,Male,0
2023-05-12 18:29:00,18,4,Burglary,Westside,28.581111248929567,77.2086459203454,entered incident reported. CCTV available,Female,0
2023-12-11 23:16:00,23,0,Burglary,Southside,28.618792292166145,77.21315696146142,entered incident reported. CCTV available,Male,0
2023-10-06 21:20:00,21,4,Assault,Southside,28.60845544587485,77.21107920166106,punched incident reported. CCTV available,Unknown,0
2023-07-10 15:31:00,15,0,Theft,Suburb B,28.63915741347254,77.21536223614937,purse incident reported. Witness present,Female,0
2022-08-02 07:48:00,7,1,Burglary,Suburb B,28.607677192916615,77.20066336971507,door incident reported. Evidence collected,Female,1
2022-06-19 10:29:00,10,6,Homicide,Suburb B,28.61106912737204,77.23627899936385,killed incident reported. CCTV available,Female,1
2023-10-14 16:50:00,16,5,Cyber Crime,Eastside,28.610844988174563,77.208670094258,ransomware incident reported. No leads yet,Unknown,0
2023-12-29 15:08:00,15,4,Fraud,Southside,28.605861440484396,77.2273163892907,cheated incident reported. No leads yet,Male,0
2023-05-09 04:42:00,4,1,Burglary,Suburb A,28.646563954245746,77.21651021749052,forced incident reported. CCTV available,Female,0
2022-03-24 18:25:00,18,3,Burglary,Southside,28.615279548396426,77.20961304721958,forced incident reported. Evidence collected,Male,0
2022-04-19 17:11:00,17,1,Cyber Crime,Suburb B,28.574161553520238,77.22141918107141,ransomware incident reported. No leads yet,Male,0
2022-06-26 17:26:00,17,6,Robbery,Westside,28.616136106933265,77.21613903417769,gun incident reported. Witness present,Male,0
2022-06-16 07:59:00,7,3,Homicide,Northside,28.602042296765273,77.20259238535039,murder incident reported. Evidence collected,Female,0
2022-01-14 19:44:00,19,4,Fraud,Suburb B,28.607049584391614,77.22602704973455,forgery incident reported. Evidence collected,Male,0
2022-05-18 13:25:00,13,2,Theft,Westside,28.607587336056618,77.2437110053685,stole incident reported. CCTV available,Female,0
2023-03-17 06:11:00,6,4,Assault,Industrial Area,28.62108104031692,77.18773862233341,punched incident reported. Witness present,Female,1
2023-09-22 02:03:00,2,4,Assault,Eastside,28.611757561779136,77.19813874796407,kicked incident reported. Witness present,Male,0
2022-05-18 05:19:00,5,2,Kidnapping,Northside,28.577326958836334,77.2356578490019,missing child incident reported. No leads yet,Male,0
2022-01-06 22:02:00,22,3,Fraud,Downtown,28.625619042370335,77.21788678863166,forgery incident reported. Evidence collected,Unknown,0
2022-11-25 12:17:00,12,4,Fraud,Northside,28.616656727671664,77.18596637385512,scam incident reported. No leads yet,Unknown,0
2023-03-23 04:25:00,4,3,Homicide,Eastside,28.605839714340743,77.22302967957974,stabbed incident reported. Evidence collected,Unknown,0
2022-01-16 18:20:00,18,6,Robbery,Industrial Area,28.596379666170293,77.16680384472916,forcibly incident reported. Evidence collected,Male,0
2023-04-01 13:42:00,13,5,Burglary,Eastside,28.610114899870318,77.20663737409954,entered incident reported. No leads yet,Unknown,0
2022-04-28 00:41:00,0,3,Homicide,Westside,28.61615939027358,77.22114197739191,shot incident reported. CCTV available,Unknown,1
2022-05-21 06:45:00,6,5,Assault,Suburb B,28.624526763537187,77.2133128300874,attack incident reported. Evidence collected,Female,1
2022-07-21 14:11:00,14,3,Kidnapping,Industrial Area,28.633825523134778,77.18368383698645,ransom incident reported. No leads yet,Unknown,0
2023-03-07 01:27:00,1,1,Robbery,Westside,28.62230969690796,77.21944230605561,mugged incident reported. Evidence collected,Unknown,0
2022-10-12 13:51:00,13,2,Assault,Industrial Area,28.59324062856533,77.18395215652197,punched incident reported. No leads yet,Female,1
2022-01-21 02:53:00,2,4,Kidnapping,Eastside,28.601467631225407,77.19797430929141,missing child incident reported. Evidence collected,Male,0
2022-06-22 09:35:00,9,2,Robbery,Industrial Area,28.626456991058376,77.19875768693848,demanded incident reported. Evidence collected,Female,1
2023-05-24 05:14:00,5,2,Homicide,Suburb A,28.599627524695315,77.19880610438842,murder incident reported. No leads yet,Female,0
2023-08-10 08:28:00,8,3,Theft,Southside,28.632543872235903,77.20921738957296,purse incident reported. CCTV available,Female,0
2022-08-19 12:53:00,12,4,Burglary,Suburb B,28.61091248291072,77.20716657502165,forced incident reported. No leads yet,Unknown,0
2022-06-27 06:33:00,6,0,Fraud,Westside,28.635434338905444,77.19651380455662,scam incident reported. CCTV available,Male,0
2022-08-21 16:55:00,16,6,Cyber Crime,Suburb A,28.635825138182337,77.2125082716487,ransomware incident reported. Witness present,Female,0
2022-04-04 12:46:00,12,0,Homicide,Eastside,28.611226343633746,77.25068167496558,killed incident reported. Evidence collected,Female,0
2022-02-03 18:49:00,18,3,Robbery,Industrial Area,28.59630600850336,77.20310523734055,forcibly incident reported. Evidence collected,Unknown,1
2022-11-09 15:54:00,15,2,Fraud,Northside,28.593359479347267,77.22487436617561,cheated incident reported. CCTV available,Female,0
2022-08-06 14:03:00,14,5,Fraud,Suburb B,28.642053148894195,77.23683204635675,forgery incident reported. CCTV available,Male,0
2023-03-02 08:57:00,8,3,Fraud,Industrial Area,28.634299145885766,77.20570632553674,forgery incident reported. Witness present,Male,0
2023-02-18 17:59:00,17,5,Assault,Suburb A,28.60781265037517,77.18114717045843,punched incident reported. CCTV available,Unknown,0
2023-06-14 23:38:00,23,2,Theft,Downtown,28.647831225586366,77.21681630130247,wallet incident reported. Evidence collected,Male,0
2022-01-12 16:19:00,16,2,Cyber Crime,Downtown,28.605700718252177,77.23113428148312,identity theft incident reported. Evidence collected,Unknown,0
2022-10-25 07:23:00,7,1,Fraud,Suburb B,28.597687258054002,77.21577703390372,scam incident reported. Witness present,Male,0
2023-12-24 07:28:00,7,6,Homicide,Suburb B,28.61102284776182,77.219644618998,murder incident reported. Evidence collected,Unknown,0
2023-02-10 15:41:00,15,4,Kidnapping,Eastside,28.612840441013567,77.18481786848149,held captive incident reported. Evidence collected,Male,0
2023-07-16 04:11:00,4,6,Burglary,Suburb B,28.61515960621117,77.22648106903127,window incident reported. CCTV available,Female,0
2022-03-25 19:01:00,19,4,Kidnapping,Suburb B,28.613413059902435,77.22191858535982,ransom incident reported. Evidence collected,Female,1
2023-02-01 15:48:00,15,2,Robbery,Suburb B,28.5964745085721,77.20856232011218,threat incident reported. No leads yet,Male,0
2023-02-14 00:47:00,0,1,Cyber Crime,Suburb A,28.60349149241519,77.22144968066841,ransomware incident reported. Witness present,Male,0
2022-05-23 03:44:00,3,0,Kidnapping,Downtown,28.614424859371034,77.22050122793895,held captive incident reported. Evidence collected,Female,1
2023-07-13 12:43:00,12,3,Kidnapping,Downtown,28.632028507102632,77.22052697625203,missing child incident reported. Evidence collected,Female,1
2022-03-13 12:48:00,12,6,Burglary,Downtown,28.618451973904897,77.19236312902481,door incident reported. Witness present,Female,0
2023-06-06 19:05:00,19,1,Burglary,Industrial Area,28.613853564822218,77.2001151599664,window incident reported. CCTV available,Male,0
2022-07-28 07:29:00,7,3,Assault,Industrial Area,28.6081656007216,77.20275776415417,punched incident reported. No leads yet,Unknown,0
2022-11-12 19:16:00,19,5,Burglary,Suburb B,28.597567907086965,77.1763776901811,broke incident reported. Witness present,Unknown,0
2023-12-14 18:34:00,18,3,Robbery,Northside,28.602764282527872,77.2122229908654,demanded incident reported. CCTV available,Unknown,0
2023-12-05 20:38:00,20,1,Theft,Northside,28.59143038257621,77.20926137060786,purse incident reported. No leads yet,Female,0
2023-04-06 00:24:00,0,3,Burglary,Northside,28.645571140405185,77.22605094258753,door incident reported. No leads yet,Unknown,0
2022-07-14 00:23:00,0,3,Homicide,Southside,28.641292358485344,77.21551879794889,killed incident reported. CCTV available,Female,0
2023-11-06 07:51:00,7,0,Theft,Southside,28.633358497049777,77.19693392115887,stole incident reported. No leads yet,Unknown,0
2023-07-06 03:26:00,3,3,Kidnapping,Downtown,28.603160995549633,77.16334766323105,ransom incident reported. Witness present,Female,1
2023-11-26 03:21:00,3,6,Theft,Northside,28.63366909123404,77.23467206633033,missing incident reported. Witness present,Female,0
2023-11-01 16:05:00,16,2,Cyber Crime,Downtown,28.604680379244215,77.20476747156005,hacked incident reported. Evidence collected,Male,0
2023-05-03 01:59:00,1,2,Burglary,Suburb B,28.601335631438484,77.2153775591913,window incident reported. Evidence collected,Unknown,0
2022-07-28 00:32:00,0,3,Theft,Northside,28.632648875755056,77.17995380043531,wallet incident reported. Witness present,Female,0
2023-09-08 13:35:00,13,4,Burglary,Westside,28.620723975510707,77.20438880380469,forced incident reported. Evidence collected,Female,0
2023-11-08 00:29:00,0,2,Burglary,Suburb A,28.61578990653278,77.2166499000279,window incident reported. CCTV available,Unknown,0
2022-04-01 02:26:00,2,4,Theft,Suburb B,28.61076329268712,77.20727355244324,purse incident reported. No leads yet,Unknown,0
2022-04-23 05:51:00,5,5,Kidnapping,Suburb B,28.61033541387409,77.22517193669647,abducted incident reported. Witness present,Female,1
2022-01-18 07:39:00,7,1,Assault,Industrial Area,28.620879332668792,77.21267639229562,kicked incident reported. No leads yet,Male,0
2022-07-19 21:57:00,21,1,Homicide,Westside,28.59271747131513,77.20269033761312,killed incident reported. No leads yet,Female,0
2023-10-08 20:11:00,20,6,Homicide,Suburb A,28.62887781933899,77.20962827621874,shot incident reported. Evidence collected,Unknown,0
2022-03-25 05:00:00,5,4,Homicide,Southside,28.62489219115982,77.23844186333879,stabbed incident reported. Witness present,Female,0
2023-02-22 19:01:00,19,2,Assault,Southside,28.63121010115348,77.21055263896166,kicked incident reported. Evidence collected,Male,0
2022-07-07 17:58:00,17,3,Homicide,Industrial Area,28.605383513830073,77.16644084006573,dead incident reported. Witness present,Female,0
2023-09-17 12:41:00,12,6,Kidnapping,Downtown,28.611093584625454,77.20356645840306,ransom incident reported. Witness present,Male,0
2023-01-20 10:08:00,10,4,Homicide,Downtown,28.620406103239922,77.20643491288376,shot incident reported. CCTV available,Female,0
2023-05-29 02:44:00,2,0,Kidnapping,Suburb A,28.608560249009386,77.17934335115821,missing child incident reported. No leads yet,Female,1
2023-12-20 08:53:00,8,2,Burglary,Northside,28.598233869514168,77.21694418401334,door incident reported. No leads yet,Female,0
2023-05-26 07:33:00,7,4,Cyber Crime,Westside,28.64249846051888,77.20737457693758,phishing incident reported. Witness present,Unknown,0
2022-05-11 07:27:00,7,2,Theft,Suburb B,28.619363517892904,77.22487463594922,purse incident reported. No leads yet,Female,0
2022-10-18 18:04:00,18,1,Burglary,Suburb A,28.60038510106333,77.21511356738809,window incident reported. Witness present,Unknown,0
2022-05-19 23:03:00,23,3,Homicide,Southside,28.6015584982278,77.22341374064152,murder incident reported. Witness present,Unknown,0
2023-02-25 18:39:00,18,5,Burglary,Downtown,28.61642338413253,77.2139741968997,broke incident reported. No leads yet,Female,0
2023-08-06 18:26:00,18,6,Burglary,Eastside,28.600856690043024,77.22078387266018,door incident reported. Witness present,Female,0
2023-08-26 23:38:00,23,5,Robbery,Eastside,28.648645215353852,77.19220147174286,forcibly incident reported. No leads yet,Female,1
2023-07-24 16:29:00,16,0,Kidnapping,Industrial Area,28.608237349872542,77.21286012456947,held captive incident reported. Evidence collected,Unknown,0
2022-11-05 03:15:00,3,5,Homicide,Southside,28.62700677019993,77.19967422857852,stabbed incident reported. Witness present,Male,0
2022-04-08 10:12:00,10,4,Robbery,Northside,28.566682828497623,77.23165315823607,forcibly incident reported. Evidence collected,Male,0
2022-01-31 00:57:00,0,0,Assault,Westside,28.62657510199307,77.1799508744919,injury incident reported. No leads yet,Female,1
2022-05-31 19:46:00,19,1,Assault,Westside,28.60377385347034,77.23513637382545,kicked incident reported. Evidence collected,Unknown,0
2022-10-19 23:59:00,23,2,Assault,Eastside,28.638029940307632,77.22464400037799,kicked incident reported. No leads yet,Female,1
2022-11-26 04:57:00,4,5,Kidnapping,Southside,28.610964792767337,77.21038312364688,held captive incident reported. CCTV available,Male,0
2023-11-19 12:19:00,12,6,Burglary,Southside,28.6117179032479,77.22780399638782,forced incident reported. Witness present,Female,0
2022-02-26 16:11:00,16,5,Robbery,Suburb A,28.599302626558416,77.19557000575193,forcibly incident reported. No leads yet,Male,1
2023-03-15 19:51:00,19,2,Assault,Westside,28.630737909780603,77.20826064240815,injury incident reported. Witness present,Unknown,0
2023-08-06 17:58:00,17,6,Theft,Suburb A,28.636874455924232,77.19780812988365,stole incident reported. Evidence collected,Female,0
2023-05-01 21:23:00,21,0,Robbery,Downtown,28.612987027327687,77.19362645025261,forcibly incident reported. Evidence collected,Female,1
2023-06-23 13:36:00,13,4,Cyber Crime,Industrial Area,28.61402271135706,77.18435755105003,ransomware incident reported. Evidence collected,Male,0
2022-11-14 07:50:00,7,0,Homicide,Industrial Area,28.60577277631742,77.18506243558454,murder incident reported. CCTV available,Female,0
2022-08-19 02:42:00,2,4,Robbery,Industrial Area,28.625465387219855,77.22094315566267,forcibly incident reported. Evidence collected,Unknown,0
2022-01-14 01:31:00,1,4,Kidnapping,Industrial Area,28.585062287825263,77.23123142909168,abducted incident reported. No leads yet,Male,0
2022-12-25 01:14:00,1,6,Fraud,Northside,28.65552358544033,77.20976677311228,fake incident reported. Evidence collected,Unknown,0
2022-05-31 22:21:00,22,1,Assault,Eastside,28.60321476232959,77.25607217651672,kicked incident reported. No leads yet,Unknown,0
2022-02-11 06:19:00,6,4,Burglary,Westside,28.59191719169496,77.20933510778116,window incident reported. CCTV available,Female,0
2023-07-18 19:00:00,19,1,Homicide,Industrial Area,28.616893704543866,77.23141912700754,killed incident reported. No leads yet,Female,1
2022-05-12 07:20:00,7,3,Assault,Downtown,28.619895649585448,77.2006894350702,injury incident reported. CCTV available,Unknown,0
2022-03-20 19:04:00,19,6,Kidnapping,Downtown,28.5980469271602,77.20330296966257,ransom incident reported. Evidence collected,Unknown,0
2023-05-10 22:15:00,22,2,Burglary,Suburb A,28.597117877317583,77.20979708866308,window incident reported. Witness present,Male,0
2022-09-19 01:38:00,1,0,Assault,Suburb A,28.604496730335658,77.18409937011184,attack incident reported. Evidence collected,Unknown,1
2022-04-08 10:57:00,10,4,Kidnapping,Westside,28.634819096472917,77.20070545794285,held captive incident reported. CCTV available,Female,1
2022-09-12 19:42:00,19,0,Assault,Suburb B,28.592764386583745,77.20619568109188,injury incident reported. Evidence collected,Male,0
2022-02-21 09:00:00,9,0,Robbery,Downtown,28.615039526099462,77.17989222124035,demanded incident reported. Evidence collected,Unknown,0
2023-07-07 08:01:00,8,4,Robbery,Southside,28.619427461118764,77.19154737385517,mugged incident reported. Evidence collected,Male,1
2023-11-29 06:37:00,6,2,Fraud,Suburb B,28.64241714681985,77.21773267520128,scam incident reported. Witness present,Male,0
2023-06-11 11:58:00,11,6,Fraud,Westside,28.607235000164845,77.19658053716138,scam incident reported. No leads yet,Unknown,0
2023-07-01 17:00:00,17,5,Burglary,Suburb B,28.612150538207274,77.2192131790264,forced incident reported. Evidence collected,Female,0
2023-01-27 09:44:00,9,4,Fraud,Eastside,28.613475097856913,77.20538068654773,cheated incident reported. No leads yet,Male,0
2022-05-16 06:03:00,6,0,Robbery,Industrial Area,28.6148728381803,77.19893568447938,gun incident reported. Evidence collected,Female,1
2023-03-19 15:02:00,15,6,Kidnapping,Downtown,28.608179901219284,77.17423679268492,abducted incident reported. Evidence collected,Unknown,0
2023-07-08 23:52:00,23,5,Homicide,Eastside,28.630128770514208,77.21397996300537,murder incident reported. No leads yet,Male,1
2023-01-23 03:06:00,3,0,Cyber Crime,Westside,28.60100906926611,77.24064558302258,hacked incident reported. CCTV available,Unknown,0
2022-06-16 12:15:00,12,3,Burglary,Northside,28.615350274673208,77.19173094046708,window incident reported. Evidence collected,Male,0
2022-10-30 14:51:00,14,6,Burglary,Southside,28.62817895702451,77.21563413694183,door incident reported. No leads yet,Male,0
2023-11-26 00:30:00,0,6,Kidnapping,Westside,28.620476333091403,77.2019040732558,ransom incident reported. No leads yet,Female,1
2023-12-16 01:55:00,1,5,Burglary,Eastside,28.621408262062968,77.20463736182965,broke incident reported. CCTV available,Male,0
2023-02-04 23:04:00,23,5,Cyber Crime,Eastside,28.623165690860766,77.17725092576649,identity theft incident reported. No leads yet,Unknown,0
2023-02-22 04:55:00,4,2,Fraud,Southside,28.606668775617013,77.23770258496347,forgery incident reported. Evidence collected,Male,0
2023-01-08 07:00:00,7,6,Burglary,Suburb B,28.601115542409996,77.19893602837512,forced incident reported. Evidence collected,Male,0
2022-05-13 11:31:00,11,4,Kidnapping,Downtown,28.6064339776925,77.18875323106853,held captive incident reported. Evidence collected,Male,0
2022-12-05 01:25:00,1,0,Robbery,Downtown,28.577095320396197,77.20515689335794,forcibly incident reported. Evidence collected,Female,1
2023-01-15 01:08:00,1,6,Assault,Suburb B,28.616164323734694,77.20812491552437,beaten incident reported. Evidence collected,Female,1
2022-01-12 06:37:00,6,2,Theft,Northside,28.611485357300868,77.20971734784752,wallet incident reported. Evidence collected,Male,1
2022-05-27 11:08:00,11,4,Theft,Westside,28.63094735785918,77.20582589690119,wallet incident reported. No leads yet,Female,0
2023-01-15 18:29:00,18,6,Cyber Crime,Eastside,28.604331957048547,77.20431457525187,phishing incident reported. No leads yet,Male,0
2022-02-12 01:39:00,1,5,Fraud,Downtown,28.62355577932928,77.23253378130906,forgery incident reported. CCTV available,Male,0
2023-05-20 09:42:00,9,5,Cyber Crime,Westside,28.603430937680514,77.21064889645048,phishing incident reported. Evidence collected,Female,0
2022-11-23 09:47:00,9,2,Homicide,Westside,28.619539290698935,77.19245703322119,dead incident reported. Evidence collected,Female,0
2023-07-25 00:40:00,0,1,Assault,Suburb B,28.614240286120218,77.18457210237763,beaten incident reported. Witness present,Female,1
2022-10-18 09:48:00,9,1,Cyber Crime,Suburb B,28.584415828271013,77.21511244013153,phishing incident reported. CCTV available,Female,0
2022-06-02 03:31:00,3,3,Kidnapping,Downtown,28.607502087644487,77.21237134012702,held captive incident reported. Evidence collected,Female,1
2022-08-29 13:06:00,13,0,Fraud,Southside,28.613601750383197,77.1927266658556,scam incident reported. No leads yet,Female,0
2022-01-11 09:28:00,9,1,Burglary,Suburb B,28.61314576163393,77.18844831158309,entered incident reported. CCTV available,Female,1
2022-03-06 11:32:00,11,6,Cyber Crime,Downtown,28.637082872633357,77.18640049425234,phishing incident reported. Evidence collected,Male,0
2022-03-11 14:14:00,14,4,Assault,Suburb B,28.610636912150525,77.19162880686588,attack incident reported. No leads yet,Female,1
2022-02-25 11:33:00,11,4,Kidnapping,Downtown,28.623407019556016,77.20347614381198,ransom incident reported. CCTV available,Female,1
2022-03-18 06:15:00,6,4,Cyber Crime,Westside,28.60525555467298,77.22322002575086,hacked incident reported. No leads yet,Female,0
2022-09-28 23:47:00,23,2,Cyber Crime,Eastside,28.614390509861295,77.21761074076561,ransomware incident reported. No leads yet,Male,0
2023-08-21 01:20:00,1,0,Kidnapping,Northside,28.59754456772471,77.18558638426788,abducted incident reported. No leads yet,Unknown,0
2023-03-22 23:59:00,23,2,Homicide,Suburb B,28.615686799367335,77.2036858940751,stabbed incident reported. No leads yet,Unknown,0
2022-05-07 17:15:00,17,5,Robbery,Suburb A,28.624340577874232,77.20766819245563,demanded incident reported. No leads yet,Unknown,0
2023-02-10 17:00:00,17,4,Cyber Crime,Industrial Area,28.617317922320577,77.18194362450099,phishing incident reported. No leads yet,Male,0
2023-05-01 23:05:00,23,0,Homicide,Eastside,28.645373948993573,77.2062626335828,dead incident reported. Witness present,Male,0
2022-06-17 00:38:00,0,4,Cyber Crime,Suburb B,28.625526449505653,77.19506513882968,phishing incident reported. Witness present,Female,0
2023-12-08 22:38:00,22,4,Kidnapping,Eastside,28.61903349837029,77.18728592060792,held captive incident reported. CCTV available,Unknown,0
2022-09-23 01:11:00,1,4,Burglary,Suburb A,28.621434463970996,77.20306709859358,window incident reported. No leads yet,Male,0
2023-01-21 19:55:00,19,5,Burglary,Westside,28.614386508398926,77.22063290050217,entered incident reported. Witness present,Male,0
2022-08-18 23:34:00,23,3,Cyber Crime,Southside,28.59335766147966,77.19759180448979,phishing incident reported. Evidence collected,Male,0
2023-08-13 03:16:00,3,6,Theft,Northside,28.621522071351446,77.24397035790912,wallet incident reported. Witness present,Female,0
2023-06-13 08:18:00,8,1,Burglary,Eastside,28.611598627755644,77.21885226863206,broke incident reported. Witness present,Female,0
2023-09-15 00:51:00,0,4,Kidnapping,Suburb A,28.612117142169026,77.24137075991261,ransom incident reported. CCTV available,Female,1
2023-12-08 10:08:00,10,4,Fraud,Downtown,28.584779638883912,77.21057701741115,scam incident reported. Witness present,Female,0
2023-07-19 07:07:00,7,2,Theft,Downtown,28.586807599440633,77.16722380715773,missing incident reported. Witness present,Unknown,0
2022-08-07 21:09:00,21,6,Burglary,Suburb B,28.618857700885297,77.21132496326912,entered incident reported. Witness present,Unknown,0
2023-05-20 14:29:00,14,5,Kidnapping,Eastside,28.609152717704298,77.20723009849934,held captive incident reported. Evidence collected,Male,0
2023-02-12 12:59:00,12,6,Homicide,Industrial Area,28.66553832390119,77.20469708103282,shot incident reported. Evidence collected,Male,0
2022-08-01 17:23:00,17,0,Theft,Eastside,28.622402072687503,77.19817725300643,missing incident reported. CCTV available,Female,0
2022-06-23 19:32:00,19,3,Homicide,Southside,28.618820542917344,77.20502943874908,dead incident reported. No leads yet,Unknown,0
2023-12-27 09:46:00,9,2,Theft,Southside,28.607058025287838,77.23931497553667,pickpocket incident reported. No leads yet,Female,0
2023-01-11 16:10:00,16,2,Fraud,Industrial Area,28.633519749386405,77.21127911078999,scam incident reported. No leads yet,Female,0
2022-06-13 00:53:00,0,0,Theft,Eastside,28.57549646773427,77.20298317961246,purse incident reported. CCTV available,Unknown,0
2023-10-12 12:56:00,12,3,Homicide,Suburb B,28.658950459406753,77.20515563888934,killed incident reported. No leads yet,Unknown,1
2022-10-01 10:38:00,10,5,Kidnapping,Eastside,28.632286959534227,77.23303237336587,missing child incident reported. No leads yet,Male,0
2023-08-12 17:45:00,17,5,Homicide,Northside,28.6175493985976,77.19496963946887,killed incident reported. No leads yet,Female,0
2022-02-05 18:47:00,18,5,Cyber Crime,Suburb A,28.573311461136953,77.22040272014348,phishing incident reported. Witness present,Male,0
2023-03-03 13:18:00,13,4,Robbery,Southside,28.600320733286274,77.2119358408648,mugged incident reported. CCTV available,Male,0
2023-01-26 03:08:00,3,3,Assault,Southside,28.593069661006844,77.2045793743255,beaten incident reported. Evidence collected,Unknown,0
2023-11-08 03:21:00,3,2,Homicide,Suburb A,28.61446198424835,77.21347655968407,dead incident reported. Evidence collected,Male,0
2022-07-06 21:28:00,21,2,Fraud,Southside,28.595319630210795,77.22894851581269,cheated incident reported. No leads yet,Male,0
2022-11-04 05:52:00,5,4,Burglary,Suburb A,28.6039517535878,77.18109217565912,door incident reported. No leads yet,Female,0
2022-03-07 16:49:00,16,0,Burglary,Southside,28.61208294300061,77.20957292181711,door incident reported. No leads yet,Male,0
2022-03-01 10:42:00,10,1,Homicide,Northside,28.616576490552863,77.23170220672809,shot incident reported. Evidence collected,Female,0
2022-07-24 22:46:00,22,6,Homicide,Suburb A,28.609959186054404,77.20700633959386,killed incident reported. CCTV available,Female,0
2023-02-05 00:48:00,0,6,Cyber Crime,Suburb B,28.595513593646118,77.2226758917148,ransomware incident reported. No leads yet,Unknown,0
2022-07-17 21:34:00,21,6,Robbery,Downtown,28.616971817734637,77.20199953787844,forcibly incident reported. Witness present,Unknown,0
2022-07-26 12:51:00,12,1,Assault,Downtown,28.582155421775578,77.23307353658426,kicked incident reported. No leads yet,Unknown,1
2022-03-27 12:25:00,12,6,Burglary,Downtown,28.59343866725907,77.1991453665105,forced incident reported. CCTV available,Male,0
2023-04-06 21:32:00,21,3,Fraud,Westside,28.619872408517935,77.18905736785639,forgery incident reported. CCTV available,Female,0
2022-12-02 11:56:00,11,4,Kidnapping,Suburb A,28.589008170362447,77.17360087362165,missing child incident reported. CCTV available,Male,0
2023-04-27 13:17:00,13,3,Theft,Downtown,28.62591661588176,77.1999135625879,pickpocket incident reported. CCTV available,Male,0
2023-06-18 13:51:00,13,6,Burglary,Westside,28.662687834874557,77.19242741557282,broke incident reported. No leads yet,Unknown,1
2023-01-27 11:16:00,11,4,Cyber Crime,Northside,28.598542482942854,77.19957678382858,ransomware incident reported. CCTV available,Male,0
2022-09-24 02:49:00,2,5,Kidnapping,Westside,28.617952244252308,77.20116327768692,missing child incident reported. Witness present,Male,0
2023-06-26 13:58:00,13,0,Fraud,Downtown,28.624105536900043,77.1926901935002,cheated incident reported. No leads yet,Unknown,0
2022-02-12 23:04:00,23,5,Kidnapping,Downtown,28.59087347135894,77.17902975434319,abducted incident reported. CCTV available,Male,0
2022-10-02 04:58:00,4,6,Robbery,Suburb B,28.576840430534382,77.20036551634209,demanded incident reported. Evidence collected,Male,0
2023-07-08 19:47:00,19,5,Robbery,Downtown,28.608883661460116,77.19847604954195,demanded incident reported. Evidence collected,Unknown,0
2022-08-06 08:42:00,8,5,Theft,Suburb B,28.63462342995312,77.22946717016013,purse incident reported. No leads yet,Unknown,1
2023-09-03 15:55:00,15,6,Kidnapping,Southside,28.60831995020926,77.17910131478014,missing child incident reported. CCTV available,Female,1
2022-04-23 06:23:00,6,5,Fraud,Westside,28.60445491486575,77.19900297676806,cheated incident reported. Evidence collected,Unknown,1
2023-04-21 06:22:00,6,4,Fraud,Industrial Area,28.6029477506287,77.1973713516017,scam incident reported. CCTV available,Female,0
2023-05-26 20:40:00,20,4,Robbery,Westside,28.60300895173792,77.20255763973503,demanded incident reported. Evidence collected,Unknown,1
2022-05-24 21:27:00,21,1,Theft,Southside,28.603307648353073,77.21247204181043,missing incident reported. Witness present,Unknown,0
2023-10-29 01:51:00,1,6,Robbery,Northside,28.61990614526508,77.1938225818803,mugged incident reported. Witness present,Female,1
2022-12-07 16:17:00,16,2,Theft,Industrial Area,28.635084422100118,77.19266562830266,wallet incident reported. Evidence collected,Male,0
2022-08-21 03:36:00,3,6,Kidnapping,Industrial Area,28.58693665643641,77.21534630118943,held captive incident reported. No leads yet,Female,1
2023-01-07 19:23:00,19,5,Assault,Westside,28.600276531093094,77.21435485784596,injury incident reported. CCTV available,Male,0
2023-12-05 16:46:00,16,1,Burglary,Eastside,28.573838856648326,77.23220759902472,entered incident reported. CCTV available,Male,0
2023-10-19 16:55:00,16,3,Fraud,Westside,28.625104890134008,77.18399205751395,fake incident reported. Witness present,Male,0
2023-10-25 07:10:00,7,2,Fraud,Downtown,28.589253714602563,77.23687109840162,forgery incident reported. CCTV available,Unknown,0
2022-06-19 14:26:00,14,6,Kidnapping,Westside,28.6016103349417,77.19509691918779,held captive incident reported. Witness present,Unknown,0
2023-12-18 00:24:00,0,0,Fraud,Southside,28.576132465097512,77.20315369657331,scam incident reported. CCTV available,Unknown,0
2022-04-05 16:59:00,16,1,Assault,Industrial Area,28.61010467308607,77.22092488494616,attack incident reported. Witness present,Unknown,0
2023-01-26 11:52:00,11,3,Cyber Crime,Westside,28.590582026196927,77.18366188679599,hacked incident reported. No leads yet,Female,0
2022-06-06 07:08:00,7,0,Kidnapping,Southside,28.62141604391294,77.22577883452045,abducted incident reported. No leads yet,Male,0
2023-10-02 16:37:00,16,0,Theft,Southside,28.58771412748137,77.22702523477166,purse incident reported. Evidence collected,Male,0
2022-02-06 22:52:00,22,6,Fraud,Suburb A,28.614525697358115,77.22719675565125,forgery incident reported. Evidence collected,Female,0
2023-11-19 17:17:00,17,6,Kidnapping,Industrial Area,28.612729660641374,77.16696203470853,ransom incident reported. Evidence collected,Unknown,0
2023-10-05 14:26:00,14,3,Kidnapping,Suburb A,28.611367210294734,77.22666906364452,abducted incident reported. Evidence collected,Female,1
2023-04-09 23:13:00,23,6,Kidnapping,Northside,28.599004233015272,77.20253391718488,ransom incident reported. No leads yet,Female,1
2023-09-09 01:35:00,1,5,Homicide,Suburb A,28.610964441607486,77.16067476866885,shot incident reported. Witness present,Unknown,0
2023-02-19 17:13:00,17,6,Homicide,Industrial Area,28.64175579292396,77.19397707200172,dead incident reported. Witness present,Female,0
2022-01-18 21:30:00,21,1,Fraud,Northside,28.622328923874548,77.2075549810642,forgery incident reported. Evidence collected,Male,0
2022-07-04 03:59:00,3,0,Theft,Suburb A,28.63486031760599,77.21576760204047,purse incident reported. Evidence collected,Unknown,1
2022-06-08 18:41:00,18,2,Fraud,Northside,28.60998459547465,77.19410808179134,scam incident reported. No leads yet,Unknown,0
2022-01-08 12:24:00,12,5,Theft,Northside,28.627197511689705,77.17777597826742,wallet incident reported. Witness present,Male,0
2023-05-08 04:37:00,4,0,Burglary,Suburb B,28.624664840337932,77.19068258747409,entered incident reported. Witness present,Unknown,0
2022-10-09 22:32:00,22,6,Fraud,Westside,28.634771394365945,77.21168832571105,scam incident reported. Witness present,Unknown,0
2022-11-20 01:26:00,1,6,Kidnapping,Suburb A,28.624635396130834,77.21036648023042,held captive incident reported. Witness present,Female,1
2022-07-15 10:22:00,10,4,Kidnapping,Downtown,28.584693715080984,77.19465451394342,abducted incident reported. Witness present,Female,1
2023-11-05 06:06:00,6,6,Cyber Crime,Suburb A,28.625106488960192,77.211777596956,ransomware incident reported. No leads yet,Female,0
2023-11-24 01:22:00,1,4,Burglary,Northside,28.633583165088428,77.2157212427173,door incident reported. Witness present,Unknown,0
2023-06-13 08:45:00,8,1,Homicide,Westside,28.597788301821623,77.19573226437133,killed incident reported. Witness present,Male,0
2022-04-18 02:19:00,2,0,Assault,Westside,28.615615289842054,77.1704325989,punched incident reported. Witness present,Female,1
2022-08-21 20:50:00,20,6,Cyber Crime,Downtown,28.64179069809372,77.2163624456063,identity theft incident reported. Evidence collected,Male,0
2022-11-29 20:48:00,20,1,Fraud,Northside,28.634350576617482,77.18265660098652,forgery incident reported. No leads yet,Unknown,1
2023-09-25 14:34:00,14,0,Theft,Southside,28.634642752672587,77.24619164851713,missing incident reported. CCTV available,Male,0
2023-01-01 13:32:00,13,6,Homicide,Westside,28.591885360743714,77.22185669658174,killed incident reported. CCTV available,Female,0
2022-01-26 07:52:00,7,2,Fraud,Suburb B,28.61391849907812,77.18325943586254,scam incident reported. No leads yet,Female,0
2022-08-12 04:39:00,4,4,Cyber Crime,Industrial Area,28.622114732864198,77.22289338674729,phishing incident reported. Evidence collected,Male,0
2022-12-30 18:31:00,18,4,Cyber Crime,Industrial Area,28.603881224122187,77.22843194200426,phishing incident reported. No leads yet,Unknown,0
2022-08-28 03:32:00,3,6,Fraud,Eastside,28.586120609886848,77.18408739755918,scam incident reported. CCTV available,Unknown,1
2023-07-27 11:58:00,11,3,Homicide,Southside,28.616176623259815,77.2094230879662,stabbed incident reported. Evidence collected,Male,0
2023-01-20 23:23:00,23,4,Assault,Suburb A,28.601957108526268,77.22249324059953,beaten incident reported. Witness present,Unknown,0
2023-08-21 13:51:00,13,0,Fraud,Downtown,28.622748238570267,77.2233023178489,cheated incident reported. CCTV available,Female,0
2023-01-29 15:45:00,15,6,Homicide,Suburb B,28.611847726077464,77.21904300446631,stabbed incident reported. CCTV available,Male,0
2023-07-12 09:41:00,9,2,Assault,Industrial Area,28.6064724949495,77.24323031150145,beaten incident reported. Evidence collected,Female,1
2023-03-11 02:28:00,2,5,Theft,Suburb A,28.60035757049797,77.24408829049098,wallet incident reported. Evidence collected,Male,0
2023-06-10 21:06:00,21,5,Fraud,Northside,28.614481465784824,77.1860748185072,cheated incident reported. Evidence collected,Unknown,0
2022-08-22 09:53:00,9,0,Homicide,Industrial Area,28.636701322508145,77.21109835647326,dead incident reported. CCTV available,Female,0
2023-07-30 06:44:00,6,6,Kidnapping,Industrial Area,28.628085401639673,77.22939759864238,missing child incident reported. Witness present,Female,1
2023-07-03 12:18:00,12,0,Robbery,Eastside,28.619532592569083,77.19912931925312,forcibly incident reported. CCTV available,Male,0
2022-01-31 18:46:00,18,0,Fraud,Southside,28.63016188962782,77.20901259179091,fake incident reported. No leads yet,Male,0
2023-01-22 14:29:00,14,6,Assault,Suburb B,28.625330963643474,77.17310449043681,punched incident reported. Evidence collected,Female,1
2022-05-23 10:47:00,10,0,Fraud,Eastside,28.6213496952835,77.19835690291426,scam incident reported. Witness present,Female,0
2022-05-12 04:43:00,4,3,Robbery,Westside,28.641455160619643,77.21938478913148,gun incident reported. Evidence collected,Unknown,0
2022-08-02 23:28:00,23,1,Fraud,Eastside,28.617897629097488,77.21710516655584,scam incident reported. Evidence collected,Female,0
2023-05-01 14:39:00,14,0,Assault,Suburb A,28.597259319118724,77.23605427817547,attack incident reported. No leads yet,Male,0
2022-05-04 08:18:00,8,2,Theft,Southside,28.647089506973614,77.21554855850914,missing incident reported. Evidence collected,Male,0
2023-04-14 09:54:00,9,4,Fraud,Suburb A,28.640406726142896,77.1995141966888,fake incident reported. No leads yet,Female,0
2022-02-23 03:35:00,3,2,Fraud,Eastside,28.60061477389625,77.20968207914548,forgery incident reported. Witness present,Female,0
2022-03-10 18:37:00,18,3,Cyber Crime,Suburb B,28.621149017306134,77.20243355531262,ransomware incident reported. Witness present,Unknown,0
2023-10-17 05:31:00,5,1,Kidnapping,Suburb B,28.622862803172808,77.2141064913679,ransom incident reported. Evidence collected,Female,1
2022-01-27 06:59:00,6,3,Cyber Crime,Downtown,28.59726155374515,77.21764655029087,ransomware incident reported. CCTV available,Male,0
2022-03-07 23:46:00,23,0,Robbery,Westside,28.62829213737536,77.21185782195984,demanded incident reported. No leads yet,Female,1
2023-05-08 04:11:00,4,0,Robbery,Downtown,28.633110801721028,77.18870993677506,threat incident reported. Witness present,Female,1
2022-03-09 08:59:00,8,2,Cyber Crime,Westside,28.621699173702197,77.18949532156006,hacked incident reported. CCTV available,Female,0
2023-12-05 15:18:00,15,1,Robbery,Southside,28.595331977362783,77.19848448610438,demanded incident reported. No leads yet,Female,1
2023-06-23 16:29:00,16,4,Cyber Crime,Eastside,28.59819899694043,77.19986673635432,hacked incident reported. CCTV available,Male,0
2022-01-15 18:20:00,18,5,Homicide,Eastside,28.610330828154815,77.2229525747722,shot incident reported. No leads yet,Female,0
2022-04-08 16:12:00,16,4,Theft,Suburb A,28.608547349354907,77.18257290488718,stole incident reported. No leads yet,Unknown,1
2022-09-07 02:19:00,2,2,Robbery,Northside,28.632901130774922,77.19504849777309,gun incident reported. CCTV available,Female,1
2022-08-23 13:30:00,13,1,Fraud,Southside,28.612921326214924,77.21644227511568,scam incident reported. No leads yet,Unknown,0
2023-07-16 02:35:00,2,6,Kidnapping,Northside,28.617226840306714,77.22723632579203,held captive incident reported. CCTV available,Male,0
2023-03-10 09:08:00,9,4,Cyber Crime,Industrial Area,28.621883385723212,77.19464484033838,hacked incident reported. Witness present,Male,0
2023-03-15 18:42:00,18,2,Robbery,Eastside,28.65020936956653,77.21223889105563,demanded incident reported. Witness present,Unknown,1
2023-12-25 23:12:00,23,0,Theft,Suburb B,28.61144432955631,77.2250654237176,wallet incident reported. Evidence collected,Male,1
2022-07-09 16:27:00,16,5,Cyber Crime,Suburb A,28.618057515765503,77.21565380321566,ransomware incident reported. Witness present,Unknown,1
2022-06-22 09:47:00,9,2,Assault,Northside,28.65543639997668,77.20441464286242,punched incident reported. No leads yet,Female,1
2023-02-23 15:02:00,15,3,Assault,Suburb A,28.608603985099712,77.21094297520021,beaten incident reported. Witness present,Male,0
2022-01-20 03:55:00,3,3,Fraud,Suburb B,28.63175859892635,77.18389109949683,fake incident reported. Witness present,Male,0
2022-05-19 04:17:00,4,3,Theft,Downtown,28.58114073514206,77.19921474548967,purse incident reported. Witness present,Female,0
2022-07-08 21:11:00,21,4,Theft,Suburb A,28.586667950682347,77.20191947754124,stole incident reported. Evidence collected,Female,0
2023-11-11 23:39:00,23,5,Theft,Northside,28.622274994935488,77.19415418560746,missing incident reported. CCTV available,Male,0
2022-08-03 07:36:00,7,2,Assault,Eastside,28.590119557053644,77.21015561936193,attack incident reported. Witness present,Male,0
2023-06-14 12:07:00,12,2,Robbery,Southside,28.628275724743588,77.18075044269139,demanded incident reported. CCTV available,Male,0
2023-02-26 21:18:00,21,6,Cyber Crime,Southside,28.627570539971767,77.2226217700623,identity theft incident reported. CCTV available,Male,0
2022-11-02 19:28:00,19,2,Fraud,Downtown,28.62980141836928,77.2293080035812,forgery incident reported. No leads yet,Male,0
2022-07-17 08:11:00,8,6,Theft,Suburb A,28.65060023207766,77.20306513252302,pickpocket incident reported. No leads yet,Male,0
2023-10-03 07:17:00,7,1,Cyber Crime,Southside,28.615726193001297,77.20205935944587,phishing incident reported. CCTV available,Unknown,0
2023-02-19 02:21:00,2,6,Burglary,Suburb B,28.613932947412597,77.23454788926061,forced incident reported. Evidence collected,Female,0
2022-10-01 15:48:00,15,5,Fraud,Southside,28.59148309193449,77.19464917213058,scam incident reported. No leads yet,Female,0
2023-03-03 09:06:00,9,4,Homicide,Industrial Area,28.63685301560841,77.22600060844837,shot incident reported. CCTV available,Female,0
2022-06-13 09:56:00,9,0,Kidnapping,Westside,28.607847805886383,77.22324003335201,ransom incident reported. Witness present,Female,1
2022-12-13 06:35:00,6,1,Fraud,Southside,28.619586930708202,77.23400457681669,cheated incident reported. Witness present,Unknown,0
2022-06-07 09:12:00,9,1,Fraud,Industrial Area,28.615141826563782,77.22609386856455,scam incident reported. CCTV available,Unknown,0
2023-05-02 02:10:00,2,1,Kidnapping,Suburb B,28.657933531841543,77.21896831925079,missing child incident reported. CCTV available,Male,0
2022-10-05 06:42:00,6,2,Homicide,Suburb B,28.61472213609658,77.22104078308702,shot incident reported. Witness present,Unknown,0
2023-11-16 18:01:00,18,3,Fraud,Northside,28.607811985696603,77.24879946175875,fake incident reported. CCTV available,Female,0
2023-08-03 15:37:00,15,3,Robbery,Northside,28.616901183961602,77.20445111132958,threat incident reported. Evidence collected,Female,1
2022-04-14 12:57:00,12,3,Robbery,Industrial Area,28.599971849916333,77.22728700319344,gun incident reported. No leads yet,Male,1
2022-08-02 15:08:00,15,1,Fraud,Downtown,28.62835312354713,77.20071076047644,scam incident reported. Evidence collected,Female,0
2022-10-08 17:39:00,17,5,Fraud,Industrial Area,28.62350752241871,77.18385740052979,scam incident reported. Witness present,Unknown,0
2023-01-31 23:17:00,23,1,Robbery,Northside,28.61698284291789,77.21654593920128,demanded incident reported. No leads yet,Male,0
2022-07-21 18:49:00,18,3,Homicide,Industrial Area,28.64235549682599,77.19615301995452,stabbed incident reported. Witness present,Female,0
2023-08-16 20:10:00,20,2,Fraud,Westside,28.592594122853296,77.19407620065125,fake incident reported. Witness present,Female,0
2023-09-05 03:29:00,3,1,Burglary,Westside,28.591623858328084,77.23127762262932,door incident reported. CCTV available,Male,0
2023-06-02 21:05:00,21,4,Assault,Southside,28.639710654917067,77.21433694296582,injury incident reported. CCTV available,Unknown,0
2023-08-04 14:05:00,14,4,Fraud,Industrial Area,28.63425491576142,77.21123263967634,fake incident reported. Witness present,Unknown,1
2022-12-03 07:38:00,7,5,Assault,Downtown,28.612314805871655,77.20344937301577,punched incident reported. Witness present,Male,0
2022-12-25 18:01:00,18,6,Assault,Suburb B,28.608726816810375,77.18320330739485,beaten incident reported. CCTV available,Unknown,0
2023-08-23 01:48:00,1,2,Assault,Eastside,28.618304246060124,77.2083277681631,attack incident reported. Witness present,Male,0
2023-05-03 21:26:00,21,2,Kidnapping,Eastside,28.62632267873463,77.21055872494064,abducted incident reported. CCTV available,Unknown,0
2022-02-16 18:34:00,18,2,Homicide,Northside,28.611188271640515,77.19448011616655,dead incident reported. No leads yet,Unknown,1
2023-05-21 19:13:00,19,6,Theft,Northside,28.61510255394703,77.22130395384694,stole incident reported. Evidence collected,Female,0
2023-02-15 00:18:00,0,2,Assault,Downtown,28.594844350148602,77.21045789589468,kicked incident reported. Evidence collected,Male,0
2022-06-04 16:35:00,16,5,Fraud,Suburb B,28.61778404919216,77.19703225360637,scam incident reported. Evidence collected,Male,0
2023-09-28 19:02:00,19,3,Robbery,Westside,28.6041023949182,77.2128435141461,threat incident reported. CCTV available,Male,0
2023-05-29 23:59:00,23,0,Cyber Crime,Westside,28.595009649695125,77.21483206192083,phishing incident reported. Evidence collected,Unknown,0
2022-08-03 10:12:00,10,2,Assault,Suburb B,28.59897742710568,77.22671422821722,beaten incident reported. Evidence collected,Male,0
2023-05-13 18:06:00,18,5,Robbery,Suburb B,28.652863795756474,77.19465405330497,forcibly incident reported. Evidence collected,Male,1
2023-12-20 02:50:00,2,2,Kidnapping,Northside,28.62280346437291,77.19688763491864,abducted incident reported. CCTV available,Male,0
2022-01-17 04:19:00,4,0,Kidnapping,Downtown,28.631249236229966,77.18791235984858,abducted incident reported. CCTV available,Male,0
2022-04-05 03:08:00,3,1,Kidnapping,Westside,28.62190977930713,77.19445018388518,held captive incident reported. Evidence collected,Female,1
2023-09-15 06:27:00,6,4,Kidnapping,Suburb A,28.610450256848363,77.19181624541422,held captive incident reported. Witness present,Female,1
2023-09-12 02:15:00,2,1,Assault,Downtown,28.627605841181598,77.19505032742602,beaten incident reported. Evidence collected,Unknown,0
2023-11-05 12:07:00,12,6,Homicide,Southside,28.623099404322197,77.20326503286229,dead incident reported. CCTV available,Male,0
2022-10-18 01:04:00,1,1,Robbery,Northside,28.611992127136688,77.21146259845668,gun incident reported. No leads yet,Female,1
2023-09-04 21:27:00,21,0,Burglary,Suburb B,28.60120292213902,77.21250611855902,forced incident reported. CCTV available,Male,0
2022-12-12 05:20:00,5,0,Burglary,Industrial Area,28.639405576072573,77.19603175356946,broke incident reported. Evidence collected,Unknown,0
2022-05-23 20:23:00,20,0,Homicide,Industrial Area,28.633430169054567,77.23396829389146,shot incident reported. CCTV available,Unknown,0
2023-06-18 16:58:00,16,6,Cyber Crime,Suburb B,28.600297416849532,77.18474908991516,phishing incident reported. Evidence collected,Female,0
2022-02-01 11:06:00,11,1,Cyber Crime,Suburb B,28.61893268166953,77.19987654128722,identity theft incident reported. Witness present,Female,0
2023-01-10 11:49:00,11,1,Homicide,Southside,28.64504338698605,77.209580125675,dead incident reported. No leads yet,Male,0
2022-06-09 12:25:00,12,3,Burglary,Suburb A,28.60053000986608,77.18988067481648,forced incident reported. No leads yet,Female,0
2022-01-09 15:01:00,15,6,Theft,Northside,28.632065082651515,77.1994802670986,missing incident reported. Evidence collected,Female,0
2022-08-16 00:52:00,0,1,Fraud,Suburb B,28.614630479991007,77.22493004575188,forgery incident reported. Evidence collected,Male,0
2022-01-06 00:40:00,0,3,Fraud,Suburb B,28.60582902746782,77.208234519521,cheated incident reported. Evidence collected,Unknown,0
2023-05-13 04:34:00,4,5,Burglary,Downtown,28.61362385983629,77.2203887418586,entered incident reported. Evidence collected,Female,0
2022-05-05 11:55:00,11,3,Burglary,Southside,28.623745738925173,77.20533143781242,entered incident reported. Witness present,Male,0
2022-06-29 17:09:00,17,2,Homicide,Downtown,28.61496081769161,77.20280368314128,stabbed incident reported. Witness present,Unknown,0
2023-06-23 06:22:00,6,4,Homicide,Downtown,28.589273126551344,77.2132933476233,dead incident reported. CCTV available,Male,0
2023-04-09 19:51:00,19,6,Assault,Eastside,28.64543652934722,77.19427134765515,punched incident reported. Evidence collected,Female,1
2022-09-10 11:42:00,11,5,Theft,Suburb A,28.601016171506622,77.19448787047261,pickpocket incident reported. Witness present,Male,0
2022-06-18 20:33:00,20,5,Burglary,Downtown,28.625976529645385,77.21647475756994,forced incident reported. No leads yet,Female,0
2023-07-24 01:38:00,1,0,Kidnapping,Eastside,28.611257705126395,77.19369968230602,abducted incident reported. Evidence collected,Male,0
2022-01-25 09:06:00,9,1,Homicide,Suburb A,28.615439613194,77.1829229645444,killed incident reported. CCTV available,Male,0
2022-05-10 16:48:00,16,1,Assault,Westside,28.616290442780958,77.2235254064348,injury incident reported. No leads yet,Female,1
2022-10-22 23:56:00,23,5,Burglary,Downtown,28.593046681056105,77.18345802871951,door incident reported. Witness present,Male,1
2022-01-24 12:14:00,12,0,Cyber Crime,Industrial Area,28.640223964861583,77.19880400600826,hacked incident reported. Witness present,Unknown,0
2023-04-21 17:37:00,17,4,Assault,Southside,28.632832464099064,77.2064333722467,beaten incident reported. No leads yet,Male,0
2022-09-14 07:52:00,7,2,Fraud,Downtown,28.61120075305098,77.21630687832494,cheated incident reported. CCTV available,Female,0
2023-05-20 11:37:00,11,5,Homicide,Downtown,28.599166685720892,77.21120828572494,murder incident reported. Evidence collected,Unknown,0
2023-03-06 19:27:00,19,0,Theft,Westside,28.607541843086267,77.18699177594326,purse incident reported. No leads yet,Female,0
2022-01-16 12:04:00,12,6,Theft,Suburb B,28.619524701245442,77.20461153655204,wallet incident reported. Witness present,Female,0
2023-04-09 08:23:00,8,6,Kidnapping,Downtown,28.611282919525923,77.1888306509431,missing child incident reported. No leads yet,Male,0
2023-03-01 02:59:00,2,2,Robbery,Suburb B,28.640423339462714,77.22361190310644,demanded incident reported. Evidence collected,Unknown,0
2022-05-24 11:14:00,11,1,Theft,Westside,28.6299692647362,77.20390925495931,pickpocket incident reported. Witness present,Male,0
2023-10-18 19:54:00,19,2,Fraud,Westside,28.585080285174943,77.2415486230415,forgery incident reported. Witness present,Female,0
2022-11-27 00:34:00,0,6,Homicide,Southside,28.612881708199904,77.19652000339967,stabbed incident reported. Witness present,Male,0
2022-08-06 09:32:00,9,5,Theft,Downtown,28.620846692908053,77.22845201313339,wallet incident reported. CCTV available,Female,1
2022-04-24 23:21:00,23,6,Cyber Crime,Eastside,28.613515824065242,77.23030958613232,ransomware incident reported. CCTV available,Female,0
2022-11-19 14:18:00,14,5,Theft,Suburb B,28.631949998975283,77.1910603135433,purse incident reported. No leads yet,Male,0
2022-01-16 05:17:00,5,6,Burglary,Suburb A,28.602670164905675,77.22495895272134,entered incident reported. Witness present,Female,1
2023-11-04 04:39:00,4,5,Cyber Crime,Westside,28.56868979060316,77.20650907178059,phishing incident reported. Evidence collected,Female,0
2022-11-26 20:34:00,20,5,Burglary,Suburb B,28.590052813306258,77.20105743664278,broke incident reported. Witness present,Male,1
2023-09-12 13:25:00,13,1,Burglary,Northside,28.608919665182846,77.20302926036821,window incident reported. CCTV available,Female,0
2022-06-10 19:08:00,19,4,Burglary,Downtown,28.604695645798124,77.19071427250618,window incident reported. Witness present,Female,1
2022-05-03 11:43:00,11,1,Robbery,Southside,28.652098521113647,77.24012436673603,threat incident reported. No leads yet,Female,1
2022-01-06 12:14:00,12,3,Burglary,Suburb A,28.594532236329062,77.23536861252173,broke incident reported. Witness present,Male,0
2023-08-24 05:32:00,5,3,Theft,Westside,28.607242241825453,77.21115312455554,missing incident reported. Evidence collected,Unknown,0
2022-07-09 04:02:00,4,5,Fraud,Northside,28.61284543400172,77.19800418931244,scam incident reported. Witness present,Unknown,0
2023-10-21 07:13:00,7,5,Cyber Crime,Eastside,28.630297539060102,77.21109810884295,hacked incident reported. Evidence collected,Female,0
2022-01-03 01:41:00,1,0,Theft,Southside,28.60595747627968,77.18725684260333,missing incident reported. No leads yet,Unknown,0
2022-04-12 12:09:00,12,1,Burglary,Suburb A,28.59900674977135,77.18164366473997,forced incident reported. No leads yet,Female,0
2022-03-07 16:47:00,16,0,Cyber Crime,Suburb A,28.61410372580692,77.18905557346193,identity theft incident reported. Witness present,Unknown,0
2022-08-21 00:18:00,0,6,Cyber Crime,Eastside,28.609473991458024,77.2318350308935,hacked incident reported. No leads yet,Male,0
2023-10-29 20:29:00,20,6,Kidnapping,Northside,28.63388832621536,77.20846205176495,ransom incident reported. No leads yet,Female,1
2022-10-22 07:28:00,7,5,Theft,Northside,28.612448587897614,77.24033124249036,missing incident reported. Witness present,Unknown,0
2023-11-25 19:44:00,19,5,Assault,Northside,28.622579268672645,77.20353655900206,injury incident reported. No leads yet,Unknown,0
2023-03-07 22:27:00,22,1,Cyber Crime,Downtown,28.590133031381328,77.21556455363609,identity theft incident reported. No leads yet,Female,0
2022-03-10 04:01:00,4,3,Burglary,Northside,28.627722062876384,77.19847247459144,window incident reported. Evidence collected,Unknown,0
2023-02-21 21:04:00,21,1,Theft,Southside,28.6187533792523,77.20294044508475,stole incident reported. No leads yet,Male,0
2023-05-05 20:35:00,20,4,Kidnapping,Downtown,28.610832793346685,77.16753629904063,held captive incident reported. No leads yet,Female,1
2022-07-29 10:15:00,10,4,Burglary,Southside,28.610203643271397,77.22515615504014,broke incident reported. CCTV available,Male,0
2023-08-23 04:04:00,4,2,Burglary,Suburb B,28.603376624073892,77.20987543947025,forced incident reported. CCTV available,Unknown,0
2023-03-01 07:58:00,7,2,Kidnapping,Northside,28.601300821555135,77.21500736127155,missing child incident reported. CCTV available,Male,0
2022-07-17 00:02:00,0,6,Theft,Eastside,28.610291280041064,77.19334597432197,wallet incident reported. Witness present,Female,0
2022-09-07 22:44:00,22,2,Assault,Eastside,28.636109191127755,77.22448220022554,attack incident reported. No leads yet,Male,0
2023-01-25 19:13:00,19,2,Burglary,Industrial Area,28.603818220601198,77.21729647182363,broke incident reported. No leads yet,Unknown,0
2023-11-06 17:12:00,17,0,Kidnapping,Suburb B,28.622856866713676,77.21970502058352,ransom incident reported. Witness present,Female,1
2023-06-21 04:02:00,4,2,Assault,Northside,28.585662401733416,77.22577677568388,punched incident reported. No leads yet,Female,1
2022-12-28 05:44:00,5,2,Fraud,Suburb B,28.604405017284574,77.20303620110931,forgery incident reported. Witness present,Female,0
2023-01-13 02:51:00,2,4,Burglary,Industrial Area,28.657864695871005,77.21403122301201,forced incident reported. CCTV available,Male,0
2022-08-14 07:31:00,7,6,Cyber Crime,Suburb B,28.607461292075882,77.17224509378741,identity theft incident reported. No leads yet,Female,0
2023-02-25 08:33:00,8,5,Kidnapping,Westside,28.637062735565774,77.18657983881985,missing child incident reported. CCTV available,Unknown,0
2023-08-15 09:45:00,9,1,Cyber Crime,Northside,28.59717601827501,77.20347746168187,phishing incident reported. CCTV available,Male,0
2022-01-06 13:37:00,13,3,Burglary,Suburb B,28.637506863195007,77.2218873331111,forced incident reported. Evidence collected,Female,0
2022-05-27 21:03:00,21,4,Fraud,Southside,28.611269374835995,77.21413820106065,forgery incident reported. Witness present,Female,0
2023-09-04 07:47:00,7,0,Cyber Crime,Downtown,28.603893571785484,77.21132756149277,phishing incident reported. CCTV available,Unknown,0
2023-12-03 08:55:00,8,6,Burglary,Northside,28.615122279079635,77.22514616492802,forced incident reported. No leads yet,Male,0
2023-11-04 11:57:00,11,5,Theft,Southside,28.630019635373984,77.2172329563701,missing incident reported. No leads yet,Male,0
2023-04-18 17:54:00,17,1,Theft,Westside,28.6078608740409,77.22136370490651,purse incident reported. No leads yet,Female,0
2022-05-21 11:07:00,11,5,Homicide,Downtown,28.61236719222995,77.19096809385478,murder incident reported. Witness present,Female,1
2022-04-06 09:28:00,9,2,Burglary,Eastside,28.607178536801484,77.21040878306307,entered incident reported. Evidence collected,Male,0
2023-08-05 22:45:00,22,5,Homicide,Suburb A,28.62907026306108,77.20594119713071,shot incident reported. No leads yet,Male,0
2023-02-14 23:28:00,23,1,Theft,Suburb B,28.59374668814601,77.20994569472161,wallet incident reported. Witness present,Male,0
2023-06-17 13:12:00,13,5,Theft,Northside,28.615790934000945,77.21209729381505,wallet incident reported. Evidence collected,Male,0
2022-02-20 23:43:00,23,6,Homicide,Westside,28.629231191932575,77.2259820540015,stabbed incident reported. Witness present,Male,0
2022-07-29 06:27:00,6,4,Kidnapping,Suburb B,28.603996485460307,77.19873094236586,missing child incident reported. No leads yet,Male,0
2023-05-26 23:47:00,23,4,Assault,Eastside,28.59656335481741,77.220646927838,attack incident reported. CCTV available,Female,1
2023-09-14 09:57:00,9,3,Fraud,Southside,28.638047001805628,77.20374863453486,cheated incident reported. No leads yet,Male,0
2022-10-14 18:45:00,18,4,Theft,Northside,28.609876157254586,77.23344637594832,purse incident reported. CCTV available,Male,0
2022-04-06 18:59:00,18,2,Robbery,Suburb A,28.622325964220252,77.21627059508002,gun incident reported. Evidence collected,Male,0
2022-04-21 10:18:00,10,3,Fraud,Northside,28.594051391567106,77.220312134488,scam incident reported. Evidence collected,Female,0
2022-08-10 16:46:00,16,2,Theft,Westside,28.598414394324838,77.19009966356775,stole incident reported. CCTV available,Female,0
2022-03-04 08:15:00,8,4,Assault,Suburb A,28.608120473720557,77.19923678794252,beaten incident reported. CCTV available,Female,1
2022-03-19 21:13:00,21,5,Cyber Crime,Eastside,28.61020667176025,77.18498363942459,hacked incident reported. CCTV available,Unknown,0
2023-06-12 20:13:00,20,0,Kidnapping,Westside,28.62988027177446,77.22779477157528,abducted incident reported. Witness present,Female,1
2022-02-13 19:40:00,19,6,Theft,Northside,28.581444292097654,77.22530763009445,missing incident reported. No leads yet,Female,0
2022-10-16 14:07:00,14,6,Kidnapping,Industrial Area,28.600391189502975,77.22328292561639,abducted incident reported. Evidence collected,Unknown,0
2022-06-08 14:50:00,14,2,Assault,Suburb B,28.61275922512223,77.20947959273468,beaten incident reported. Witness present,Unknown,0
2023-05-11 22:06:00,22,3,Fraud,Northside,28.610815039176313,77.22920215340389,forgery incident reported. No leads yet,Male,0
2023-06-14 13:07:00,13,2,Assault,Industrial Area,28.59324019979125,77.21913067231225,beaten incident reported. Witness present,Female,1
2023-11-11 06:10:00,6,5,Fraud,Northside,28.63225550274816,77.22093900134234,cheated incident reported. Evidence collected,Female,0
2022-12-07 17:13:00,17,2,Cyber Crime,Eastside,28.652644981905393,77.20018422062125,hacked incident reported. CCTV available,Female,0
2023-03-09 10:28:00,10,3,Burglary,Suburb A,28.62985508037656,77.20723182274432,entered incident reported. Witness present,Male,0
2023-08-16 20:37:00,20,2,Burglary,Westside,28.634456767939213,77.20887185007132,entered incident reported. Evidence collected,Male,0
2023-04-25 22:30:00,22,1,Cyber Crime,Downtown,28.607435403635627,77.23076787006453,ransomware incident reported. No leads yet,Male,0
2023-03-15 17:31:00,17,2,Robbery,Downtown,28.605707301016352,77.185454570685,mugged incident reported. CCTV available,Male,1
2022-07-29 05:57:00,5,4,Kidnapping,Southside,28.605285885280438,77.21931721577648,held captive incident reported. Witness present,Female,1
2022-09-19 10:04:00,10,0,Cyber Crime,Downtown,28.637100645859785,77.21085215625494,ransomware incident reported. CCTV available,Male,0
2023-03-13 03:15:00,3,0,Theft,Industrial Area,28.63586995112057,77.1863637513087,stole incident reported. No leads yet,Male,0
2022-05-09 23:53:00,23,0,Theft,Industrial Area,28.60651227558637,77.2041904147141,wallet incident reported. No leads yet,Male,0
2023-05-02 15:29:00,15,1,Assault,Northside,28.61199067620879,77.2104015731375,attack incident reported. Witness present,Unknown,0
2023-12-11 23:30:00,23,0,Fraud,Eastside,28.625415182623204,77.20158655269717,scam incident reported. Evidence collected,Male,0
2023-03-30 02:09:00,2,3,Assault,Downtown,28.616217144782553,77.20824795182794,attack incident reported. Witness present,Male,0
2022-07-18 09:43:00,9,0,Homicide,Industrial Area,28.598468501601815,77.20710555518198,dead incident reported. CCTV available,Male,0
2023-11-06 15:54:00,15,0,Kidnapping,Industrial Area,28.611505674501714,77.20624865724996,held captive incident reported. Evidence collected,Male,0
2023-11-26 18:37:00,18,6,Kidnapping,Northside,28.614429324276358,77.21026122567689,held captive incident reported. CCTV available,Female,1
2023-02-13 12:49:00,12,0,Kidnapping,Suburb B,28.606695080348214,77.23021191223286,held captive incident reported. Witness present,Female,1
2022-07-19 09:49:00,9,1,Homicide,Downtown,28.59440865617995,77.1969838315255,stabbed incident reported. Witness present,Male,0
2022-06-15 09:08:00,9,2,Fraud,Suburb A,28.660232727070394,77.19170014408351,fake incident reported. Witness present,Male,0
2022-05-11 02:37:00,2,2,Assault,Westside,28.59133742208817,77.22124127908336,punched incident reported. No leads yet,Male,0
2022-01-22 11:44:00,11,5,Homicide,Industrial Area,28.579281335770435,77.20507876816713,dead incident reported. Evidence collected,Unknown,0
2022-12-09 15:50:00,15,4,Assault,Northside,28.649663748751276,77.18325106796411,punched incident reported. Evidence collected,Female,1
2022-03-12 12:45:00,12,5,Burglary,Suburb B,28.580867258571022,77.18401364663404,broke incident reported. Witness present,Male,1
2023-02-15 11:35:00,11,2,Robbery,Westside,28.62887265947245,77.22774627866643,mugged incident reported. No leads yet,Female,1
2023-07-24 06:14:00,6,0,Cyber Crime,Westside,28.605356853383693,77.22038687340002,phishing incident reported. CCTV available,Unknown,0
2023-05-19 02:38:00,2,4,Burglary,Northside,28.6370709221252,77.23878910690716,window incident reported. Evidence collected,Female,0
2022-09-16 12:15:00,12,4,Fraud,Suburb B,28.609794411980335,77.17064213803884,fake incident reported. Witness present,Female,0
2022-01-24 06:05:00,6,0,Kidnapping,Southside,28.600218684626505,77.20188659675108,ransom incident reported. Witness present,Unknown,0
2023-06-15 04:19:00,4,3,Fraud,Suburb A,28.60958435339036,77.20586900998319,fake incident reported. No leads yet,Female,0
2023-11-17 04:18:00,4,4,Theft,Downtown,28.632548243298846,77.23024047377812,wallet incident reported. Evidence collected,Male,0
2023-07-14 12:42:00,12,4,Theft,Northside,28.611038772434586,77.22730808126754,pickpocket incident reported. Evidence collected,Female,0
2022-11-24 02:37:00,2,3,Theft,Suburb A,28.619861022777187,77.21007509954771,wallet incident reported. No leads yet,Female,0
2022-04-28 12:41:00,12,3,Robbery,Downtown,28.629009069285168,77.21020420080397,threat incident reported. Witness present,Unknown,0
2022-11-24 13:54:00,13,3,Robbery,Suburb B,28.64819685295163,77.18502648055343,threat incident reported. Evidence collected,Unknown,0
2022-04-02 01:03:00,1,5,Theft,Downtown,28.605313818348467,77.20689135171743,purse incident reported. Witness present,Unknown,0
2022-03-09 17:28:00,17,2,Assault,Downtown,28.621224211507634,77.23013267478505,beaten incident reported. Evidence collected,Female,1
2022-06-27 16:41:00,16,0,Robbery,Suburb A,28.613493357212732,77.18529617250823,gun incident reported. CCTV available,Unknown,0
2023-07-11 19:48:00,19,1,Burglary,Downtown,28.62794189827425,77.22158264610236,broke incident reported. CCTV available,Unknown,0
2023-12-25 07:40:00,7,0,Kidnapping,Suburb B,28.581535689010344,77.20893659777215,held captive incident reported. No leads yet,Female,1
2022-06-24 17:58:00,17,4,Theft,Northside,28.58739763615533,77.1979224817083,pickpocket incident reported. Evidence collected,Male,0
2022-12-24 18:19:00,18,5,Kidnapping,Westside,28.59885318455062,77.2224877449707,ransom incident reported. Witness present,Female,1
2022-03-17 02:02:00,2,3,Cyber Crime,Eastside,28.615847169569538,77.18757348332073,phishing incident reported. Evidence collected,Unknown,0
2023-09-20 13:31:00,13,2,Robbery,Industrial Area,28.62856776604929,77.18510323626786,threat incident reported. Evidence collected,Unknown,0
2023-07-26 18:07:00,18,2,Homicide,Southside,28.61940189650785,77.19543315551181,murder incident reported. No leads yet,Unknown,0
2023-02-22 23:55:00,23,2,Cyber Crime,Downtown,28.607805381957824,77.21740451246731,identity theft incident reported. No leads yet,Unknown,0
2023-05-06 22:55:00,22,5,Assault,Industrial Area,28.62259082331766,77.2312828178926,kicked incident reported. Witness present,Female,1
2023-02-23 07:27:00,7,3,Cyber Crime,Downtown,28.61252910500548,77.21410751438273,identity theft incident reported. Witness present,Male,0
2023-04-16 12:11:00,12,6,Burglary,Southside,28.60660437795993,77.21203316471038,window incident reported. Evidence collected,Female,0
2023-08-07 22:44:00,22,0,Robbery,Industrial Area,28.62122476746681,77.20736150254243,forcibly incident reported. CCTV available,Unknown,0
2022-06-23 05:35:00,5,3,Theft,Industrial Area,28.583837491931792,77.21452451493884,wallet incident reported. CCTV available,Female,0
2023-08-03 17:06:00,17,3,Burglary,Suburb A,28.61997602462259,77.1976637753942,window incident reported. No leads yet,Female,0
2022-06-05 13:20:00,13,6,Kidnapping,Suburb B,28.592493549398792,77.23359798584174,missing child incident reported. CCTV available,Female,1
2023-06-29 00:20:00,0,3,Theft,Northside,28.622090758514908,77.20518198281798,missing incident reported. Evidence collected,Unknown,0
2023-03-28 03:57:00,3,1,Fraud,Suburb A,28.594949451947542,77.19530308619298,fake incident reported. Evidence collected,Female,0
2022-05-23 18:55:00,18,0,Cyber Crime,Suburb B,28.635609839946436,77.21129436568114,identity theft incident reported. Evidence collected,Female,0
2023-10-26 03:53:00,3,3,Homicide,Suburb B,28.60472354888332,77.21749482052041,stabbed incident reported. Evidence collected,Male,1
2022-01-05 22:38:00,22,2,Burglary,Westside,28.600326696875896,77.23401405050467,entered incident reported. No leads yet,Female,0
2023-07-29 15:22:00,15,5,Kidnapping,Downtown,28.636446675581613,77.20122376547995,abducted incident reported. Witness present,Unknown,0
2023-08-27 06:01:00,6,6,Assault,Northside,28.603422162549485,77.16536444668847,attack incident reported. Evidence collected,Unknown,0
2022-03-07 20:32:00,20,0,Fraud,Downtown,28.589206987140813,77.1866755037507,scam incident reported. No leads yet,Female,0
2023-11-09 20:38:00,20,3,Cyber Crime,Southside,28.61615317234979,77.20356277159264,phishing incident reported. No leads yet,Male,0
2023-09-12 06:52:00,6,1,Assault,Downtown,28.591477741876414,77.2043139326256,punched incident reported. Evidence collected,Female,1
2023-05-26 20:12:00,20,4,Theft,Southside,28.622322285794123,77.2177973224986,pickpocket incident reported. No leads yet,Female,0
2022-05-23 08:44:00,8,0,Kidnapping,Suburb A,28.582238828652354,77.20686227532528,ransom incident reported. Evidence collected,Male,0
2023-12-16 10:31:00,10,5,Assault,Westside,28.59084432038381,77.22402881161901,beaten incident reported. CCTV available,Female,1
2023-02-22 21:49:00,21,2,Kidnapping,Westside,28.626969106939224,77.19403287956126,held captive incident reported. Witness present,Male,0
2023-01-06 20:19:00,20,4,Homicide,Suburb A,28.601132579959994,77.20131221582503,dead incident reported. CCTV available,Male,0
2023-01-25 20:27:00,20,2,Fraud,Suburb A,28.576353443421144,77.21459946955734,cheated incident reported. Witness present,Unknown,0
2022-10-31 17:47:00,17,0,Robbery,Suburb A,28.609352590894332,77.22516958470946,forcibly incident reported. Witness present,Unknown,0
2023-03-03 15:13:00,15,4,Fraud,Suburb B,28.595593179700625,77.19868128419584,fake incident reported. Witness present,Female,0
2022-01-31 21:51:00,21,0,Kidnapping,Industrial Area,28.588791245699348,77.19226182394176,abducted incident reported. CCTV available,Female,1
2022-09-07 05:49:00,5,2,Fraud,Eastside,28.59420030006553,77.22559956131411,cheated incident reported. CCTV available,Unknown,0
2022-09-07 23:27:00,23,2,Cyber Crime,Downtown,28.60226230252081,77.21106959474575,ransomware incident reported. CCTV available,Female,1
2022-03-03 11:46:00,11,3,Theft,Southside,28.60755394326897,77.18784224556646,pickpocket incident reported. Witness present,Unknown,0
2022-01-09 01:29:00,1,6,Robbery,Westside,28.61109499294714,77.21898505553106,mugged incident reported. Witness present,Male,0
2023-08-04 01:44:00,1,4,Kidnapping,Industrial Area,28.593770676790946,77.22248521317886,held captive incident reported. Witness present,Male,0
2023-08-28 10:17:00,10,0,Cyber Crime,Downtown,28.59973798464204,77.20095026789879,hacked incident reported. Evidence collected,Male,0
2023-03-08 04:21:00,4,2,Cyber Crime,Northside,28.622744718716834,77.19794273071301,phishing incident reported. Evidence collected,Female,1
2022-11-04 10:01:00,10,4,Burglary,Northside,28.614526247655597,77.20375515285353,entered incident reported. Evidence collected,Female,0
2022-05-23 14:38:00,14,0,Homicide,Eastside,28.616056133445063,77.16932101490795,killed incident reported. CCTV available,Male,0
2022-07-12 02:51:00,2,1,Assault,Northside,28.583405303079868,77.21926611676746,attack incident reported. Evidence collected,Male,0
2022-10-09 05:25:00,5,6,Cyber Crime,Southside,28.631186356760818,77.19382522160781,phishing incident reported. No leads yet,Female,0
2023-11-23 12:57:00,12,3,Burglary,Suburb A,28.609832860797148,77.21391198754837,door incident reported. CCTV available,Male,0
2023-05-23 07:33:00,7,1,Robbery,Suburb A,28.625453626694313,77.17520537880549,gun incident reported. CCTV available,Female,1
2023-10-10 13:02:00,13,1,Assault,Eastside,28.59913266255036,77.20345701033584,injury incident reported. CCTV available,Female,1
2022-12-19 11:20:00,11,0,Robbery,Industrial Area,28.62561900328727,77.25064050806203,forcibly incident reported. Witness present,Unknown,1
2023-05-01 05:34:00,5,0,Assault,Suburb B,28.610099904553174,77.1855503756316,injury incident reported. CCTV available,Female,1
2023-01-30 03:53:00,3,0,Burglary,Northside,28.620604467953356,77.23101659649235,window incident reported. CCTV available,Unknown,0
2023-03-10 23:46:00,23,4,Burglary,Suburb B,28.61570023534966,77.19388919091409,entered incident reported. No leads yet,Female,0
2022-01-30 16:16:00,16,6,Assault,Industrial Area,28.629866565691334,77.22005909364164,beaten incident reported. Evidence collected,Female,1
2023-03-11 18:14:00,18,5,Assault,Suburb B,28.59679865259674,77.21535709362557,kicked incident reported. CCTV available,Male,1
2022-03-17 13:47:00,13,3,Kidnapping,Downtown,28.630521092794314,77.22869816737598,ransom incident reported. Witness present,Female,1
2022-05-09 21:45:00,21,0,Fraud,Industrial Area,28.612792517078177,77.20303200923034,scam incident reported. Witness present,Male,0
2022-08-09 08:50:00,8,1,Robbery,Downtown,28.634354563701354,77.18883065828365,gun incident reported. CCTV available,Female,1
2023-10-28 04:03:00,4,5,Burglary,Suburb A,28.621209654848684,77.18616622287726,window incident reported. CCTV available,Unknown,0
2023-01-11 01:54:00,1,2,Burglary,Southside,28.631656271204328,77.20469924140649,entered incident reported. CCTV available,Unknown,0
2022-05-16 15:23:00,15,0,Cyber Crime,Industrial Area,28.635043053927458,77.21719021260593,hacked incident reported. Evidence collected,Female,0
2022-12-06 09:37:00,9,1,Theft,Westside,28.593512996165636,77.23274379553462,stole incident reported. Witness present,Unknown,0
2023-10-25 09:15:00,9,2,Fraud,Suburb A,28.639754087773795,77.22370477487665,scam incident reported. Evidence collected,Male,0
2023-12-04 20:54:00,20,0,Burglary,Industrial Area,28.601206868916066,77.20389976742737,broke incident reported. CCTV available,Female,0
2022-01-17 13:09:00,13,0,Assault,Industrial Area,28.616323786956762,77.19727149334447,attack incident reported. Evidence collected,Unknown,0
2023-04-08 06:54:00,6,5,Burglary,Northside,28.64210577620772,77.21140544119544,door incident reported. Evidence collected,Female,0
2022-02-24 23:32:00,23,3,Kidnapping,Eastside,28.56884419921488,77.2146559302126,abducted incident reported. Witness present,Unknown,0
2023-02-11 18:57:00,18,5,Assault,Suburb A,28.608097376719712,77.2077512240647,injury incident reported. No leads yet,Female,1
2023-05-11 03:49:00,3,3,Theft,Suburb A,28.607756343903574,77.22245077361012,pickpocket incident reported. No leads yet,Male,0
2022-01-02 14:41:00,14,6,Homicide,Suburb A,28.63256146297589,77.21371755270431,dead incident reported. CCTV available,Unknown,0
2022-07-21 01:16:00,1,3,Homicide,Suburb A,28.6082448135477,77.20831104658652,murder incident reported. Evidence collected,Male,1
2022-05-15 20:24:00,20,6,Robbery,Industrial Area,28.614226660276294,77.19562616600226,threat incident reported. CCTV available,Unknown,0
2023-10-16 11:56:00,11,0,Theft,Southside,28.62354881080952,77.21666737206435,pickpocket incident reported. No leads yet,Unknown,0
2023-02-11 01:15:00,1,5,Theft,Westside,28.639574020662945,77.22992249633815,wallet incident reported. CCTV available,Male,0
2023-02-22 21:44:00,21,2,Kidnapping,Suburb A,28.602472084706832,77.22267163957515,missing child incident reported. Witness present,Female,1
2023-03-11 17:32:00,17,5,Assault,Downtown,28.598050776948426,77.22059886834901,beaten incident reported. Witness present,Male,0
2023-04-03 05:04:00,5,0,Theft,Suburb A,28.605289763353998,77.1919457796104,missing incident reported. No leads yet,Male,0
2022-03-03 03:34:00,3,3,Homicide,Southside,28.61856742237829,77.16442388119744,murder incident reported. Witness present,Male,1
2023-01-06 07:11:00,7,4,Theft,Eastside,28.584717073759915,77.2060418019371,pickpocket incident reported. Evidence collected,Unknown,0
2023-10-15 13:14:00,13,6,Fraud,Downtown,28.615274029443913,77.20284468716403,scam incident reported. No leads yet,Male,0
2022-09-09 23:24:00,23,4,Theft,Industrial Area,28.58757606168804,77.19536846929769,missing incident reported. No leads yet,Unknown,0
2023-03-15 15:11:00,15,2,Theft,Downtown,28.620420155453957,77.21869636284381,stole incident reported. CCTV available,Male,0
2023-12-17 22:06:00,22,6,Theft,Industrial Area,28.613629614706735,77.2282805630173,pickpocket incident reported. Witness present,Male,0
2022-10-03 17:23:00,17,0,Theft,Suburb A,28.62052328372432,77.19654240576736,pickpocket incident reported. Evidence collected,Male,0
2023-06-26 11:05:00,11,0,Assault,Northside,28.609224965776473,77.18561889737987,attack incident reported. CCTV available,Unknown,0
2022-09-23 11:26:00,11,4,Kidnapping,Southside,28.612097683493477,77.22753501032035,ransom incident reported. No leads yet,Unknown,0
2022-04-28 19:11:00,19,3,Kidnapping,Suburb B,28.62532150141185,77.23236682209865,held captive incident reported. No leads yet,Female,1
2023-12-02 03:44:00,3,5,Fraud,Southside,28.608851912603352,77.23143499657525,cheated incident reported. No leads yet,Female,0
2022-04-20 04:47:00,4,2,Fraud,Suburb B,28.610678262892534,77.23352641804283,scam incident reported. CCTV available,Female,0
2023-01-08 15:13:00,15,6,Kidnapping,Northside,28.613535720875966,77.22078718956341,held captive incident reported. CCTV available,Male,0
2022-02-17 05:46:00,5,3,Burglary,Eastside,28.63848520607183,77.20577620619032,forced incident reported. No leads yet,Unknown,0
2022-03-12 09:19:00,9,5,Fraud,Suburb B,28.61753981645907,77.23048105708678,fake incident reported. Witness present,Male,0
2022-01-01 09:43:00,9,5,Assault,Northside,28.611683280601167,77.1869851286249,punched incident reported. CCTV available,Female,1
2022-06-28 20:42:00,20,1,Assault,Suburb A,28.649616784243083,77.20117059226105,kicked incident reported. Evidence collected,Male,0
2023-09-08 12:34:00,12,4,Fraud,Eastside,28.616545934182295,77.22826677782419,scam incident reported. CCTV available,Female,0
2023-02-02 10:24:00,10,3,Fraud,Industrial Area,28.603758434937813,77.1922022014463,fake incident reported. Evidence collected,Male,0
2022-01-29 08:34:00,8,5,Robbery,Industrial Area,28.618128954946247,77.17911539336814,threat incident reported. No leads yet,Unknown,0
2022-08-21 22:53:00,22,6,Assault,Suburb A,28.609101565385537,77.21308397773859,kicked incident reported. Evidence collected,Unknown,0
2023-11-09 20:10:00,20,3,Kidnapping,Downtown,28.60940080171958,77.18327581761358,missing child incident reported. CCTV available,Female,1
2022-03-07 01:58:00,1,0,Homicide,Downtown,28.640469632603402,77.21072563589915,murder incident reported. Evidence collected,Female,0
2022-03-25 17:28:00,17,4,Burglary,Southside,28.63775253529603,77.204666062497,window incident reported. Evidence collected,Unknown,0
2023-06-16 06:01:00,6,4,Assault,Northside,28.59923313363849,77.21348634867093,injury incident reported. Evidence collected,Female,1
2023-05-07 10:43:00,10,6,Kidnapping,Westside,28.61030354789453,77.18937064236681,ransom incident reported. No leads yet,Unknown,0
2023-10-02 19:03:00,19,0,Cyber Crime,Southside,28.638396404313127,77.19862882961844,hacked incident reported. Evidence collected,Male,0
2022-10-13 17:54:00,17,3,Fraud,Suburb A,28.583228893586742,77.23113610089929,scam incident reported. Evidence collected,Female,0
2022-01-10 13:04:00,13,0,Kidnapping,Eastside,28.60549503306979,77.19886960178974,ransom incident reported. No leads yet,Unknown,0
2022-09-07 03:26:00,3,2,Robbery,Northside,28.5844768735495,77.23801569144328,demanded incident reported. CCTV available,Male,0
2023-04-05 05:47:00,5,2,Fraud,Northside,28.59240865687984,77.20997415801176,forgery incident reported. Witness present,Female,0
2023-05-15 17:32:00,17,0,Assault,Northside,28.62911033870901,77.21602861555006,kicked incident reported. Evidence collected,Unknown,0
2023-02-06 16:10:00,16,0,Theft,Northside,28.6129057614668,77.18063890236188,stole incident reported. No leads yet,Male,0
2022-03-20 13:31:00,13,6,Cyber Crime,Eastside,28.600404586070546,77.21213000563405,hacked incident reported. No leads yet,Unknown,0
2022-08-16 22:12:00,22,1,Fraud,Northside,28.600780432166886,77.21238932433332,cheated incident reported. CCTV available,Male,1
2023-08-16 01:48:00,1,2,Theft,Westside,28.62526239014692,77.22504171476334,stole incident reported. Witness present,Unknown,0
2023-05-03 21:10:00,21,2,Cyber Crime,Westside,28.59346367736979,77.24561076758299,ransomware incident reported. Witness present,Female,0
2022-12-16 22:26:00,22,4,Robbery,Northside,28.626691322409236,77.20897143077218,demanded incident reported. Witness present,Male,0
2023-09-11 20:09:00,20,0,Burglary,Suburb A,28.632058943051277,77.24842346286667,forced incident reported. Evidence collected,Female,0
2023-09-07 22:47:00,22,3,Burglary,Suburb A,28.58992133164905,77.20524562262514,broke incident reported. CCTV available,Unknown,0
2023-05-21 13:57:00,13,6,Burglary,Northside,28.574259472335445,77.21221085887747,entered incident reported. No leads yet,Unknown,0
2022-02-08 03:44:00,3,1,Fraud,Eastside,28.619989904032085,77.20834729807596,cheated incident reported. CCTV available,Unknown,0
2022-04-11 06:46:00,6,0,Homicide,Suburb A,28.60299110715003,77.1748414247302,shot incident reported. Witness present,Male,1
2022-02-23 19:15:00,19,2,Theft,Industrial Area,28.620125561390196,77.23325724139859,missing incident reported. Evidence collected,Unknown,0
2023-10-29 18:27:00,18,6,Homicide,Suburb A,28.604049692404445,77.2163343321504,murder incident reported. CCTV available,Unknown,0
2022-02-02 17:47:00,17,2,Burglary,Northside,28.587764261443,77.2166202177282,entered incident reported. CCTV available,Female,0
2023-10-29 02:26:00,2,6,Fraud,Northside,28.607343628370923,77.19629303415662,fake incident reported. No leads yet,Male,0
2022-07-16 13:28:00,13,5,Theft,Industrial Area,28.601227272646398,77.20243980696613,pickpocket incident reported. Witness present,Unknown,0
2023-12-25 09:00:00,9,0,Burglary,Westside,28.620273888594877,77.18713061331341,entered incident reported. CCTV available,Male,0
2022-04-07 22:39:00,22,3,Robbery,Downtown,28.607281411140537,77.20830880370002,threat incident reported. Witness present,Female,1
2022-08-29 13:20:00,13,0,Homicide,Downtown,28.595582679591136,77.23894442002792,dead incident reported. CCTV available,Male,0
2022-10-25 08:10:00,8,1,Homicide,Westside,28.59967507533231,77.19784271810612,dead incident reported. Witness present,Male,0
2023-12-11 08:15:00,8,0,Cyber Crime,Downtown,28.59759486750296,77.23897466811897,identity theft incident reported. No leads yet,Unknown,0
2022-12-26 22:57:00,22,0,Assault,Northside,28.623115087143326,77.19339013322927,injury incident reported. Evidence collected,Unknown,0
2022-12-11 13:17:00,13,6,Theft,Westside,28.632337192647668,77.21234497823815,missing incident reported. Witness present,Male,0
2023-09-28 17:39:00,17,3,Assault,Eastside,28.618187557018526,77.20325871318747,attack incident reported. Witness present,Female,1
2022-11-04 10:05:00,10,4,Theft,Southside,28.601409733550717,77.21462943498425,stole incident reported. Evidence collected,Female,0
2023-10-21 06:20:00,6,5,Fraud,Suburb A,28.604815212833408,77.23927926049292,fake incident reported. Evidence collected,Unknown,0
2023-10-12 05:15:00,5,3,Kidnapping,Suburb B,28.59274514824595,77.23460261288092,held captive incident reported. Witness present,Unknown,0
2022-06-21 18:22:00,18,1,Robbery,Eastside,28.61204468585337,77.2139847622337,mugged incident reported. CCTV available,Unknown,0
2022-04-06 02:40:00,2,2,Robbery,Downtown,28.627785962777157,77.19849584508326,demanded incident reported. Witness present,Unknown,0
2022-10-15 20:40:00,20,5,Burglary,Westside,28.62830413974498,77.16387426907698,entered incident reported. Witness present,Male,0
2022-10-04 13:12:00,13,1,Robbery,Westside,28.601900174446303,77.19359895321098,mugged incident reported. Witness present,Unknown,0
2022-09-01 08:13:00,8,3,Kidnapping,Suburb A,28.59300823312714,77.20541741936536,held captive incident reported. No leads yet,Male,0
2023-09-19 08:46:00,8,1,Theft,Suburb B,28.62032916613636,77.220710999975,wallet incident reported. CCTV available,Female,0
2022-09-13 23:35:00,23,1,Burglary,Suburb B,28.61791461262001,77.19790510891845,door incident reported. CCTV available,Unknown,0
2022-12-18 00:28:00,0,6,Homicide,Eastside,28.620050273963752,77.21107142824752,dead incident reported. CCTV available,Female,0
2022-06-17 17:40:00,17,4,Cyber Crime,Westside,28.629500936132267,77.22194894504887,hacked incident reported. Witness present,Female,0
2023-08-06 13:51:00,13,6,Fraud,Westside,28.614407940232013,77.19404578323065,scam incident reported. No leads yet,Female,0
2023-02-19 10:02:00,10,6,Homicide,Industrial Area,28.6030174974028,77.19983684400603,killed incident reported. Witness present,Male,0
2022-01-05 01:48:00,1,2,Cyber Crime,Westside,28.608645561101397,77.2134675071265,identity theft incident reported. Witness present,Male,0
2022-10-09 09:47:00,9,6,Fraud,Suburb B,28.6258195731688,77.20814802178307,forgery incident reported. No leads yet,Unknown,0
2023-08-27 17:39:00,17,6,Homicide,Industrial Area,28.61416874646501,77.21138843841668,dead incident reported. No leads yet,Male,0
2023-12-19 20:01:00,20,1,Fraud,Downtown,28.605301578114464,77.19357679570595,forgery incident reported. Evidence collected,Male,0
2022-03-24 00:48:00,0,3,Robbery,Westside,28.584642701711488,77.19741417736539,forcibly incident reported. Evidence collected,Unknown,0
2022-12-11 12:30:00,12,6,Cyber Crime,Suburb B,28.621785757554463,77.19728480936601,hacked incident reported. CCTV available,Female,0
2022-03-20 17:46:00,17,6,Fraud,Downtown,28.609936549376236,77.2167738547902,forgery incident reported. CCTV available,Unknown,1
2022-09-25 18:56:00,18,6,Burglary,Eastside,28.62257815827371,77.19100778579724,forced incident reported. No leads yet,Female,0
2023-08-13 16:20:00,16,6,Theft,Westside,28.630517655940896,77.22778916815592,stole incident reported. CCTV available,Female,0
2023-02-23 13:54:00,13,3,Robbery,Industrial Area,28.595069169046358,77.19526938550598,threat incident reported. CCTV available,Female,1
2022-07-02 17:27:00,17,5,Assault,Industrial Area,28.63375151138577,77.20655244131241,kicked incident reported. CCTV available,Unknown,0
2023-04-02 03:19:00,3,6,Theft,Southside,28.576903700875803,77.18567197492112,wallet incident reported. CCTV available,Female,1
2023-12-24 15:27:00,15,6,Burglary,Suburb B,28.60974383958046,77.1896159558286,broke incident reported. No leads yet,Female,0
2022-09-13 16:41:00,16,1,Homicide,Eastside,28.60700960382273,77.20953993689473,killed incident reported. Evidence collected,Unknown,0
2023-11-19 12:12:00,12,6,Cyber Crime,Suburb A,28.638270910067245,77.2041591013962,hacked incident reported. Evidence collected,Male,1
2022-03-23 04:28:00,4,2,Fraud,Suburb A,28.631775696659545,77.23281266936728,fake incident reported. Evidence collected,Male,0
2022-10-29 20:58:00,20,5,Cyber Crime,Southside,28.637805161155867,77.21374590988977,ransomware incident reported. No leads yet,Unknown,0
2023-05-02 01:57:00,1,1,Robbery,Suburb B,28.581178514202684,77.21668041442341,gun incident reported. Witness present,Female,1
2023-03-09 06:16:00,6,3,Homicide,Westside,28.63137333146356,77.20764888157608,stabbed incident reported. No leads yet,Male,0
2023-06-05 19:24:00,19,0,Robbery,Eastside,28.642976397834587,77.22333055935779,threat incident reported. Witness present,Male,0
2022-08-16 11:28:00,11,1,Fraud,Northside,28.623371222952546,77.22710634518677,scam incident reported. No leads yet,Female,0
2022-08-14 03:56:00,3,6,Kidnapping,Westside,28.61945616418768,77.16745315834342,held captive incident reported. No leads yet,Female,1
2023-03-15 05:43:00,5,2,Fraud,Southside,28.605581017475494,77.22895280045414,forgery incident reported. No leads yet,Female,0
2023-07-06 10:44:00,10,3,Theft,Industrial Area,28.600440144331696,77.20527545824605,pickpocket incident reported. CCTV available,Female,0
2023-09-20 08:43:00,8,2,Homicide,Eastside,28.59648606143495,77.23873204325336,stabbed incident reported. Witness present,Female,0
2023-08-25 11:54:00,11,4,Robbery,Industrial Area,28.6419248742903,77.19426885174765,demanded incident reported. Evidence collected,Unknown,0
2022-09-03 15:24:00,15,5,Kidnapping,Suburb B,28.616354966673153,77.19765843253727,abducted incident reported. CCTV available,Unknown,0
2022-06-03 00:55:00,0,4,Kidnapping,Suburb B,28.624149077317192,77.21749471795404,ransom incident reported. No leads yet,Female,1
2022-12-26 06:19:00,6,0,Assault,Northside,28.627428426193557,77.21453197412846,kicked incident reported. Witness present,Female,1
2022-03-02 19:37:00,19,2,Theft,Downtown,28.66282343677314,77.19186793724982,purse incident reported. CCTV available,Unknown,0
2022-02-04 13:23:00,13,4,Fraud,Suburb A,28.585389944092725,77.20244849665498,fake incident reported. CCTV available,Unknown,0
2022-09-27 10:15:00,10,1,Cyber Crime,Suburb B,28.587766862240663,77.18412562883324,phishing incident reported. Witness present,Female,0
2023-11-25 04:26:00,4,5,Fraud,Downtown,28.597211422430036,77.19363018490948,scam incident reported. Evidence collected,Unknown,0
2022-09-24 14:01:00,14,5,Assault,Northside,28.597989698300832,77.21763698250743,attack incident reported. CCTV available,Male,0
2023-03-08 02:05:00,2,2,Fraud,Suburb A,28.60546351564858,77.20600809041879,scam incident reported. CCTV available,Male,1
2023-05-30 06:47:00,6,1,Kidnapping,Westside,28.628803879575017,77.19622795792031,ransom incident reported. CCTV available,Female,1
2023-04-27 14:27:00,14,3,Assault,Suburb B,28.609490901688254,77.21509599976822,punched incident reported. CCTV available,Unknown,0
2023-04-18 23:37:00,23,1,Fraud,Suburb B,28.58154053665633,77.16925157485083,forgery incident reported. Witness present,Unknown,0
2023-12-27 19:01:00,19,2,Cyber Crime,Southside,28.61966862214663,77.21720023800945,ransomware incident reported. Evidence collected,Female,0
2023-06-24 20:39:00,20,5,Assault,Westside,28.648303668914206,77.21163491459778,kicked incident reported. Witness present,Unknown,0
2022-01-04 23:11:00,23,1,Burglary,Industrial Area,28.627562328620968,77.2057421226069,broke incident reported. CCTV available,Female,0
2022-10-12 15:43:00,15,2,Robbery,Suburb B,28.61885378702642,77.23678761402917,gun incident reported. CCTV available,Male,0
2022-02-26 11:04:00,11,5,Robbery,Northside,28.578500119697907,77.21589360429286,gun incident reported. CCTV available,Unknown,0
2023-05-12 09:28:00,9,4,Robbery,Eastside,28.649493112167956,77.21370057032016,gun incident reported. CCTV available,Unknown,0
2023-04-10 23:47:00,23,0,Cyber Crime,Southside,28.641409549387216,77.19851313084118,ransomware incident reported. Witness present,Female,0
2022-01-03 06:20:00,6,0,Homicide,Westside,28.613365875097273,77.20955874503981,murder incident reported. Witness present,Male,1
2023-06-01 15:41:00,15,3,Robbery,Suburb A,28.576940148677355,77.18953036953583,forcibly incident reported. No leads yet,Male,0
2022-11-14 15:30:00,15,0,Homicide,Northside,28.595618748676934,77.22270110130054,murder incident reported. CCTV available,Male,1
2022-03-20 16:43:00,16,6,Robbery,Downtown,28.628435885094735,77.21440060737845,demanded incident reported. Witness present,Male,0
2022-10-01 13:49:00,13,5,Cyber Crime,Northside,28.62763504828093,77.20626417645464,ransomware incident reported. Witness present,Female,0
2023-12-12 03:31:00,3,1,Cyber Crime,Suburb A,28.633932194492328,77.20914647404388,hacked incident reported. CCTV available,Unknown,0
2023-12-24 21:50:00,21,6,Assault,Southside,28.61486440079045,77.2045734561123,attack incident reported. CCTV available,Unknown,0
2023-06-16 03:24:00,3,4,Kidnapping,Suburb A,28.62530750796061,77.20198001972312,missing child incident reported. Evidence collected,Unknown,0
2023-08-25 07:19:00,7,4,Assault,Downtown,28.630173856286635,77.19013084765474,kicked incident reported. Evidence collected,Unknown,1
2022-09-22 12:12:00,12,3,Homicide,Southside,28.595584729087864,77.22045711258545,murder incident reported. CCTV available,Unknown,0
2022-06-10 03:44:00,3,4,Cyber Crime,Industrial Area,28.612424263090283,77.20143514306412,hacked incident reported. Evidence collected,Unknown,0
2022-06-27 02:32:00,2,0,Cyber Crime,Southside,28.628734295541257,77.1988789764319,ransomware incident reported. Evidence collected,Female,0
2022-03-31 09:46:00,9,3,Fraud,Northside,28.61056331242833,77.23232046583452,cheated incident reported. CCTV available,Male,0
2023-01-07 06:54:00,6,5,Theft,Northside,28.639552372430177,77.23520663683784,wallet incident reported. Evidence collected,Female,0
2022-11-11 09:00:00,9,4,Kidnapping,Industrial Area,28.60919790371777,77.22951171508308,abducted incident reported. Evidence collected,Unknown,1
2023-09-24 23:26:00,23,6,Cyber Crime,Westside,28.59808411953719,77.19388495208797,ransomware incident reported. No leads yet,Unknown,0
2023-02-21 23:53:00,23,1,Fraud,Eastside,28.574725735789595,77.23688113669832,cheated incident reported. CCTV available,Unknown,0
2022-05-03 17:47:00,17,1,Burglary,Northside,28.599500335848735,77.20689112367089,door incident reported. CCTV available,Male,0
2022-12-16 04:03:00,4,4,Fraud,Westside,28.59872792763453,77.22058608747217,scam incident reported. Evidence collected,Unknown,1
2023-03-06 03:58:00,3,0,Fraud,Suburb B,28.607639438988045,77.18725305182612,scam incident reported. Evidence collected,Unknown,0
2023-12-21 23:33:00,23,3,Burglary,Southside,28.621261042736435,77.1851044995865,broke incident reported. No leads yet,Unknown,0
2023-07-03 04:26:00,4,0,Burglary,Southside,28.59994323791141,77.1738851814229,window incident reported. CCTV available,Unknown,1
2023-10-16 12:10:00,12,0,Fraud,Suburb B,28.590167364796706,77.21197548616202,fake incident reported. CCTV available,Male,1
2023-05-24 18:51:00,18,2,Assault,Downtown,28.581157732698287,77.18431423792298,kicked incident reported. Witness present,Male,0
2023-11-09 20:40:00,20,3,Cyber Crime,Industrial Area,28.613860518064453,77.19993988506512,identity theft incident reported. Evidence collected,Male,0
2023-12-22 06:10:00,6,4,Burglary,Downtown,28.647100610599324,77.23956494243374,window incident reported. CCTV available,Male,0
2023-07-27 10:39:00,10,3,Kidnapping,Southside,28.599434625620816,77.2182856269734,held captive incident reported. Evidence collected,Female,1
2022-05-29 19:22:00,19,6,Assault,Westside,28.626388042614657,77.19904201903293,punched incident reported. CCTV available,Female,1
2023-11-25 16:56:00,16,5,Theft,Southside,28.58897430772503,77.20879502584486,pickpocket incident reported. Evidence collected,Unknown,0
2023-01-25 01:18:00,1,2,Theft,Southside,28.611019238753098,77.20173725838383,pickpocket incident reported. CCTV available,Male,0
2022-11-04 15:16:00,15,4,Kidnapping,Suburb B,28.621271947802743,77.19648783988325,ransom incident reported. Evidence collected,Unknown,0
2023-08-17 00:16:00,0,3,Assault,Suburb A,28.594700040873683,77.21081804950583,attack incident reported. Witness present,Female,1
2022-02-06 03:57:00,3,6,Fraud,Suburb A,28.620332834876148,77.18938925093501,forgery incident reported. Witness present,Unknown,0
2022-08-14 16:35:00,16,6,Kidnapping,Industrial Area,28.62936817684985,77.17949198103707,ransom incident reported. No leads yet,Unknown,0
2023-12-15 19:39:00,19,4,Robbery,Northside,28.604264775688073,77.20469985773005,gun incident reported. No leads yet,Male,0
2023-10-25 04:56:00,4,2,Burglary,Downtown,28.603296271455804,77.19958232544082,entered incident reported. No leads yet,Male,0
2022-01-10 08:30:00,8,0,Homicide,Industrial Area,28.645084574705137,77.19481859851602,killed incident reported. Evidence collected,Male,0
2022-08-08 16:01:00,16,0,Robbery,Suburb A,28.654587028707866,77.21628544632885,demanded incident reported. CCTV available,Male,0
2022-09-09 17:10:00,17,4,Homicide,Westside,28.615434252288534,77.21693733922314,dead incident reported. CCTV available,Male,0
2023-04-16 18:46:00,18,6,Theft,Suburb A,28.656065462487533,77.19244011660115,wallet incident reported. Witness present,Male,0
2023-08-26 11:56:00,11,5,Assault,Suburb B,28.595226368017727,77.1964188967238,punched incident reported. CCTV available,Female,1
2022-08-15 04:42:00,4,0,Fraud,Industrial Area,28.614435719116077,77.1802371479198,cheated incident reported. No leads yet,Male,0
2023-10-04 16:47:00,16,2,Fraud,Suburb A,28.61427232065531,77.2372257855569,fake incident reported. Witness present,Female,0
2023-01-12 21:42:00,21,3,Burglary,Southside,28.616423456510415,77.20412190901708,door incident reported. Evidence collected,Unknown,0
2022-04-24 16:13:00,16,6,Burglary,Eastside,28.603597325855272,77.22397519507587,window incident reported. CCTV available,Female,0
2023-03-14 17:46:00,17,1,Homicide,Suburb B,28.600136120446034,77.23977326534333,shot incident reported. Evidence collected,Female,0
2023-09-18 12:17:00,12,0,Cyber Crime,Eastside,28.646122662461906,77.2132791799777,ransomware incident reported. CCTV available,Female,0
2023-08-12 15:21:00,15,5,Burglary,Northside,28.61370808186539,77.2261776634707,entered incident reported. Evidence collected,Male,0
2023-05-05 10:57:00,10,4,Cyber Crime,Suburb A,28.63214664170379,77.19556680448234,identity theft incident reported. CCTV available,Unknown,0
2023-07-05 22:29:00,22,2,Homicide,Northside,28.60512408111439,77.18696087608862,stabbed incident reported. No leads yet,Unknown,1
2023-12-02 05:27:00,5,5,Kidnapping,Suburb A,28.620717748972236,77.22011046472429,abducted incident reported. No leads yet,Male,0
2023-03-11 08:21:00,8,5,Robbery,Westside,28.59140123936898,77.2014133515864,demanded incident reported. Evidence collected,Unknown,0
2023-01-02 20:27:00,20,0,Homicide,Northside,28.591445768040312,77.1940200031626,killed incident reported. No leads yet,Unknown,0
2022-09-01 23:00:00,23,3,Theft,Eastside,28.62308361767044,77.1967752988887,wallet incident reported. Evidence collected,Female,0
2022-04-23 12:50:00,12,5,Robbery,Downtown,28.60888623406613,77.18187813786754,demanded incident reported. No leads yet,Male,0
2023-10-30 20:09:00,20,0,Burglary,Westside,28.617016503495414,77.20826211133593,forced incident reported. Witness present,Male,0
2022-11-09 21:38:00,21,2,Burglary,Industrial Area,28.601750679166116,77.2058497617053,broke incident reported. CCTV available,Female,0
2023-03-23 20:44:00,20,3,Theft,Northside,28.616904914675057,77.19541886418484,stole incident reported. CCTV available,Unknown,0
2022-01-09 06:12:00,6,6,Homicide,Downtown,28.589295624266637,77.23909290721144,stabbed incident reported. Witness present,Male,0
2023-03-26 23:15:00,23,6,Cyber Crime,Suburb B,28.603345454921495,77.20738733161356,identity theft incident reported. Evidence collected,Female,0
2022-12-21 10:16:00,10,2,Homicide,Suburb B,28.630747328917007,77.26781758645951,killed incident reported. Witness present,Male,0
2023-02-07 01:39:00,1,1,Fraud,Industrial Area,28.59315855916852,77.21649712022878,forgery incident reported. Witness present,Female,0
2023-05-23 04:03:00,4,1,Cyber Crime,Eastside,28.602107461911764,77.20002016159039,ransomware incident reported. Evidence collected,Female,0
2022-04-20 19:44:00,19,2,Burglary,Suburb A,28.601896466316553,77.19023908387,entered incident reported. CCTV available,Female,0
2022-02-13 05:05:00,5,6,Cyber Crime,Suburb A,28.613211810636923,77.18442495521586,phishing incident reported. Witness present,Unknown,0
2022-01-21 21:31:00,21,4,Kidnapping,Suburb A,28.629680126108532,77.20991671560056,abducted incident reported. Witness present,Female,1
2023-01-31 05:26:00,5,1,Homicide,Eastside,28.62094058288169,77.2012301898009,shot incident reported. CCTV available,Unknown,0
2022-10-23 23:25:00,23,6,Theft,Industrial Area,28.607779934429804,77.21379273175279,stole incident reported. No leads yet,Unknown,0
2022-12-18 02:42:00,2,6,Assault,Northside,28.59449915612657,77.20303349275979,attack incident reported. Evidence collected,Female,1
2022-06-06 18:43:00,18,0,Homicide,Westside,28.599573108102028,77.19415718649016,killed incident reported. Witness present,Male,0
2022-12-14 06:43:00,6,2,Assault,Suburb B,28.578736029322908,77.23132210982467,kicked incident reported. Witness present,Female,1
2023-06-14 20:21:00,20,2,Kidnapping,Westside,28.602457687447437,77.2283896009194,ransom incident reported. No leads yet,Female,1
2022-11-23 18:57:00,18,2,Theft,Industrial Area,28.631713205356572,77.18756667155806,missing incident reported. CCTV available,Male,0
2023-10-27 22:13:00,22,4,Homicide,Eastside,28.595759812738788,77.2516750493226,shot incident reported. Evidence collected,Female,0
2022-12-11 13:51:00,13,6,Burglary,Southside,28.64308209903212,77.20847469144454,door incident reported. CCTV available,Unknown,1
2023-09-20 01:31:00,1,2,Fraud,Eastside,28.618189551773625,77.19848589328421,cheated incident reported. Witness present,Female,0
2023-01-04 18:29:00,18,2,Kidnapping,Northside,28.621105878570006,77.19704696832129,abducted incident reported. Evidence collected,Male,0
2022-12-08 20:16:00,20,3,Kidnapping,Industrial Area,28.580027437261695,77.18697407022482,ransom incident reported. Witness present,Male,0
2023-11-11 02:52:00,2,5,Homicide,Industrial Area,28.61425154579751,77.1901488794083,stabbed incident reported. No leads yet,Male,0
2023-05-28 10:25:00,10,6,Homicide,Northside,28.61277870891811,77.19108898267612,shot incident reported. CCTV available,Male,0
2022-04-08 12:34:00,12,4,Cyber Crime,Suburb A,28.600860767958302,77.22321942177355,ransomware incident reported. Witness present,Female,0
2022-09-01 04:34:00,4,3,Cyber Crime,Suburb A,28.618024675794004,77.20883892631144,ransomware incident reported. No leads yet,Female,0
2023-09-05 09:53:00,9,1,Kidnapping,Suburb A,28.62854939955118,77.21701014322245,held captive incident reported. No leads yet,Unknown,1
2022-02-15 04:50:00,4,1,Homicide,Northside,28.638009388187523,77.20133567896141,murder incident reported. Witness present,Male,0
2023-11-02 20:19:00,20,3,Kidnapping,Downtown,28.606739417024542,77.18731484556015,abducted incident reported. CCTV available,Female,1
2023-02-15 18:28:00,18,2,Assault,Westside,28.606750321377127,77.22507949823837,beaten incident reported. No leads yet,Unknown,0
2023-12-12 07:18:00,7,1,Assault,Suburb A,28.63556645620437,77.22500508613479,attack incident reported. Evidence collected,Unknown,0
2023-06-15 22:13:00,22,3,Kidnapping,Westside,28.583996802224178,77.22705242021101,held captive incident reported. Evidence collected,Female,1
2022-05-06 14:01:00,14,4,Robbery,Suburb B,28.583258022945465,77.22396862206871,forcibly incident reported. CCTV available,Male,1
2023-09-23 21:01:00,21,5,Theft,Northside,28.607770257890483,77.22070888856557,pickpocket incident reported. No leads yet,Female,0
2023-08-10 20:17:00,20,3,Theft,Industrial Area,28.59169252753509,77.2285194605451,purse incident reported. Witness present,Unknown,0
2023-06-26 10:20:00,10,0,Assault,Suburb B,28.589483754231587,77.19785908481911,attack incident reported. Witness present,Unknown,0
2023-11-12 17:49:00,17,6,Fraud,Industrial Area,28.597265089537185,77.17976191911963,cheated incident reported. Witness present,Female,0
2023-03-15 15:15:00,15,2,Cyber Crime,Suburb A,28.61547545945981,77.23910148529728,identity theft incident reported. Evidence collected,Unknown,0
2023-05-16 01:29:00,1,1,Burglary,Southside,28.658348420372,77.2106192631181,forced incident reported. Evidence collected,Unknown,0
2022-08-07 07:51:00,7,6,Cyber Crime,Northside,28.63251135458446,77.21286824396547,hacked incident reported. CCTV available,Male,0
2022-07-14 01:38:00,1,3,Kidnapping,Westside,28.622214719912805,77.20329752248122,ransom incident reported. Witness present,Male,0
2023-03-19 12:54:00,12,6,Robbery,Suburb A,28.61715128209038,77.21795797841011,mugged incident reported. No leads yet,Female,1
2023-03-29 02:44:00,2,2,Homicide,Downtown,28.604259004518727,77.20770842833512,dead incident reported. Evidence collected,Male,0
2023-04-13 21:46:00,21,3,Robbery,Suburb A,28.612926164683376,77.22277338862217,demanded incident reported. Witness present,Unknown,0
2023-02-04 00:32:00,0,5,Burglary,Suburb A,28.59613279713954,77.20814096318988,window incident reported. Witness present,Male,0
2023-04-28 18:16:00,18,4,Assault,Southside,28.645766757817547,77.22840100254311,beaten incident reported. No leads yet,Unknown,0
2023-03-16 18:06:00,18,3,Assault,Southside,28.63638631748148,77.2094071973363,kicked incident reported. Witness present,Unknown,0
2022-03-19 08:40:00,8,5,Burglary,Suburb A,28.619249959394768,77.22570393611171,broke incident reported. Evidence collected,Male,0
2023-08-23 15:50:00,15,2,Burglary,Suburb A,28.639904258825517,77.17647328478529,window incident reported. CCTV available,Unknown,0
2023-04-08 08:40:00,8,5,Homicide,Suburb B,28.591975978215835,77.23082406835671,murder incident reported. CCTV available,Female,0
2023-12-04 10:17:00,10,0,Homicide,Northside,28.609285177403855,77.19780465351236,killed incident reported. CCTV available,Male,0
2022-03-29 06:24:00,6,1,Kidnapping,Eastside,28.59299731688341,77.19974972164094,ransom incident reported. Witness present,Unknown,0
2022-03-01 06:35:00,6,1,Assault,Eastside,28.590527178609605,77.24385157121222,injury incident reported. CCTV available,Female,1
2022-04-13 17:49:00,17,2,Homicide,Industrial Area,28.613526065800325,77.20803415763729,murder incident reported. Witness present,Male,0
2022-01-29 02:16:00,2,5,Robbery,Eastside,28.623701277919466,77.22503908615444,gun incident reported. Evidence collected,Male,0
2022-04-24 05:28:00,5,6,Burglary,Eastside,28.629664802609245,77.22689369906513,broke incident reported. No leads yet,Female,1
2023-02-09 09:29:00,9,3,Kidnapping,Downtown,28.60338590748682,77.20403555325072,held captive incident reported. No leads yet,Unknown,0
2023-03-22 03:34:00,3,2,Robbery,Industrial Area,28.626717194257374,77.20021018230601,mugged incident reported. CCTV available,Female,1
2022-01-03 15:26:00,15,0,Kidnapping,Northside,28.613814889466212,77.21564606274042,abducted incident reported. No leads yet,Unknown,0
2022-05-31 01:18:00,1,1,Fraud,Downtown,28.626986418038506,77.1793719839605,forgery incident reported. Witness present,Unknown,0
2022-02-15 07:56:00,7,1,Burglary,Suburb B,28.62581242749815,77.2051045990358,window incident reported. CCTV available,Female,0
2023-09-22 13:29:00,13,4,Homicide,Northside,28.62569096184774,77.22194886153925,shot incident reported. Evidence collected,Unknown,0
2022-11-27 22:57:00,22,6,Robbery,Downtown,28.640698584351988,77.23155756079369,demanded incident reported. Evidence collected,Female,1
2023-08-02 23:45:00,23,2,Kidnapping,Downtown,28.636342861043506,77.23306117198611,ransom incident reported. Evidence collected,Male,0
2023-12-24 19:28:00,19,6,Theft,Northside,28.6187563164136,77.20953641811728,missing incident reported. Evidence collected,Unknown,1
2022-07-12 12:34:00,12,1,Burglary,Suburb B,28.628446951386305,77.22120134919055,window incident reported. CCTV available,Female,0
2022-06-29 03:21:00,3,2,Robbery,Northside,28.60874889605436,77.21574705681347,forcibly incident reported. Witness present,Unknown,0
2022-12-16 05:25:00,5,4,Theft,Southside,28.613315058886926,77.194767784859,purse incident reported. Evidence collected,Male,0
2023-07-18 22:32:00,22,1,Kidnapping,Suburb A,28.63540767902294,77.2099199873755,missing child incident reported. Witness present,Female,1
2022-07-23 11:34:00,11,5,Robbery,Westside,28.648045137628316,77.18190846216334,mugged incident reported. Evidence collected,Male,0
2022-01-05 13:23:00,13,2,Kidnapping,Eastside,28.604620353785943,77.20954398061151,held captive incident reported. CCTV available,Female,1
2022-12-13 08:24:00,8,1,Robbery,Suburb A,28.63285635162715,77.21565782287671,threat incident reported. Evidence collected,Male,1
2022-11-08 01:58:00,1,1,Assault,Southside,28.619074545903015,77.1902122701241,punched incident reported. CCTV available,Unknown,0
2023-01-12 16:40:00,16,3,Kidnapping,Downtown,28.59461764337951,77.2143750776715,held captive incident reported. Evidence collected,Male,0
2023-05-20 15:05:00,15,5,Kidnapping,Downtown,28.591164900103028,77.20013537082852,held captive incident reported. No leads yet,Male,1
2022-02-28 18:19:00,18,0,Assault,Southside,28.62224862215143,77.19262792879539,injury incident reported. Evidence collected,Female,1
2022-12-04 02:25:00,2,6,Homicide,Eastside,28.640655932706032,77.22939893907063,killed incident reported. CCTV available,Unknown,0
2022-08-02 07:28:00,7,1,Fraud,Westside,28.587709666694362,77.1934604792803,forgery incident reported. No leads yet,Male,0
2023-04-14 14:55:00,14,4,Fraud,Downtown,28.575803712591753,77.1959568106242,fake incident reported. CCTV available,Male,0
2022-11-29 20:53:00,20,1,Kidnapping,Eastside,28.626673141276207,77.20210175096209,held captive incident reported. Witness present,Male,0
2022-02-15 07:14:00,7,1,Burglary,Westside,28.621579954060266,77.18362776136198,window incident reported. CCTV available,Unknown,0
2023-05-27 08:55:00,8,5,Cyber Crime,Northside,28.627199587576367,77.19974817953452,ransomware incident reported. Evidence collected,Male,0
2023-08-24 09:44:00,9,3,Kidnapping,Eastside,28.61410282803805,77.20745209164345,ransom incident reported. No leads yet,Male,0
2022-01-21 10:54:00,10,4,Homicide,Southside,28.592707524651797,77.18978192780435,killed incident reported. CCTV available,Female,1
2023-08-17 22:56:00,22,3,Homicide,Industrial Area,28.630029907816724,77.2156498692917,dead incident reported. Evidence collected,Female,0
2022-02-22 15:36:00,15,1,Kidnapping,Suburb B,28.631400817359225,77.21441097059171,ransom incident reported. CCTV available,Female,1
2023-11-21 23:22:00,23,1,Fraud,Suburb A,28.61628317724682,77.18023315635556,forgery incident reported. Witness present,Female,0
2022-06-20 12:43:00,12,0,Robbery,Westside,28.609393888387316,77.20854359465994,gun incident reported. Witness present,Unknown,0
2023-08-17 00:38:00,0,3,Homicide,Suburb B,28.646451786637876,77.22044927720165,shot incident reported. Evidence collected,Unknown,0
2023-03-21 12:46:00,12,1,Burglary,Suburb B,28.63950101969516,77.21895896176491,entered incident reported. No leads yet,Male,0
2023-07-16 15:02:00,15,6,Kidnapping,Industrial Area,28.60204494621751,77.21095207026917,ransom incident reported. No leads yet,Female,1
2022-02-11 20:13:00,20,4,Fraud,Southside,28.617837060771073,77.19334740717049,forgery incident reported. Witness present,Female,0
2023-03-31 02:42:00,2,4,Assault,Downtown,28.607493543723454,77.20557055010538,attack incident reported. Evidence collected,Female,1
2022-05-14 17:38:00,17,5,Fraud,Southside,28.640660330542755,77.17432099124349,scam incident reported. No leads yet,Male,0
2023-07-07 20:58:00,20,4,Burglary,Westside,28.633996973678602,77.19338674608402,entered incident reported. Witness present,Male,0
2022-02-23 04:13:00,4,2,Robbery,Westside,28.591032013545508,77.2286657021673,forcibly incident reported. Evidence collected,Female,1
2023-01-22 18:16:00,18,6,Robbery,Downtown,28.626098301153906,77.22990864503969,threat incident reported. Witness present,Female,1
2022-12-16 14:34:00,14,4,Fraud,Suburb A,28.627245032459093,77.24333075002896,scam incident reported. Witness present,Male,0
2023-06-02 10:15:00,10,4,Kidnapping,Downtown,28.623212063949076,77.20639204373128,ransom incident reported. CCTV available,Male,0
2023-06-28 17:21:00,17,2,Homicide,Industrial Area,28.619615439622024,77.22972448547243,dead incident reported. Evidence collected,Female,0
2022-09-20 05:23:00,5,1,Cyber Crime,Westside,28.600910411245664,77.19813519029114,hacked incident reported. CCTV available,Male,0
2022-09-11 14:26:00,14,6,Homicide,Southside,28.60875066642337,77.17392362002059,dead incident reported. No leads yet,Female,0
2023-07-25 13:35:00,13,1,Kidnapping,Suburb B,28.61620130680696,77.17756452160081,abducted incident reported. Witness present,Male,0
2023-08-28 04:10:00,4,0,Assault,Eastside,28.61478432188221,77.2234214959356,punched incident reported. Evidence collected,Male,0
2023-09-29 22:57:00,22,4,Cyber Crime,Suburb B,28.60595205898927,77.23695193116978,phishing incident reported. No leads yet,Female,0
2023-08-03 16:49:00,16,3,Kidnapping,Southside,28.589558318343027,77.22885434469387,abducted incident reported. CCTV available,Unknown,0
2022-06-11 09:36:00,9,5,Cyber Crime,Suburb B,28.62515228427345,77.1803994458615,hacked incident reported. No leads yet,Male,0
2023-11-14 18:25:00,18,1,Homicide,Westside,28.65907990498401,77.20793757857494,murder incident reported. Witness present,Male,0
2022-07-07 17:35:00,17,3,Theft,Industrial Area,28.599275266297408,77.18554854675361,stole incident reported. Evidence collected,Male,1
2022-07-03 16:31:00,16,6,Homicide,Suburb A,28.61023303287234,77.20687655212684,dead incident reported. Witness present,Unknown,1
2023-11-29 05:46:00,5,2,Theft,Northside,28.615610758808995,77.2040367307296,missing incident reported. CCTV available,Unknown,0
2023-01-11 08:04:00,8,2,Fraud,Westside,28.624453755168584,77.20253950278895,fake incident reported. Evidence collected,Unknown,0
2022-02-26 08:25:00,8,5,Fraud,Southside,28.581650598045993,77.20651064173917,scam incident reported. Evidence collected,Female,0
2022-12-31 05:25:00,5,5,Kidnapping,Westside,28.574442039110448,77.21489617718153,abducted incident reported. Witness present,Female,1
2023-02-12 01:30:00,1,6,Cyber Crime,Westside,28.597578329495292,77.21172267258193,phishing incident reported. Witness present,Unknown,0
2022-01-14 18:23:00,18,4,Kidnapping,Southside,28.63580124969208,77.19318752174554,missing child incident reported. No leads yet,Male,0
2023-07-02 22:41:00,22,6,Theft,Suburb B,28.631587604308535,77.20177684055524,missing incident reported. CCTV available,Male,0
2023-04-02 19:09:00,19,6,Robbery,Southside,28.643119913367762,77.20291412311336,demanded incident reported. CCTV available,Female,1
2023-05-28 22:06:00,22,6,Kidnapping,Downtown,28.59989178357489,77.22045397417325,abducted incident reported. No leads yet,Male,0
2023-05-24 19:54:00,19,2,Kidnapping,Southside,28.606636837839606,77.19497584143119,ransom incident reported. Evidence collected,Male,0
2023-08-09 04:02:00,4,2,Assault,Southside,28.60593600248827,77.20825655779696,attack incident reported. Witness present,Unknown,0
2022-09-01 07:45:00,7,3,Burglary,Industrial Area,28.636269668854084,77.17676520424234,door incident reported. Witness present,Male,0
2023-05-04 18:21:00,18,3,Burglary,Northside,28.614284677649174,77.2194150599109,forced incident reported. CCTV available,Female,0
2022-05-08 02:27:00,2,6,Robbery,Industrial Area,28.61712414291653,77.23083108615722,threat incident reported. Evidence collected,Male,0
2023-04-23 10:53:00,10,6,Kidnapping,Westside,28.612660911170693,77.20592414263024,ransom incident reported. Witness present,Unknown,0
2022-11-03 17:51:00,17,3,Kidnapping,Eastside,28.62377215911689,77.21065523024919,held captive incident reported. Witness present,Unknown,0
2022-12-21 19:05:00,19,2,Robbery,Northside,28.607393187695326,77.21760240065977,mugged incident reported. No leads yet,Male,0
2023-04-06 07:48:00,7,3,Fraud,Industrial Area,28.60302452844639,77.19881371413301,cheated incident reported. CCTV available,Female,0
2022-07-15 20:19:00,20,4,Robbery,Suburb A,28.60510009963724,77.23155115266944,forcibly incident reported. No leads yet,Female,1
2022-06-18 19:55:00,19,5,Fraud,Suburb A,28.560216394066906,77.21559331391272,forgery incident reported. CCTV available,Female,0
2022-08-17 16:55:00,16,2,Theft,Southside,28.614471196903338,77.18098549234604,stole incident reported. Witness present,Unknown,0
2022-10-04 17:41:00,17,1,Theft,Westside,28.619062112985603,77.21692919986386,purse incident reported. No leads yet,Male,0
2022-02-21 20:01:00,20,0,Theft,Westside,28.623727320522626,77.16480286561593,pickpocket incident reported. CCTV available,Male,0
2023-05-10 07:30:00,7,2,Fraud,Southside,28.63667315686424,77.19670438825526,forgery incident reported. No leads yet,Female,0
2023-12-13 22:53:00,22,2,Burglary,Southside,28.625342795779222,77.22135122967804,entered incident reported. Evidence collected,Female,0
2022-08-15 13:50:00,13,0,Robbery,Downtown,28.599288381906344,77.22000766587253,demanded incident reported. Evidence collected,Unknown,0
2022-04-13 21:21:00,21,2,Burglary,Industrial Area,28.60747511265146,77.17447704701104,broke incident reported. No leads yet,Male,0
2022-07-08 05:25:00,5,4,Homicide,Northside,28.633362365425462,77.19608258394973,stabbed incident reported. No leads yet,Female,0
2023-08-09 00:56:00,0,2,Theft,Northside,28.5996584422877,77.20228223553272,purse incident reported. Witness present,Unknown,0
2022-08-11 10:39:00,10,3,Homicide,Industrial Area,28.618437278755458,77.20804549315297,killed incident reported. Witness present,Female,0
2023-10-25 10:39:00,10,2,Fraud,Suburb B,28.62303444874512,77.18667517722453,forgery incident reported. Evidence collected,Unknown,0
2022-12-28 07:55:00,7,2,Theft,Southside,28.601526893826154,77.20706671546131,wallet incident reported. CCTV available,Male,0
2023-04-22 23:49:00,23,5,Robbery,Suburb B,28.645531454877645,77.20710312435978,threat incident reported. Witness present,Female,1
2023-09-12 18:01:00,18,1,Theft,Downtown,28.631987037727693,77.20964258614642,pickpocket incident reported. No leads yet,Female,0
2022-03-11 20:19:00,20,4,Homicide,Southside,28.605839022709375,77.20488792626476,murder incident reported. CCTV available,Female,0
2022-11-22 08:42:00,8,1,Theft,Westside,28.61109300479952,77.21906076231602,stole incident reported. No leads yet,Male,0
2023-09-27 15:38:00,15,2,Burglary,Downtown,28.636810187792943,77.21499468079477,forced incident reported. CCTV available,Unknown,0
2023-08-08 07:39:00,7,1,Robbery,Westside,28.63368462797903,77.1929201710395,forcibly incident reported. Evidence collected,Male,0
2022-10-11 10:54:00,10,1,Robbery,Southside,28.606989491519766,77.19692829109654,mugged incident reported. No leads yet,Unknown,0
2023-07-26 22:14:00,22,2,Cyber Crime,Industrial Area,28.619140743181248,77.20301736024702,hacked incident reported. Witness present,Male,0
2022-09-10 00:59:00,0,5,Kidnapping,Eastside,28.626062882283904,77.19348330480612,missing child incident reported. Evidence collected,Female,1
2022-07-05 07:27:00,7,1,Homicide,Northside,28.61461718288869,77.2204476318502,shot incident reported. CCTV available,Male,0
2022-01-23 20:36:00,20,6,Cyber Crime,Eastside,28.579478287082658,77.24436052178883,phishing incident reported. Evidence collected,Unknown,0
2022-09-05 07:22:00,7,0,Theft,Suburb A,28.60918080191867,77.17524933477206,wallet incident reported. Witness present,Male,0
2022-05-16 10:06:00,10,0,Theft,Industrial Area,28.616534898309613,77.20955739113289,missing incident reported. CCTV available,Unknown,1
2023-07-02 15:03:00,15,6,Homicide,Downtown,28.61253509367379,77.22551985188211,stabbed incident reported. CCTV available,Female,0
2023-02-07 09:04:00,9,1,Assault,Southside,28.62635741619045,77.21396460318374,punched incident reported. Witness present,Female,1
2022-11-25 07:32:00,7,4,Theft,Industrial Area,28.621402593899113,77.20726069250937,stole incident reported. Witness present,Unknown,1
2022-12-20 00:22:00,0,1,Robbery,Westside,28.643491514154,77.18434673302737,gun incident reported. No leads yet,Unknown,0
2022-04-23 10:44:00,10,5,Kidnapping,Suburb A,28.6162275279036,77.21008374385315,abducted incident reported. No leads yet,Female,1
2023-03-19 07:11:00,7,6,Burglary,Westside,28.62745467343441,77.19493576870958,window incident reported. Evidence collected,Female,0
2023-02-25 04:54:00,4,5,Assault,Suburb A,28.58483878996006,77.21161371693498,attack incident reported. Witness present,Unknown,0
2022-01-10 00:29:00,0,0,Fraud,Northside,28.61858717487031,77.23382665682414,fake incident reported. Evidence collected,Female,1
2022-11-18 19:35:00,19,4,Fraud,Suburb A,28.592727299227917,77.22824489611195,forgery incident reported. No leads yet,Unknown,0
2022-03-21 09:12:00,9,0,Robbery,Suburb B,28.65335690606712,77.20270391854129,mugged incident reported. Evidence collected,Male,0
2023-08-31 01:06:00,1,3,Theft,Northside,28.59238429634178,77.20221709389378,pickpocket incident reported. Evidence collected,Female,0
2022-02-21 23:13:00,23,0,Burglary,Industrial Area,28.614133416122858,77.21839646458345,door incident reported. Evidence collected,Unknown,0
2023-07-05 19:13:00,19,2,Theft,Westside,28.60404342116937,77.23491997556913,pickpocket incident reported. Witness present,Female,0
2023-07-23 16:07:00,16,6,Fraud,Industrial Area,28.595324461416535,77.18001324746379,cheated incident reported. Evidence collected,Unknown,0
2023-06-25 21:22:00,21,6,Fraud,Downtown,28.632345173738123,77.1710896494799,forgery incident reported. CCTV available,Female,0
2023-02-14 17:34:00,17,1,Burglary,Suburb B,28.610497837185456,77.26096135215347,broke incident reported. Evidence collected,Female,0
2023-05-06 04:45:00,4,5,Kidnapping,Southside,28.613699274117334,77.19032053915507,abducted incident reported. CCTV available,Male,0
2023-04-04 04:40:00,4,1,Robbery,Industrial Area,28.612943375603553,77.20815332018968,demanded incident reported. Evidence collected,Male,0
2023-04-23 16:14:00,16,6,Theft,Eastside,28.616577499005885,77.22003771636933,purse incident reported. No leads yet,Male,0
2023-06-17 19:37:00,19,5,Cyber Crime,Northside,28.596581480527206,77.23712580092062,ransomware incident reported. Witness present,Unknown,0
2023-02-26 14:57:00,14,6,Assault,Westside,28.61798523807288,77.2211132341067,beaten incident reported. Evidence collected,Female,1
2023-03-22 12:33:00,12,2,Fraud,Industrial Area,28.603430843337406,77.23043970228326,cheated incident reported. No leads yet,Female,1
2022-04-14 02:27:00,2,3,Homicide,Suburb A,28.60961579318645,77.21362587522489,killed incident reported. CCTV available,Female,1
2023-02-16 06:19:00,6,3,Robbery,Northside,28.59834823204688,77.1923844728933,forcibly incident reported. Witness present,Unknown,1
2023-08-26 04:01:00,4,5,Theft,Southside,28.62537008844088,77.20160655282989,missing incident reported. No leads yet,Female,0
2022-12-06 06:15:00,6,1,Kidnapping,Industrial Area,28.59966961520826,77.19828027763289,abducted incident reported. Witness present,Female,1
2022-04-12 12:31:00,12,1,Kidnapping,Northside,28.62554921786196,77.1985160356466,held captive incident reported. Evidence collected,Unknown,0
2023-01-16 09:35:00,9,0,Kidnapping,Southside,28.6119390844733,77.20925046250478,missing child incident reported. CCTV available,Male,0
2023-11-12 01:08:00,1,6,Cyber Crime,Westside,28.581944185233162,77.1844812265771,hacked incident reported. CCTV available,Female,0
2022-10-30 18:02:00,18,6,Theft,Eastside,28.61950463148746,77.19671617731413,pickpocket incident reported. No leads yet,Unknown,0
2022-08-31 16:32:00,16,2,Kidnapping,Southside,28.631512081854673,77.22511345173751,held captive incident reported. Witness present,Female,1
2022-01-14 06:51:00,6,4,Homicide,Eastside,28.62588614443926,77.23932952978855,dead incident reported. Evidence collected,Unknown,0
2022-01-31 18:05:00,18,0,Homicide,Eastside,28.612515177870947,77.21981469876506,stabbed incident reported. Witness present,Female,0
2022-01-19 15:44:00,15,2,Homicide,Northside,28.6041599837234,77.24987283188115,killed incident reported. No leads yet,Female,0
2022-11-18 08:26:00,8,4,Fraud,Southside,28.646960560873936,77.20919800724197,fake incident reported. CCTV available,Unknown,0
2022-04-13 16:38:00,16,2,Fraud,Southside,28.620343103831754,77.23165495998941,forgery incident reported. CCTV available,Male,0
2023-10-10 12:03:00,12,1,Theft,Southside,28.611447674919766,77.19805626548667,wallet incident reported. Witness present,Male,0
2022-10-21 01:23:00,1,4,Fraud,Industrial Area,28.628466495850116,77.21030732076807,scam incident reported. Witness present,Female,0
2023-01-04 02:42:00,2,2,Cyber Crime,Downtown,28.61694990749409,77.19509547761554,phishing incident reported. Evidence collected,Female,0
2022-12-11 02:26:00,2,6,Fraud,Suburb B,28.585272130860613,77.21293570683132,scam incident reported. Witness present,Male,0
2022-08-11 18:08:00,18,3,Kidnapping,Westside,28.62898270069157,77.20523655418206,abducted incident reported. No leads yet,Female,1
2022-07-18 13:05:00,13,0,Cyber Crime,Southside,28.637840491992648,77.19726806124308,ransomware incident reported. CCTV available,Female,0
2022-11-07 09:09:00,9,0,Theft,Southside,28.596321592417237,77.20787949488006,missing incident reported. Witness present,Male,0
2022-09-15 17:34:00,17,3,Fraud,Eastside,28.61252345707748,77.22183281218892,forgery incident reported. Witness present,Unknown,1
2023-04-19 02:19:00,2,2,Cyber Crime,Downtown,28.600983952932268,77.23180157061358,hacked incident reported. Evidence collected,Male,0
2023-12-14 04:24:00,4,3,Fraud,Northside,28.64668194937514,77.20834759955054,fake incident reported. No leads yet,Female,0
2022-01-07 12:05:00,12,4,Theft,Westside,28.63472850700307,77.19139171548959,stole incident reported. Evidence collected,Female,0
2022-04-15 18:51:00,18,4,Burglary,Suburb A,28.6318203590197,77.22645460680933,door incident reported. Witness present,Female,0
2022-11-08 23:31:00,23,1,Fraud,Eastside,28.6282906213365,77.2087406151855,scam incident reported. Witness present,Female,1
2022-09-26 02:17:00,2,0,Assault,Eastside,28.564662517645967,77.1983045476058,punched incident reported. Evidence collected,Male,0
2022-11-16 00:21:00,0,2,Assault,Eastside,28.603468066371924,77.19269575103233,punched incident reported. No leads yet,Male,0
2023-08-25 21:00:00,21,4,Homicide,Westside,28.61593738340912,77.20201727590798,stabbed incident reported. No leads yet,Female,1
2022-01-02 18:47:00,18,6,Homicide,Downtown,28.60015646650392,77.19135333086254,stabbed incident reported. No leads yet,Female,0
2023-06-24 06:04:00,6,5,Theft,Eastside,28.601974783575248,77.22769165353084,missing incident reported. No leads yet,Male,0
2022-10-06 10:30:00,10,3,Burglary,Southside,28.602882915756208,77.20041768822611,window incident reported. CCTV available,Female,0
2022-02-25 14:46:00,14,4,Homicide,Downtown,28.606288373082947,77.21464989189683,shot incident reported. CCTV available,Male,0
2022-09-22 19:40:00,19,3,Kidnapping,Downtown,28.621504158142145,77.15825572434595,missing child incident reported. Evidence collected,Unknown,0
2023-12-27 07:25:00,7,2,Homicide,Northside,28.630927253563794,77.2329394672374,shot incident reported. CCTV available,Male,0
2022-03-14 00:53:00,0,0,Fraud,Downtown,28.596396891043973,77.19279502925443,forgery incident reported. CCTV available,Male,0
2022-08-28 02:44:00,2,6,Theft,Suburb A,28.606395776870365,77.19639993300906,pickpocket incident reported. Witness present,Female,0
2022-03-31 21:53:00,21,3,Theft,Northside,28.61763211456578,77.17655791189402,purse incident reported. No leads yet,Male,0
2023-10-22 10:18:00,10,6,Fraud,Northside,28.59526787319939,77.23465328666958,forgery incident reported. Evidence collected,Male,0
2023-02-02 09:01:00,9,3,Theft,Westside,28.59842966721087,77.22972380463506,purse incident reported. No leads yet,Female,0
2023-04-21 19:19:00,19,4,Fraud,Westside,28.619822303259838,77.1788455380902,scam incident reported. No leads yet,Unknown,0
2022-01-13 20:15:00,20,3,Fraud,Northside,28.62448881992027,77.20703887829679,forgery incident reported. No leads yet,Male,0
2022-01-05 02:28:00,2,2,Kidnapping,Eastside,28.60630888239584,77.21308261821953,ransom incident reported. Witness present,Unknown,0
2022-07-26 01:28:00,1,1,Assault,Northside,28.621810558092783,77.22079319703292,beaten incident reported. No leads yet,Male,0
2022-02-23 01:17:00,1,2,Theft,Southside,28.633537547459134,77.21580226521297,missing incident reported. Evidence collected,Male,0
2023-01-01 10:54:00,10,6,Fraud,Industrial Area,28.590972765186894,77.20110590903916,fake incident reported. CCTV available,Female,0
2023-11-11 18:46:00,18,5,Fraud,Suburb A,28.662950805587812,77.22107485100636,fake incident reported. Evidence collected,Female,0
2023-05-07 21:01:00,21,6,Robbery,Eastside,28.65338812168019,77.23225723470333,gun incident reported. Evidence collected,Female,1
2022-11-15 19:44:00,19,1,Burglary,Suburb B,28.61793003452593,77.21402345116302,forced incident reported. Witness present,Unknown,0
2023-01-31 22:07:00,22,1,Kidnapping,Industrial Area,28.61329033266872,77.18003658973589,held captive incident reported. Witness present,Male,0
2023-08-05 09:48:00,9,5,Fraud,Southside,28.614200787541137,77.22917790920904,fake incident reported. Witness present,Female,0
2023-07-28 11:54:00,11,4,Fraud,Suburb A,28.603906000086315,77.2158658833177,fake incident reported. No leads yet,Unknown,0
2023-11-06 12:35:00,12,0,Kidnapping,Northside,28.628093184098223,77.19383865934479,missing child incident reported. CCTV available,Female,1
2023-08-14 06:50:00,6,0,Assault,Industrial Area,28.606378285594275,77.19203480849205,punched incident reported. No leads yet,Unknown,0
2022-01-07 11:23:00,11,4,Assault,Industrial Area,28.600197239888512,77.18753991193911,injury incident reported. Witness present,Male,0
2022-05-02 22:07:00,22,0,Fraud,Southside,28.598892525643702,77.23265759467996,fake incident reported. CCTV available,Female,1
2022-09-27 12:19:00,12,1,Fraud,Eastside,28.598642049515163,77.21110765365101,forgery incident reported. Evidence collected,Unknown,0
2022-04-15 09:42:00,9,4,Cyber Crime,Suburb A,28.605518854105487,77.22864776561728,phishing incident reported. Witness present,Female,1
2022-09-14 21:08:00,21,2,Kidnapping,Northside,28.635752704943396,77.22340116636899,held captive incident reported. No leads yet,Unknown,0
2023-08-21 04:23:00,4,0,Cyber Crime,Southside,28.619002242551712,77.20514900771933,hacked incident reported. CCTV available,Unknown,0
2022-01-25 19:59:00,19,1,Burglary,Suburb B,28.594035421596814,77.2413921480187,broke incident reported. Evidence collected,Male,1
2023-11-15 23:03:00,23,2,Assault,Suburb A,28.60123878303746,77.22006077245055,punched incident reported. No leads yet,Female,1
2022-07-17 17:16:00,17,6,Homicide,Northside,28.63155942621039,77.19974532505158,murder incident reported. Evidence collected,Male,0
2022-02-18 21:47:00,21,4,Burglary,Eastside,28.6312002087886,77.22173688672231,window incident reported. Evidence collected,Unknown,0
2023-11-28 21:56:00,21,1,Fraud,Industrial Area,28.642699397256365,77.2011775588929,fake incident reported. Evidence collected,Male,0
2022-03-04 08:42:00,8,4,Homicide,Northside,28.59246893304534,77.2005751707426,shot incident reported. Witness present,Female,0
2023-10-06 13:54:00,13,4,Cyber Crime,Suburb A,28.61738089237557,77.2099702121181,phishing incident reported. Witness present,Unknown,0
2022-03-15 16:35:00,16,1,Burglary,Southside,28.607342701728758,77.17718004235039,broke incident reported. No leads yet,Male,0
2022-10-22 03:30:00,3,5,Fraud,Northside,28.62174138326882,77.2418724079847,fake incident reported. Evidence collected,Unknown,0
2022-06-09 06:26:00,6,3,Homicide,Northside,28.621637520635385,77.2191522586509,killed incident reported. Witness present,Unknown,0
2023-03-10 16:12:00,16,4,Cyber Crime,Northside,28.623440755102585,77.21561744449804,identity theft incident reported. CCTV available,Female,0
2022-01-16 07:09:00,7,6,Robbery,Northside,28.629427766114468,77.2155895613531,threat incident reported. Witness present,Unknown,0
2022-12-18 04:50:00,4,6,Burglary,Suburb B,28.608688713839115,77.19573351816652,entered incident reported. No leads yet,Female,0
2023-09-09 07:29:00,7,5,Homicide,Suburb A,28.609750439078656,77.21423549160751,stabbed incident reported. Witness present,Male,0
2023-09-22 13:48:00,13,4,Homicide,Westside,28.60863195064795,77.2142389780522,stabbed incident reported. Witness present,Female,0
2023-10-07 13:49:00,13,5,Fraud,Northside,28.621219168895006,77.22288632385451,fake incident reported. Witness present,Male,1
2022-02-17 13:16:00,13,3,Theft,Downtown,28.63527991614732,77.21030012364132,pickpocket incident reported. Evidence collected,Female,0
2022-12-08 10:44:00,10,3,Cyber Crime,Downtown,28.592103723914207,77.20324826505302,phishing incident reported. No leads yet,Unknown,0
2023-06-28 15:59:00,15,2,Theft,Southside,28.614634376123444,77.17840385406372,wallet incident reported. Evidence collected,Female,0
2022-09-30 12:15:00,12,4,Kidnapping,Southside,28.637044408668377,77.21137296520851,held captive incident reported. No leads yet,Male,0
2022-01-24 06:09:00,6,0,Robbery,Suburb A,28.620255880576337,77.23175877437544,mugged incident reported. Evidence collected,Unknown,0
2022-06-29 19:20:00,19,2,Cyber Crime,Industrial Area,28.603397619497628,77.21856736551474,identity theft incident reported. Witness present,Female,0
2023-09-09 11:31:00,11,5,Cyber Crime,Suburb A,28.612068931281634,77.20593188554973,phishing incident reported. CCTV available,Male,0
2023-04-08 08:43:00,8,5,Assault,Northside,28.60103012686993,77.23676005356144,kicked incident reported. No leads yet,Male,0
2023-04-12 00:13:00,0,2,Fraud,Southside,28.60764166599874,77.22065773744826,forgery incident reported. No leads yet,Female,0
2022-04-17 03:10:00,3,6,Cyber Crime,Westside,28.582649876875468,77.22866647549483,phishing incident reported. Witness present,Unknown,0
2022-02-01 00:34:00,0,1,Theft,Suburb A,28.631436852599286,77.21062390183829,stole incident reported. Witness present,Female,0
2023-08-15 05:40:00,5,1,Homicide,Southside,28.610117625564367,77.21566666676023,murder incident reported. Evidence collected,Unknown,0
2022-02-10 15:43:00,15,3,Robbery,Northside,28.65204651101467,77.17961272168495,threat incident reported. No leads yet,Male,0
2022-12-28 09:34:00,9,2,Cyber Crime,Southside,28.626933789792904,77.19380637829744,phishing incident reported. Evidence collected,Male,1
2022-03-07 19:28:00,19,0,Theft,Westside,28.613568026728338,77.20486866468202,missing incident reported. Evidence collected,Male,0
2023-03-24 21:45:00,21,4,Burglary,Industrial Area,28.606761362370037,77.20882558118245,entered incident reported. No leads yet,Unknown,0
2022-12-01 02:10:00,2,3,Cyber Crime,Suburb A,28.594997147578706,77.2261530072688,hacked incident reported. Evidence collected,Female,1
2023-01-08 02:02:00,2,6,Assault,Westside,28.583997608146692,77.2179960752138,attack incident reported. Witness present,Unknown,0
2022-05-12 13:56:00,13,3,Burglary,Eastside,28.60845773579109,77.18948458510322,entered incident reported. No leads yet,Unknown,1
2022-01-11 14:08:00,14,1,Burglary,Eastside,28.617273056176646,77.18305081522156,door incident reported. Witness present,Female,1
2022-01-03 22:57:00,22,0,Robbery,Westside,28.61456189702866,77.18528538486981,demanded incident reported. Witness present,Unknown,0
2023-04-13 10:51:00,10,3,Robbery,Northside,28.621587868071966,77.1935940444395,threat incident reported. Evidence collected,Female,1
2023-09-13 03:55:00,3,2,Fraud,Suburb B,28.606383433049512,77.21389915646573,forgery incident reported. No leads yet,Male,0
2023-07-26 15:46:00,15,2,Homicide,Downtown,28.601024298135965,77.20803393333887,dead incident reported. CCTV available,Male,0
2023-01-18 08:58:00,8,2,Homicide,Northside,28.58866949164592,77.21951459339327,shot incident reported. No leads yet,Male,0
2022-09-28 18:29:00,18,2,Theft,Downtown,28.643315230092515,77.25553681446517,missing incident reported. CCTV available,Unknown,0
2023-07-20 00:06:00,0,3,Cyber Crime,Northside,28.615419469111107,77.22213673567995,phishing incident reported. No leads yet,Female,0
2023-12-11 05:33:00,5,0,Theft,Southside,28.584222905451544,77.2340455721051,missing incident reported. Evidence collected,Female,1
2022-11-22 00:41:00,0,1,Fraud,Suburb B,28.6268371417454,77.20093444258416,fake incident reported. Evidence collected,Male,0
2022-12-04 05:45:00,5,6,Cyber Crime,Suburb A,28.634519680004818,77.20475873205591,phishing incident reported. Witness present,Male,0
2023-11-08 17:59:00,17,2,Theft,Suburb A,28.606266246949758,77.21692224875713,wallet incident reported. No leads yet,Unknown,0
2023-10-26 14:40:00,14,3,Homicide,Eastside,28.59617742500283,77.22602707940666,dead incident reported. CCTV available,Female,0
2023-05-24 12:11:00,12,2,Cyber Crime,Eastside,28.59630016980122,77.19149908683629,hacked incident reported. Evidence collected,Unknown,0
2022-04-29 10:49:00,10,4,Burglary,Suburb A,28.59873850352653,77.2216583339586,window incident reported. Witness present,Female,0
2023-04-20 14:45:00,14,3,Burglary,Suburb B,28.60362041064134,77.18653340359388,window incident reported. CCTV available,Male,0
2023-06-29 18:01:00,18,3,Robbery,Downtown,28.603805333334403,77.20846596048867,demanded incident reported. Evidence collected,Female,1
2023-12-25 18:30:00,18,0,Assault,Suburb B,28.594217125272262,77.18980531484944,attack incident reported. Witness present,Male,0
2022-07-02 19:57:00,19,5,Robbery,Suburb A,28.649088272234994,77.19465724326977,demanded incident reported. CCTV available,Unknown,0
2023-09-03 05:02:00,5,6,Cyber Crime,Suburb A,28.60851596052045,77.20287938332001,ransomware incident reported. No leads yet,Unknown,0
2023-05-23 19:38:00,19,1,Assault,Northside,28.60687738653716,77.21935577899949,injury incident reported. Witness present,Unknown,0
2022-01-19 22:19:00,22,2,Cyber Crime,Industrial Area,28.62970238250787,77.20390075947448,identity theft incident reported. CCTV available,Female,0
2022-11-29 21:06:00,21,1,Assault,Suburb B,28.593292028556796,77.23024067046416,attack incident reported. No leads yet,Male,0
2022-02-09 03:56:00,3,2,Cyber Crime,Southside,28.61231098181339,77.2378386969143,phishing incident reported. Witness present,Male,0
2023-01-24 22:33:00,22,1,Fraud,Downtown,28.576473568373913,77.21225672035473,fake incident reported. CCTV available,Male,0
2023-04-15 13:43:00,13,5,Assault,Southside,28.645876772231272,77.20311226440937,beaten incident reported. Witness present,Unknown,0
2022-01-08 21:58:00,21,5,Kidnapping,Westside,28.610141776277757,77.21392519485984,abducted incident reported. Witness present,Female,1
2023-08-09 19:48:00,19,2,Kidnapping,Southside,28.60458673635192,77.20379880113246,ransom incident reported. No leads yet,Female,1
2022-02-19 07:13:00,7,5,Kidnapping,Suburb A,28.608269748430143,77.19854298775957,held captive incident reported. Evidence collected,Male,0
2023-07-14 08:49:00,8,4,Robbery,Industrial Area,28.634380942503345,77.21668463387161,gun incident reported. Evidence collected,Female,1
2023-10-23 00:30:00,0,0,Robbery,Industrial Area,28.618077137201723,77.22247618344817,mugged incident reported. CCTV available,Unknown,0
2022-10-11 10:29:00,10,1,Homicide,Westside,28.609494069446608,77.19609660302746,dead incident reported. No leads yet,Female,0
2023-02-17 18:57:00,18,4,Burglary,Suburb B,28.60385626158976,77.20902971735174,forced incident reported. CCTV available,Male,0
2023-11-01 07:19:00,7,2,Kidnapping,Suburb A,28.59624647152712,77.20066231639022,held captive incident reported. Evidence collected,Unknown,0
2022-09-23 07:21:00,7,4,Robbery,Suburb A,28.60529805596881,77.24440927049716,mugged incident reported. Evidence collected,Unknown,0
2023-04-19 19:45:00,19,2,Fraud,Suburb A,28.5676697510011,77.20600633797658,forgery incident reported. Witness present,Unknown,0
2023-11-20 15:21:00,15,0,Fraud,Northside,28.64266156321358,77.21103074106888,cheated incident reported. Witness present,Female,0
2022-11-10 21:02:00,21,3,Kidnapping,Eastside,28.62645695789035,77.21066377191833,abducted incident reported. No leads yet,Male,0
2023-04-22 12:06:00,12,5,Robbery,Suburb A,28.602777776979725,77.17163473442486,gun incident reported. No leads yet,Unknown,1
2023-06-05 17:13:00,17,0,Fraud,Southside,28.617324261450605,77.19607322325663,cheated incident reported. CCTV available,Male,0
2022-01-14 07:57:00,7,4,Robbery,Suburb B,28.600561076563913,77.20068354573368,demanded incident reported. Witness present,Unknown,0
2023-07-22 10:43:00,10,5,Theft,Southside,28.642981023443728,77.24908062570424,wallet incident reported. No leads yet,Male,1
2022-11-19 06:10:00,6,5,Kidnapping,Eastside,28.617520132292142,77.20125387960148,ransom incident reported. Evidence collected,Female,1
2022-10-19 19:28:00,19,2,Burglary,Westside,28.594279559709147,77.21680900269244,entered incident reported. Witness present,Unknown,0
2022-05-12 07:17:00,7,3,Kidnapping,Industrial Area,28.64361509333442,77.20487766021625,ransom incident reported. Evidence collected,Male,0
2023-08-23 07:45:00,7,2,Cyber Crime,Suburb A,28.574250065987446,77.22016749453026,identity theft incident reported. Evidence collected,Female,0
2022-06-02 01:02:00,1,3,Fraud,Northside,28.630323328524167,77.18256923932691,fake incident reported. No leads yet,Female,0
2022-11-13 08:59:00,8,6,Cyber Crime,Westside,28.61684140306105,77.21652043360227,hacked incident reported. Witness present,Female,0
2022-04-21 17:36:00,17,3,Robbery,Northside,28.61268154496652,77.19582048468192,gun incident reported. No leads yet,Unknown,0
2022-11-29 00:28:00,0,1,Fraud,Northside,28.630832287059395,77.20227700423386,fake incident reported. Witness present,Male,0
2023-11-03 22:40:00,22,4,Theft,Suburb A,28.589146897288334,77.1748420919055,pickpocket incident reported. CCTV available,Female,0
2022-09-12 21:00:00,21,0,Homicide,Suburb A,28.634914158666657,77.2192777329412,stabbed incident reported. CCTV available,Female,0
2022-02-22 04:26:00,4,1,Robbery,Suburb A,28.615366225785486,77.20166208938582,forcibly incident reported. No leads yet,Female,1
2023-07-06 19:51:00,19,3,Homicide,Eastside,28.60508335976328,77.19107105585931,shot incident reported. No leads yet,Male,0
2022-07-16 18:46:00,18,5,Theft,Westside,28.606709072590668,77.17366521308134,stole incident reported. Evidence collected,Unknown,0
2023-06-17 05:44:00,5,5,Robbery,Suburb B,28.601632272442192,77.20381770806082,threat incident reported. No leads yet,Unknown,0
2023-07-31 00:11:00,0,0,Burglary,Southside,28.624064667453176,77.20833455894378,forced incident reported. CCTV available,Male,0
2023-11-24 00:25:00,0,4,Assault,Industrial Area,28.627148718564595,77.23148558508522,injury incident reported. Evidence collected,Unknown,1
2022-03-10 10:43:00,10,3,Assault,Southside,28.631536168230404,77.21684183078965,beaten incident reported. Witness present,Male,1
2022-09-16 09:39:00,9,4,Theft,Industrial Area,28.61409771131968,77.19265353319311,wallet incident reported. Evidence collected,Female,0
2023-01-27 05:46:00,5,4,Assault,Eastside,28.626232400856324,77.2369957897037,kicked incident reported. Evidence collected,Unknown,0
2023-09-03 05:36:00,5,6,Fraud,Southside,28.61960176732751,77.24095431914044,cheated incident reported. Witness present,Male,1
2022-01-26 15:05:00,15,2,Burglary,Southside,28.58847380486565,77.18976394358701,broke incident reported. Witness present,Female,1
2022-05-29 16:14:00,16,6,Kidnapping,Industrial Area,28.628153358462473,77.21340483683589,held captive incident reported. Evidence collected,Unknown,0
2022-11-20 09:39:00,9,6,Cyber Crime,Industrial Area,28.63579636960953,77.20874213932123,identity theft incident reported. Witness present,Unknown,0
2023-07-15 04:03:00,4,5,Fraud,Eastside,28.599433742957864,77.20544011262992,scam incident reported. Evidence collected,Male,0
2022-06-21 13:36:00,13,1,Theft,Westside,28.58835526715127,77.19019015544839,pickpocket incident reported. CCTV available,Female,0
2023-05-31 18:20:00,18,2,Burglary,Westside,28.6301073999653,77.22354645690783,door incident reported. No leads yet,Female,0
2023-12-11 00:41:00,0,0,Fraud,Westside,28.619950071413435,77.18031537465066,cheated incident reported. CCTV available,Female,0
2022-07-01 11:29:00,11,4,Robbery,Industrial Area,28.607926607074788,77.18858333518901,demanded incident reported. No leads yet,Unknown,0
2023-05-22 17:57:00,17,0,Homicide,Downtown,28.63350888756313,77.19927129777396,killed incident reported. CCTV available,Female,1
2023-03-03 10:30:00,10,4,Kidnapping,Industrial Area,28.595804204820308,77.20949660275203,abducted incident reported. Witness present,Male,0
2023-09-22 16:32:00,16,4,Kidnapping,Southside,28.603230759052757,77.23372906517007,held captive incident reported. Evidence collected,Unknown,0
2023-09-06 04:32:00,4,2,Burglary,Suburb B,28.601653151707765,77.18567952901293,window incident reported. CCTV available,Unknown,0
2022-05-03 14:01:00,14,1,Theft,Suburb A,28.578018108070708,77.20848689162645,stole incident reported. No leads yet,Male,0
2022-02-04 10:24:00,10,4,Fraud,Downtown,28.604534498102367,77.18518492322481,forgery incident reported. No leads yet,Male,1
2022-11-09 15:55:00,15,2,Cyber Crime,Northside,28.63372044102093,77.22012075245716,phishing incident reported. Evidence collected,Male,0
2022-06-28 08:08:00,8,1,Cyber Crime,Eastside,28.613429702017715,77.23173877073619,ransomware incident reported. Evidence collected,Female,0
2023-02-13 00:05:00,0,0,Assault,Westside,28.62494226722331,77.19528573497469,injury incident reported. Evidence collected,Unknown,1
2023-12-21 03:30:00,3,3,Theft,Suburb B,28.59657966393349,77.2226330257409,stole incident reported. CCTV available,Female,0
2022-06-24 01:30:00,1,4,Kidnapping,Northside,28.620506115941122,77.21182912946618,held captive incident reported. CCTV available,Unknown,0
2022-03-01 09:14:00,9,1,Robbery,Suburb B,28.59979170328552,77.2191324594501,forcibly incident reported. No leads yet,Unknown,0
2023-04-09 22:09:00,22,6,Homicide,Suburb B,28.601308351947768,77.20730022242344,stabbed incident reported. Evidence collected,Male,0
2022-04-04 01:59:00,1,0,Theft,Downtown,28.638015735773116,77.19798609606984,stole incident reported. No leads yet,Unknown,0
2023-07-23 23:23:00,23,6,Theft,Southside,28.58768351238212,77.19145754680217,wallet incident reported. CCTV available,Male,0
2023-11-13 09:36:00,9,0,Kidnapping,Southside,28.630471647111463,77.21324551895634,missing child incident reported. Witness present,Unknown,0
2022-02-03 02:00:00,2,3,Burglary,Industrial Area,28.611752043688522,77.20051510324481,door incident reported. No leads yet,Female,0
2022-10-03 20:29:00,20,0,Cyber Crime,Eastside,28.621989331792555,77.1948482524835,identity theft incident reported. CCTV available,Unknown,0
2022-09-18 05:22:00,5,6,Burglary,Suburb B,28.618994426144045,77.19681242385312,door incident reported. CCTV available,Unknown,0
2023-11-17 20:10:00,20,4,Theft,Westside,28.598939010245417,77.19837520941958,stole incident reported. CCTV available,Male,0
2022-08-05 14:18:00,14,4,Theft,Suburb A,28.60764320922527,77.2081861694011,wallet incident reported. Witness present,Male,0
2023-04-15 19:49:00,19,5,Robbery,Industrial Area,28.61782426325185,77.14752724514287,forcibly incident reported. No leads yet,Female,1
2023-01-24 17:07:00,17,1,Fraud,Downtown,28.60043915737089,77.20247383371074,forgery incident reported. Evidence collected,Unknown,0
2023-04-14 09:38:00,9,4,Theft,Suburb A,28.63898436731014,77.19099995652697,pickpocket incident reported. Evidence collected,Unknown,0
2022-10-09 08:37:00,8,6,Theft,Downtown,28.616613276968334,77.23391717182894,missing incident reported. No leads yet,Male,0
2022-06-25 09:47:00,9,5,Theft,Suburb A,28.592017191167546,77.21556625376441,missing incident reported. Evidence collected,Female,0
2023-08-02 19:36:00,19,2,Fraud,Eastside,28.60052880276776,77.20058943762852,fake incident reported. CCTV available,Male,0
2022-05-29 14:47:00,14,6,Assault,Northside,28.600514819434114,77.19680237819307,punched incident reported. CCTV available,Male,1
2023-12-11 02:34:00,2,0,Homicide,Suburb B,28.65926520246511,77.22307426453453,killed incident reported. CCTV available,Unknown,0
2023-09-03 07:52:00,7,6,Burglary,Northside,28.63226229769644,77.21719989144728,door incident reported. No leads yet,Male,0
2022-05-01 16:42:00,16,6,Robbery,Downtown,28.587129053526635,77.21558263283873,threat incident reported. CCTV available,Unknown,0
2023-12-11 17:00:00,17,0,Theft,Southside,28.63178216024179,77.19477667543268,pickpocket incident reported. CCTV available,Male,0
2022-06-08 11:39:00,11,2,Kidnapping,Southside,28.62998877778602,77.2207389368309,ransom incident reported. CCTV available,Male,0
2023-07-14 05:52:00,5,4,Kidnapping,Northside,28.64476733408023,77.20203694979145,abducted incident reported. CCTV available,Unknown,0
2023-04-27 21:16:00,21,3,Homicide,Industrial Area,28.59560648362874,77.2029728648438,stabbed incident reported. Witness present,Female,0
2023-08-21 07:59:00,7,0,Kidnapping,Northside,28.637826183219396,77.17852656865264,ransom incident reported. No leads yet,Female,1
2022-07-04 02:16:00,2,0,Fraud,Northside,28.579427071409484,77.21048992131553,cheated incident reported. Evidence collected,Female,0
2022-10-05 11:51:00,11,2,Burglary,Southside,28.6065235117871,77.2091287982196,window incident reported. No leads yet,Female,0
2023-08-27 17:33:00,17,6,Kidnapping,Industrial Area,28.629655196187265,77.19979051089803,ransom incident reported. CCTV available,Female,1
2023-04-08 09:04:00,9,5,Robbery,Westside,28.58268323615116,77.24307469262,mugged incident reported. Witness present,Male,0
2023-08-19 22:13:00,22,5,Fraud,Downtown,28.59727952854269,77.1913493812998,forgery incident reported. Witness present,Unknown,0
2023-12-14 14:21:00,14,3,Assault,Eastside,28.632295333562045,77.20259184798265,kicked incident reported. Evidence collected,Female,1
2022-04-24 04:53:00,4,6,Homicide,Westside,28.612843502466088,77.21704650206767,murder incident reported. No leads yet,Female,0
2023-11-17 11:26:00,11,4,Assault,Northside,28.63195971838517,77.2034423217803,injury incident reported. Witness present,Female,1
2023-12-24 04:44:00,4,6,Robbery,Downtown,28.639232533431905,77.17340333585442,forcibly incident reported. CCTV available,Female,1
2023-09-21 08:33:00,8,3,Theft,Suburb A,28.626563120615884,77.19500787403304,stole incident reported. Witness present,Male,0
2023-12-25 04:28:00,4,0,Homicide,Eastside,28.636771188610133,77.21136740798052,shot incident reported. Witness present,Male,1
2023-10-29 22:48:00,22,6,Kidnapping,Northside,28.602684911133178,77.22004735155036,missing child incident reported. CCTV available,Unknown,0
2022-11-02 14:55:00,14,2,Cyber Crime,Suburb B,28.628786472453456,77.21969823538097,hacked incident reported. Witness present,Male,0
2023-10-03 02:13:00,2,1,Theft,Industrial Area,28.596738396006117,77.20093304793963,purse incident reported. No leads yet,Unknown,0
2023-07-07 01:57:00,1,4,Fraud,Suburb B,28.61383211938131,77.2083123391225,cheated incident reported. CCTV available,Male,0
2023-09-30 16:21:00,16,5,Fraud,Suburb B,28.626395757923973,77.17541831279156,cheated incident reported. CCTV available,Male,0
2022-03-23 16:59:00,16,2,Theft,Southside,28.619472117575892,77.20416697742606,purse incident reported. Witness present,Unknown,0
2022-12-13 04:04:00,4,1,Burglary,Suburb B,28.599924989726937,77.1966252203705,forced incident reported. CCTV available,Female,0
2023-02-04 18:59:00,18,5,Homicide,Southside,28.610324372258034,77.14898191492568,murder incident reported. CCTV available,Unknown,0
2023-04-05 01:21:00,1,2,Burglary,Downtown,28.60221184048681,77.1944030862559,entered incident reported. Witness present,Male,1
2023-09-24 17:35:00,17,6,Kidnapping,Northside,28.62277972015538,77.1955745552915,missing child incident reported. Witness present,Unknown,0
2022-06-13 00:13:00,0,0,Fraud,Suburb B,28.61031476999716,77.23470461046102,cheated incident reported. Witness present,Unknown,0
2023-03-30 23:30:00,23,3,Fraud,Southside,28.63047252533026,77.22403785666573,cheated incident reported. Witness present,Female,0
2023-04-28 04:33:00,4,4,Kidnapping,Suburb B,28.605568792826485,77.21805053798816,missing child incident reported. Evidence collected,Male,0
2023-06-02 15:28:00,15,4,Robbery,Westside,28.610001703325775,77.20573177982206,gun incident reported. No leads yet,Female,1
2022-07-06 21:34:00,21,2,Robbery,Eastside,28.620728089062442,77.19905010685966,demanded incident reported. CCTV available,Female,1
2023-05-07 07:21:00,7,6,Fraud,Southside,28.638783385074053,77.20633116434004,fake incident reported. No leads yet,Male,0
2023-05-27 20:45:00,20,5,Theft,Downtown,28.62420600943766,77.23326000798762,missing incident reported. CCTV available,Female,0
2023-12-24 18:30:00,18,6,Robbery,Downtown,28.631094229576252,77.18551801495516,threat incident reported. Witness present,Male,0
2022-06-24 17:22:00,17,4,Kidnapping,Downtown,28.6213149315835,77.22317865657435,ransom incident reported. Evidence collected,Female,1
2022-06-06 10:21:00,10,0,Cyber Crime,Westside,28.62876438370268,77.1904450860981,phishing incident reported. No leads yet,Female,0
2023-04-15 20:02:00,20,5,Homicide,Northside,28.602949412716377,77.2255759705957,killed incident reported. Evidence collected,Male,0
2023-01-04 18:26:00,18,2,Homicide,Suburb B,28.601203993821958,77.20400506572227,killed incident reported. No leads yet,Unknown,0
2022-12-18 12:38:00,12,6,Theft,Westside,28.640164596825034,77.20820334582692,missing incident reported. No leads yet,Female,0
2023-05-27 23:14:00,23,5,Robbery,Southside,28.601787097702772,77.19437304405228,gun incident reported. Witness present,Unknown,0
2022-10-18 17:38:00,17,1,Cyber Crime,Suburb A,28.619445322159756,77.18678086652538,identity theft incident reported. Evidence collected,Unknown,0
2022-01-11 21:54:00,21,1,Fraud,Southside,28.60977773393506,77.21455384224984,cheated incident reported. CCTV available,Male,0
2023-08-20 18:43:00,18,6,Homicide,Southside,28.63555249700913,77.2201258013395,shot incident reported. No leads yet,Female,0
2022-01-25 20:35:00,20,1,Cyber Crime,Eastside,28.6019989147003,77.2286403219594,hacked incident reported. Witness present,Male,1
2022-09-08 18:32:00,18,3,Theft,Northside,28.608908082707543,77.18840494963251,purse incident reported. No leads yet,Male,0
2022-04-04 12:09:00,12,0,Robbery,Eastside,28.611032644012244,77.23296948668576,mugged incident reported. Evidence collected,Female,1
2022-11-25 17:49:00,17,4,Assault,Downtown,28.616654000834416,77.20920869773883,punched incident reported. CCTV available,Unknown,0
2022-08-12 06:29:00,6,4,Homicide,Eastside,28.641186860745048,77.18514408588243,dead incident reported. Witness present,Female,0
2023-10-14 20:28:00,20,5,Kidnapping,Southside,28.592473348099123,77.18206922548389,abducted incident reported. CCTV available,Unknown,0
2023-01-26 11:38:00,11,3,Fraud,Suburb A,28.620110803108002,77.21177488545192,cheated incident reported. CCTV available,Female,0
2023-05-22 10:36:00,10,0,Cyber Crime,Suburb A,28.639612272787996,77.21305791795228,ransomware incident reported. CCTV available,Female,1
2023-10-27 07:44:00,7,4,Fraud,Southside,28.607164047342014,77.20902991454797,scam incident reported. No leads yet,Unknown,0
2022-04-28 09:32:00,9,3,Cyber Crime,Westside,28.615861790307683,77.1811373121112,ransomware incident reported. Witness present,Male,0
2023-12-08 10:08:00,10,4,Cyber Crime,Southside,28.659072194072248,77.21766451696837,phishing incident reported. Evidence collected,Male,0
2023-02-08 20:20:00,20,2,Assault,Northside,28.617400138467044,77.21925273307131,kicked incident reported. Evidence collected,Unknown,0
2022-11-03 11:31:00,11,3,Homicide,Westside,28.62572351634311,77.20665744190829,murder incident reported. Evidence collected,Female,0
2023-11-12 04:30:00,4,6,Fraud,Westside,28.60337931439599,77.21899084477204,fake incident reported. CCTV available,Female,0
2022-02-28 06:52:00,6,0,Cyber Crime,Eastside,28.620328514008857,77.19550183168185,hacked incident reported. Witness present,Male,0
2022-10-19 09:00:00,9,2,Burglary,Eastside,28.63755059352279,77.21388920060538,broke incident reported. CCTV available,Female,0
2022-04-03 05:51:00,5,6,Assault,Downtown,28.626063656037793,77.23219868146134,kicked incident reported. CCTV available,Female,1
2023-05-05 18:20:00,18,4,Theft,Downtown,28.61426481368608,77.21428253344973,pickpocket incident reported. CCTV available,Female,0
2022-04-01 04:51:00,4,4,Robbery,Southside,28.627400453975103,77.19691898193666,gun incident reported. Evidence collected,Female,1
2023-07-21 19:05:00,19,4,Assault,Eastside,28.614800861047435,77.2110924764442,kicked incident reported. CCTV available,Female,1
2023-05-30 22:23:00,22,1,Kidnapping,Northside,28.597965690805278,77.24762727981124,held captive incident reported. Witness present,Male,0
2023-04-18 13:34:00,13,1,Fraud,Northside,28.590445109275127,77.18736493493856,cheated incident reported. Witness present,Male,0
2022-04-29 03:09:00,3,4,Theft,Southside,28.635803776261728,77.22088777084662,wallet incident reported. Evidence collected,Unknown,1
2022-08-18 01:05:00,1,3,Homicide,Westside,28.59680058637532,77.21912148358503,killed incident reported. Evidence collected,Unknown,1
2023-07-24 17:41:00,17,0,Assault,Suburb B,28.63836417408329,77.20849561570672,attack incident reported. Witness present,Unknown,0
2022-07-12 03:52:00,3,1,Assault,Downtown,28.657213715001244,77.18026563648553,kicked incident reported. Witness present,Unknown,0
2022-11-25 12:35:00,12,4,Robbery,Northside,28.625463724230986,77.22844213893703,threat incident reported. No leads yet,Female,1
2023-10-04 12:31:00,12,2,Theft,Westside,28.62875573169342,77.20559407122258,stole incident reported. No leads yet,Unknown,0
2022-03-29 00:54:00,0,1,Robbery,Northside,28.60905930863315,77.21640241951812,mugged incident reported. No leads yet,Unknown,0
2022-10-25 01:20:00,1,1,Theft,Northside,28.62749590811087,77.21904122393805,wallet incident reported. Evidence collected,Male,0
2022-09-12 08:51:00,8,0,Homicide,Suburb A,28.63123429817989,77.1920188340489,shot incident reported. Evidence collected,Female,1
2022-09-20 16:30:00,16,1,Fraud,Suburb A,28.610103817014608,77.19333306779794,forgery incident reported. No leads yet,Male,0
2022-12-22 22:09:00,22,3,Cyber Crime,Industrial Area,28.607464787065233,77.22592034819691,identity theft incident reported. Witness present,Male,0
2022-05-01 12:01:00,12,6,Robbery,Industrial Area,28.61569973201209,77.25244765271917,gun incident reported. Evidence collected,Unknown,0
2023-10-30 21:47:00,21,0,Theft,Suburb A,28.617123439453163,77.20999486467633,stole incident reported. Witness present,Unknown,0
2023-08-11 19:24:00,19,4,Robbery,Downtown,28.615669715324003,77.198369855119,forcibly incident reported. Evidence collected,Female,1
2022-01-14 11:38:00,11,4,Homicide,Suburb B,28.612936056460374,77.22779646711854,shot incident reported. No leads yet,Unknown,0
2023-12-04 19:15:00,19,0,Burglary,Eastside,28.615799511135464,77.19577567116862,broke incident reported. Evidence collected,Male,0
2023-05-20 03:47:00,3,5,Cyber Crime,Downtown,28.598481922992026,77.20149663513891,hacked incident reported. CCTV available,Male,0
2023-11-03 01:35:00,1,4,Fraud,Eastside,28.615131057240184,77.22889310892461,cheated incident reported. Witness present,Male,0
2022-02-01 12:21:00,12,1,Kidnapping,Westside,28.591558522643894,77.20366956203519,missing child incident reported. Witness present,Female,1
2022-09-07 14:21:00,14,2,Theft,Industrial Area,28.616305166990585,77.17843823720618,missing incident reported. Witness present,Male,0
2023-12-04 11:35:00,11,0,Cyber Crime,Westside,28.600006695283895,77.19766852433773,hacked incident reported. Witness present,Female,0
2023-09-28 03:57:00,3,3,Fraud,Downtown,28.60063382710249,77.2121981590837,fake incident reported. Witness present,Male,0
2023-03-15 15:34:00,15,2,Robbery,Industrial Area,28.611224006508305,77.19974523162333,mugged incident reported. Witness present,Male,0
2022-05-29 07:34:00,7,6,Theft,Downtown,28.621032710442545,77.23771791196077,pickpocket incident reported. CCTV available,Female,0
2023-03-26 11:33:00,11,6,Homicide,Suburb B,28.641220941945697,77.17695380379897,stabbed incident reported. No leads yet,Female,0
2023-05-07 22:17:00,22,6,Assault,Suburb B,28.623517869730588,77.2060329451656,punched incident reported. Witness present,Male,0
2022-02-09 12:14:00,12,2,Assault,Industrial Area,28.61648592238109,77.20236194944096,kicked incident reported. No leads yet,Female,1
2023-05-08 12:02:00,12,0,Assault,Westside,28.615859810498122,77.2115234566012,punched incident reported. Evidence collected,Female,1
2022-04-24 23:49:00,23,6,Homicide,Westside,28.604250804044185,77.19406054086959,murder incident reported. Evidence collected,Male,0
2023-12-25 09:45:00,9,0,Robbery,Suburb B,28.60642173862301,77.21290432107428,mugged incident reported. No leads yet,Male,1
2022-05-02 03:19:00,3,0,Fraud,Downtown,28.623883272361404,77.22322248295568,scam incident reported. Evidence collected,Male,0
2023-06-13 19:10:00,19,1,Fraud,Downtown,28.605663499615552,77.21373074278839,cheated incident reported. No leads yet,Female,0
2022-12-26 08:11:00,8,0,Fraud,Eastside,28.62994170986589,77.22842658158574,cheated incident reported. Witness present,Female,0
2023-05-27 14:05:00,14,5,Homicide,Downtown,28.612919452431143,77.20531780458434,stabbed incident reported. CCTV available,Male,0
2022-10-15 10:54:00,10,5,Cyber Crime,Suburb B,28.617085403897274,77.18983820878505,phishing incident reported. Evidence collected,Female,1
2022-03-30 02:38:00,2,2,Fraud,Southside,28.610673174816075,77.22140977330788,fake incident reported. Witness present,Male,0
2023-06-20 12:51:00,12,1,Kidnapping,Westside,28.62459911882406,77.20449553992727,abducted incident reported. No leads yet,Unknown,0
2022-08-01 12:51:00,12,0,Robbery,Suburb A,28.61752863668479,77.19525582766182,gun incident reported. CCTV available,Unknown,0
2023-11-27 20:28:00,20,0,Theft,Eastside,28.625624869137084,77.2077029760644,purse incident reported. Evidence collected,Female,1
2023-02-21 21:58:00,21,1,Cyber Crime,Downtown,28.6093008091384,77.20297126939845,phishing incident reported. No leads yet,Unknown,0
2023-12-11 08:54:00,8,0,Theft,Eastside,28.612851768885005,77.20153537258447,missing incident reported. CCTV available,Female,0
2022-07-13 23:30:00,23,2,Kidnapping,Downtown,28.624869050600044,77.2024119408664,missing child incident reported. No leads yet,Male,0
2023-08-08 10:45:00,10,1,Cyber Crime,Northside,28.640449401600456,77.23342017505803,ransomware incident reported. CCTV available,Female,0
2022-10-19 19:47:00,19,2,Fraud,Suburb B,28.59904094183576,77.21016173782382,fake incident reported. Evidence collected,Unknown,0
2023-12-15 15:53:00,15,4,Cyber Crime,Suburb B,28.603055722977732,77.20355587394685,phishing incident reported. Evidence collected,Male,0
2022-01-13 03:26:00,3,3,Assault,Industrial Area,28.647273791127414,77.20387380971474,injury incident reported. CCTV available,Male,0
2023-12-15 10:37:00,10,4,Burglary,Eastside,28.619903767284626,77.21802202156681,window incident reported. Witness present,Female,0
2023-07-19 07:52:00,7,2,Burglary,Suburb B,28.597222843791947,77.19474840875985,door incident reported. No leads yet,Female,0
2022-04-04 21:43:00,21,0,Theft,Downtown,28.5937996271432,77.1942338211017,pickpocket incident reported. Evidence collected,Male,0
2022-05-09 21:45:00,21,0,Homicide,Suburb A,28.566399498178047,77.21807637334656,dead incident reported. Witness present,Female,0
2022-02-11 08:55:00,8,4,Homicide,Westside,28.648136564020934,77.21146367898395,stabbed incident reported. Witness present,Male,0
2023-10-03 22:57:00,22,1,Robbery,Suburb A,28.59029551901099,77.198287060285,threat incident reported. Witness present,Unknown,0
2023-10-18 06:30:00,6,2,Burglary,Industrial Area,28.606252052582917,77.19204025371312,window incident reported. No leads yet,Unknown,0
2023-08-11 17:07:00,17,4,Robbery,Downtown,28.628236377306585,77.22250433407292,demanded incident reported. No leads yet,Male,0
2022-10-08 20:29:00,20,5,Kidnapping,Northside,28.59464247010304,77.22108468407413,missing child incident reported. Evidence collected,Male,0
2023-06-22 14:02:00,14,3,Homicide,Northside,28.63934687772629,77.2407093034205,shot incident reported. Evidence collected,Unknown,0
2022-04-29 13:07:00,13,4,Assault,Westside,28.661653533718102,77.19396678917595,injury incident reported. Evidence collected,Female,1
2022-04-16 18:54:00,18,5,Robbery,Downtown,28.66097034043992,77.20309656019153,demanded incident reported. Witness present,Unknown,0
2022-11-06 15:13:00,15,6,Cyber Crime,Southside,28.60402557574366,77.21445120624797,identity theft incident reported. CCTV available,Male,0
2023-07-27 21:53:00,21,3,Kidnapping,Industrial Area,28.60419897776512,77.21565073567744,abducted incident reported. Witness present,Male,1
2022-12-15 07:11:00,7,3,Cyber Crime,Northside,28.591898713537713,77.20502078996562,hacked incident reported. Witness present,Male,1
2022-06-19 12:30:00,12,6,Theft,Suburb B,28.635326370572695,77.20804897847616,stole incident reported. Witness present,Unknown,0
2023-07-09 13:23:00,13,6,Robbery,Eastside,28.616259929778998,77.21692097674529,demanded incident reported. No leads yet,Unknown,0
2022-03-06 13:19:00,13,6,Fraud,Southside,28.633411027155294,77.18141292146352,scam incident reported. Evidence collected,Male,0
2022-07-13 21:47:00,21,2,Kidnapping,Downtown,28.623642067530625,77.20453101434597,abducted incident reported. No leads yet,Unknown,0
2022-02-17 07:31:00,7,3,Theft,Suburb B,28.616677298255198,77.22666583616271,pickpocket incident reported. Witness present,Unknown,0
2022-06-18 01:31:00,1,5,Theft,Eastside,28.59399688914314,77.19212259264262,purse incident reported. Witness present,Female,0
2023-11-20 22:44:00,22,0,Fraud,Industrial Area,28.58164283400477,77.1998473509706,forgery incident reported. No leads yet,Unknown,0
2023-12-02 05:39:00,5,5,Fraud,Suburb A,28.636073872406314,77.20699021352544,cheated incident reported. CCTV available,Male,0
2022-12-15 12:20:00,12,3,Kidnapping,Southside,28.591564585072422,77.20090535425709,ransom incident reported. CCTV available,Female,1
2022-04-02 19:32:00,19,5,Burglary,Northside,28.589102304941825,77.19024689830448,forced incident reported. No leads yet,Female,0
2023-05-04 18:22:00,18,3,Theft,Downtown,28.62038031517106,77.18943544456157,wallet incident reported. Witness present,Male,0
2022-03-04 05:27:00,5,4,Burglary,Suburb B,28.632443905086724,77.2078146618195,entered incident reported. Evidence collected,Unknown,0
2022-08-10 04:54:00,4,2,Fraud,Westside,28.615326578399078,77.20436045053987,cheated incident reported. No leads yet,Female,0
2022-08-17 07:00:00,7,2,Theft,Industrial Area,28.626780797309063,77.22205266479628,stole incident reported. No leads yet,Female,0
2022-08-21 10:05:00,10,6,Fraud,Suburb A,28.61948423919854,77.21841315176513,cheated incident reported. No leads yet,Male,0
2023-02-14 23:30:00,23,1,Cyber Crime,Northside,28.610365172167995,77.21803671678182,phishing incident reported. No leads yet,Male,0
2023-10-11 18:37:00,18,2,Theft,Downtown,28.608268703742105,77.20903719370271,wallet incident reported. No leads yet,Unknown,0
2023-02-22 19:59:00,19,2,Robbery,Eastside,28.60932260417723,77.20137969101135,threat incident reported. Witness present,Male,0
2022-09-22 04:09:00,4,3,Cyber Crime,Suburb B,28.602414803371303,77.21679483506432,phishing incident reported. No leads yet,Male,0
2022-05-24 07:31:00,7,1,Burglary,Southside,28.635743431880226,77.22851836619449,entered incident reported. Evidence collected,Female,0
2022-02-06 07:51:00,7,6,Robbery,Industrial Area,28.59295724440091,77.23048671752345,gun incident reported. Evidence collected,Unknown,0
2023-07-11 22:37:00,22,1,Homicide,Southside,28.60859735830637,77.2190122169191,dead incident reported. Witness present,Unknown,0
2023-04-02 00:17:00,0,6,Robbery,Eastside,28.598796411132547,77.2113663318979,threat incident reported. Evidence collected,Male,0
2023-10-10 20:34:00,20,1,Robbery,Westside,28.61912871971495,77.18425658680134,gun incident reported. Witness present,Female,1
2023-01-04 20:31:00,20,2,Theft,Westside,28.62403778610574,77.23143225013064,stole incident reported. CCTV available,Female,0
2023-12-05 21:07:00,21,1,Kidnapping,Suburb B,28.61098920090531,77.23166946884713,abducted incident reported. No leads yet,Unknown,0
2022-10-30 11:54:00,11,6,Cyber Crime,Westside,28.610738441775794,77.22315974218411,phishing incident reported. Evidence collected,Female,0
2023-01-12 15:42:00,15,3,Robbery,Industrial Area,28.576923833900818,77.24931296298855,forcibly incident reported. CCTV available,Unknown,0
2022-01-31 10:13:00,10,0,Burglary,Industrial Area,28.638824304087382,77.20425624159577,door incident reported. No leads yet,Male,0
2023-06-19 16:23:00,16,0,Robbery,Westside,28.581031849555938,77.21380047280509,mugged incident reported. Witness present,Unknown,0
2023-10-13 18:02:00,18,4,Robbery,Industrial Area,28.589834574215438,77.21641422562597,forcibly incident reported. Witness present,Unknown,0
2023-11-25 06:05:00,6,5,Cyber Crime,Downtown,28.62075942865274,77.19330994718331,ransomware incident reported. No leads yet,Male,0
2022-12-20 11:49:00,11,1,Assault,Downtown,28.632582783726907,77.22242624504678,injury incident reported. No leads yet,Male,0
2023-03-21 23:41:00,23,1,Fraud,Downtown,28.630163722288145,77.20914762839449,fake incident reported. CCTV available,Female,0
2023-05-22 13:30:00,13,0,Assault,Westside,28.590307932218106,77.22529787120352,beaten incident reported. No leads yet,Unknown,0
2022-09-10 04:35:00,4,5,Cyber Crime,Northside,28.609393810014403,77.18583699761346,ransomware incident reported. Witness present,Unknown,1
2022-11-14 04:54:00,4,0,Kidnapping,Suburb B,28.636433989432906,77.24399012534171,ransom incident reported. CCTV available,Male,0
2023-08-03 12:15:00,12,3,Kidnapping,Westside,28.61321253118368,77.24498535257672,held captive incident reported. Witness present,Male,0
2023-09-03 19:16:00,19,6,Cyber Crime,Westside,28.615421912143525,77.2026590682639,ransomware incident reported. CCTV available,Male,0
2022-10-20 13:23:00,13,3,Fraud,Suburb A,28.603392359096908,77.23628470679988,scam incident reported. No leads yet,Male,1
2022-08-11 01:03:00,1,3,Burglary,Northside,28.60089760197687,77.22125448849958,window incident reported. Witness present,Male,0
2023-01-25 21:24:00,21,2,Robbery,Southside,28.604580602749014,77.20132822062376,forcibly incident reported. Witness present,Female,1
2023-12-23 05:10:00,5,5,Robbery,Westside,28.631070828232826,77.20266605256185,mugged incident reported. Witness present,Unknown,0
2023-09-05 02:27:00,2,1,Fraud,Downtown,28.607153410342995,77.22788007828625,scam incident reported. Evidence collected,Male,0
2022-11-06 17:33:00,17,6,Fraud,Suburb B,28.64052328822036,77.21974483005474,scam incident reported. No leads yet,Unknown,0
2022-08-01 23:09:00,23,0,Fraud,Westside,28.60298717040627,77.20048985834504,forgery incident reported. Witness present,Female,0
2023-11-12 15:32:00,15,6,Cyber Crime,Suburb A,28.615231921062335,77.21434883436542,hacked incident reported. No leads yet,Unknown,0
2023-03-18 01:50:00,1,5,Theft,Eastside,28.59743556816434,77.22105063232634,pickpocket incident reported. CCTV available,Female,1
2023-12-26 21:42:00,21,1,Cyber Crime,Northside,28.61532522216066,77.18040486135604,identity theft incident reported. Witness present,Male,0
2022-10-06 13:27:00,13,3,Homicide,Westside,28.598417891958988,77.20059785543914,murder incident reported. No leads yet,Female,0
2023-07-17 01:47:00,1,0,Cyber Crime,Southside,28.612685705185985,77.24048797992506,hacked incident reported. CCTV available,Unknown,0
2023-02-03 13:22:00,13,4,Assault,Eastside,28.617869521768995,77.19498713516836,attack incident reported. No leads yet,Female,1
2023-03-30 02:37:00,2,3,Robbery,Industrial Area,28.617577180071788,77.20313187087577,demanded incident reported. CCTV available,Female,1
2022-02-14 19:52:00,19,0,Fraud,Suburb A,28.61931263732556,77.21867612811727,scam incident reported. No leads yet,Unknown,0
2022-06-11 23:20:00,23,5,Theft,Southside,28.6340538441204,77.20859522507217,purse incident reported. No leads yet,Male,1
2022-10-15 12:51:00,12,5,Burglary,Westside,28.641216008793332,77.22413371104227,entered incident reported. CCTV available,Male,0
2022-09-15 16:25:00,16,3,Cyber Crime,Southside,28.6021093409198,77.24583092776248,hacked incident reported. CCTV available,Male,0
2023-02-03 01:52:00,1,4,Robbery,Industrial Area,28.619349908554504,77.19508125826714,mugged incident reported. Evidence collected,Male,1
2022-08-03 10:55:00,10,2,Homicide,Suburb B,28.64144855085384,77.24362962641997,shot incident reported. Evidence collected,Unknown,0
2022-11-03 18:51:00,18,3,Theft,Eastside,28.61334957893801,77.20060582899374,pickpocket incident reported. CCTV available,Female,0
2023-04-16 13:47:00,13,6,Assault,Northside,28.61102708404244,77.22091219545864,kicked incident reported. Evidence collected,Female,1
2022-12-13 01:48:00,1,1,Robbery,Suburb B,28.635197610917178,77.21850812218106,demanded incident reported. No leads yet,Unknown,0
2023-12-29 16:45:00,16,4,Assault,Downtown,28.615595386807865,77.23396686283841,attack incident reported. Evidence collected,Male,0
2022-11-18 16:38:00,16,4,Robbery,Eastside,28.608686058782475,77.22618198897278,mugged incident reported. No leads yet,Male,0
2023-11-09 12:00:00,12,3,Assault,Eastside,28.609098953360814,77.21618371596685,punched incident reported. Evidence collected,Unknown,0
2022-06-21 18:21:00,18,1,Kidnapping,Eastside,28.612007290586828,77.20806913028912,abducted incident reported. Evidence collected,Unknown,1
2022-07-08 09:51:00,9,4,Cyber Crime,Industrial Area,28.607610224708964,77.23141423385302,hacked incident reported. CCTV available,Male,0
2023-07-27 01:24:00,1,3,Assault,Westside,28.601684566031526,77.19666279579086,beaten incident reported. Evidence collected,Unknown,0
2022-07-14 12:40:00,12,3,Cyber Crime,Downtown,28.649249892764086,77.22529745941091,hacked incident reported. Witness present,Female,0
2023-08-14 13:34:00,13,0,Kidnapping,Northside,28.574148105021784,77.19957902101316,held captive incident reported. Evidence collected,Unknown,0
2023-05-10 00:34:00,0,2,Theft,Westside,28.5837001777073,77.19315515510975,purse incident reported. Witness present,Unknown,0
2023-12-26 05:48:00,5,1,Cyber Crime,Downtown,28.561591422229434,77.20671684037177,hacked incident reported. No leads yet,Female,0
2022-03-27 04:37:00,4,6,Robbery,Eastside,28.594867636347313,77.2099984209466,threat incident reported. CCTV available,Male,1
2023-08-14 11:10:00,11,0,Burglary,Downtown,28.58681464568529,77.21038186421954,forced incident reported. Evidence collected,Unknown,0
2023-11-13 01:52:00,1,0,Robbery,Industrial Area,28.606984728697995,77.23403254941981,forcibly incident reported. No leads yet,Unknown,1
2023-01-07 16:35:00,16,5,Cyber Crime,Suburb B,28.63742261436243,77.2220890933835,ransomware incident reported. Evidence collected,Male,0
2023-02-02 12:06:00,12,3,Assault,Southside,28.60845643698898,77.24208967325434,kicked incident reported. Evidence collected,Female,1
2023-10-28 07:58:00,7,5,Theft,Suburb B,28.58801607870267,77.18560735617395,missing incident reported. Evidence collected,Unknown,0
2023-03-16 10:31:00,10,3,Assault,Southside,28.61250361500185,77.24656730181536,injury incident reported. Evidence collected,Male,0
2023-10-21 02:34:00,2,5,Assault,Northside,28.6105276848855,77.20594591261319,kicked incident reported. Witness present,Unknown,0
2022-07-20 01:11:00,1,2,Cyber Crime,Suburb A,28.58986816073147,77.22476549308784,identity theft incident reported. Witness present,Unknown,0
2022-03-02 13:50:00,13,2,Burglary,Eastside,28.62978627090549,77.22215125335667,forced incident reported. No leads yet,Male,0
2023-07-23 21:44:00,21,6,Assault,Downtown,28.603412988785877,77.19722155386046,punched incident reported. No leads yet,Unknown,0
2023-07-15 01:18:00,1,5,Cyber Crime,Downtown,28.59234796249325,77.21039787502936,hacked incident reported. Witness present,Female,0
2022-02-20 06:50:00,6,6,Fraud,Downtown,28.595893211178694,77.18937639157919,cheated incident reported. Evidence collected,Unknown,0
2023-12-07 17:49:00,17,3,Theft,Westside,28.60683848805149,77.20084739708027,pickpocket incident reported. Evidence collected,Female,0
2023-07-09 22:04:00,22,6,Kidnapping,Northside,28.6049336911863,77.216774076614,missing child incident reported. CCTV available,Female,1
2023-03-12 18:20:00,18,6,Homicide,Westside,28.615217463369174,77.20419739949149,dead incident reported. No leads yet,Unknown,0
2022-01-12 18:43:00,18,2,Cyber Crime,Downtown,28.61695021547186,77.19247454931492,identity theft incident reported. CCTV available,Female,0
2022-12-15 12:27:00,12,3,Robbery,Suburb A,28.61565464373183,77.21151004154741,forcibly incident reported. CCTV available,Unknown,0
2022-05-26 19:17:00,19,3,Assault,Westside,28.588849219010708,77.22559489590617,punched incident reported. CCTV available,Male,0
2023-09-28 11:29:00,11,3,Kidnapping,Suburb B,28.599209438246216,77.21050516332011,missing child incident reported. CCTV available,Male,0
2023-04-11 12:48:00,12,1,Fraud,Northside,28.633306862342256,77.2244279459619,fake incident reported. Evidence collected,Unknown,0
2022-04-09 12:54:00,12,5,Homicide,Industrial Area,28.614472223142815,77.20295834995197,shot incident reported. Evidence collected,Male,0
2023-04-26 09:43:00,9,2,Fraud,Suburb A,28.629691865142927,77.2202449162968,fake incident reported. No leads yet,Unknown,0
2022-05-13 19:51:00,19,4,Kidnapping,Suburb B,28.6035939163326,77.19575177254997,held captive incident reported. No leads yet,Male,0
2022-05-21 23:34:00,23,5,Fraud,Suburb B,28.579360746971734,77.21156719736139,cheated incident reported. Witness present,Male,0
2022-10-04 12:56:00,12,1,Fraud,Industrial Area,28.612521704249694,77.22793652291071,forgery incident reported. CCTV available,Unknown,1
2023-01-23 05:53:00,5,0,Kidnapping,Industrial Area,28.619884251558005,77.23123715323621,missing child incident reported. Evidence collected,Unknown,0
2023-01-08 15:08:00,15,6,Robbery,Northside,28.602277262868064,77.2279691721828,demanded incident reported. Witness present,Unknown,0
2022-10-08 05:12:00,5,5,Cyber Crime,Southside,28.605084727014923,77.22195993436321,identity theft incident reported. Evidence collected,Female,0
2022-01-01 16:20:00,16,5,Homicide,Suburb B,28.58958736012449,77.21291892165611,dead incident reported. CCTV available,Male,0
2022-02-27 10:49:00,10,6,Burglary,Downtown,28.58082186764257,77.20454770856765,entered incident reported. CCTV available,Unknown,0
2022-07-23 02:12:00,2,5,Assault,Westside,28.6212392332313,77.20031719081283,punched incident reported. CCTV available,Female,1
2023-09-20 19:14:00,19,2,Homicide,Southside,28.5963927061874,77.22310197448827,dead incident reported. Evidence collected,Male,0
2023-09-12 02:56:00,2,1,Burglary,Westside,28.612175620169218,77.20084048921616,entered incident reported. Evidence collected,Female,0
2022-10-11 22:41:00,22,1,Assault,Westside,28.614598265352573,77.25294448569909,beaten incident reported. No leads yet,Male,0
2023-06-09 07:16:00,7,4,Robbery,Industrial Area,28.63312504749636,77.22837622780314,mugged incident reported. Witness present,Female,1
2023-12-07 09:02:00,9,3,Burglary,Northside,28.62115910531654,77.21177475454296,door incident reported. Witness present,Male,0
2022-08-22 02:13:00,2,0,Kidnapping,Northside,28.573965295194494,77.19768366089228,abducted incident reported. Evidence collected,Unknown,0
2023-11-29 18:24:00,18,2,Burglary,Westside,28.605890426446628,77.17775179893255,forced incident reported. No leads yet,Male,0
2023-06-16 19:48:00,19,4,Fraud,Eastside,28.594609736829742,77.17598605881795,forgery incident reported. No leads yet,Unknown,0
2022-10-17 11:55:00,11,0,Burglary,Suburb B,28.613261269405044,77.22264609951415,forced incident reported. Witness present,Male,0
2022-07-20 23:48:00,23,2,Kidnapping,Southside,28.632346241977075,77.21591307436799,missing child incident reported. Witness present,Female,1
2023-10-17 10:12:00,10,1,Cyber Crime,Northside,28.597843394313358,77.17679891402467,phishing incident reported. Evidence collected,Male,0
2022-12-06 01:15:00,1,1,Homicide,Suburb A,28.584618855009975,77.18785029037909,killed incident reported. Witness present,Female,0
2023-06-08 15:10:00,15,3,Theft,Westside,28.599085671699406,77.20633752503348,pickpocket incident reported. No leads yet,Female,0
2023-01-23 22:02:00,22,0,Burglary,Industrial Area,28.59699726303122,77.21464959822781,door incident reported. No leads yet,Female,0
2022-03-22 23:42:00,23,1,Burglary,Downtown,28.610028774953342,77.20917576186235,entered incident reported. Evidence collected,Unknown,0
2023-12-02 06:45:00,6,5,Fraud,Suburb A,28.632904175877854,77.18932947109667,cheated incident reported. Witness present,Unknown,0
2023-02-10 04:06:00,4,4,Theft,Industrial Area,28.620878409638205,77.20876711285874,stole incident reported. CCTV available,Female,0
2022-09-27 07:00:00,7,1,Assault,Downtown,28.608341895317174,77.22375427201443,attack incident reported. CCTV available,Female,1
2022-05-26 18:50:00,18,3,Fraud,Westside,28.628550235909284,77.19322515340019,cheated incident reported. CCTV available,Female,0
2022-07-29 06:04:00,6,4,Kidnapping,Northside,28.610863990269035,77.2136868613764,ransom incident reported. Witness present,Male,0
2022-08-21 07:56:00,7,6,Homicide,Industrial Area,28.609349887532957,77.21875035553813,killed incident reported. No leads yet,Male,0
2022-01-30 02:01:00,2,6,Theft,Eastside,28.618586533631838,77.23954268733927,missing incident reported. CCTV available,Unknown,0
2023-09-07 19:31:00,19,3,Cyber Crime,Suburb A,28.588395347734505,77.20695940017087,hacked incident reported. Evidence collected,Unknown,0
2023-05-03 16:25:00,16,2,Theft,Southside,28.598758291474798,77.21906845759065,purse incident reported. Witness present,Male,0
2023-05-27 19:16:00,19,5,Robbery,Industrial Area,28.586947135165907,77.21477187850375,threat incident reported. Witness present,Female,1
2023-05-18 09:37:00,9,3,Theft,Eastside,28.603399192810862,77.19676396889798,wallet incident reported. Witness present,Male,0
2022-08-23 19:20:00,19,1,Homicide,Downtown,28.589791696607655,77.20124873422999,shot incident reported. Witness present,Female,1
2023-12-04 03:19:00,3,0,Robbery,Suburb B,28.631975008838182,77.20858018860784,forcibly incident reported. No leads yet,Unknown,0
2023-05-24 08:00:00,8,2,Kidnapping,Downtown,28.62436134029791,77.23674403036611,held captive incident reported. CCTV available,Male,0
2023-02-16 00:00:00,0,3,Kidnapping,Suburb B,28.618295926413712,77.19968667379896,missing child incident reported. Evidence collected,Unknown,0
2022-07-05 21:41:00,21,1,Burglary,Northside,28.621687536919715,77.19992839756144,entered incident reported. No leads yet,Unknown,0
2023-07-05 05:30:00,5,2,Homicide,Industrial Area,28.605492955278383,77.18366845333969,murder incident reported. Witness present,Male,0
2022-07-22 00:58:00,0,4,Homicide,Suburb A,28.629337624851406,77.20256662373917,shot incident reported. Witness present,Unknown,0
2023-11-10 01:57:00,1,4,Fraud,Suburb B,28.616934970763598,77.19173396785656,scam incident reported. CCTV available,Unknown,0
2023-07-11 11:14:00,11,1,Assault,Southside,28.62116579382859,77.19630097936442,attack incident reported. Witness present,Male,0
2022-12-15 16:51:00,16,3,Homicide,Northside,28.611538187971636,77.22363043385398,stabbed incident reported. No leads yet,Male,0
2022-12-26 03:09:00,3,0,Homicide,Southside,28.627079321870543,77.20863283212472,shot incident reported. Witness present,Male,1
2023-04-24 17:43:00,17,0,Assault,Industrial Area,28.58443114945489,77.25888017616768,beaten incident reported. Witness present,Unknown,1
2023-01-21 08:40:00,8,5,Assault,Northside,28.642997649504554,77.22104458041481,attack incident reported. CCTV available,Unknown,0
2023-01-06 23:52:00,23,4,Cyber Crime,Westside,28.601346603640152,77.20710679730497,phishing incident reported. No leads yet,Male,1
2023-08-11 06:58:00,6,4,Assault,Eastside,28.60484299283706,77.2300642656516,injury incident reported. CCTV available,Female,1
2023-08-14 15:11:00,15,0,Kidnapping,Suburb B,28.618275048180866,77.19593060236068,held captive incident reported. No leads yet,Female,1
2023-05-15 11:36:00,11,0,Robbery,Suburb A,28.606054081681254,77.22768646904284,threat incident reported. CCTV available,Unknown,0
2022-04-02 15:16:00,15,5,Assault,Suburb A,28.640568297447007,77.23447219272478,beaten incident reported. Evidence collected,Male,0
2023-07-15 20:34:00,20,5,Homicide,Southside,28.626517201084233,77.20478958551996,murder incident reported. Witness present,Female,0
2022-07-25 19:38:00,19,0,Theft,Industrial Area,28.55987476957785,77.21395266706347,stole incident reported. Evidence collected,Female,0
2022-04-07 02:05:00,2,3,Robbery,Northside,28.61386952068593,77.21133303493869,gun incident reported. CCTV available,Female,1
2022-10-17 05:47:00,5,0,Robbery,Suburb B,28.61479828911722,77.18689563063418,threat incident reported. Evidence collected,Female,1
2022-09-25 18:38:00,18,6,Theft,Northside,28.623190142614188,77.2195369385672,purse incident reported. No leads yet,Male,0
2022-04-10 12:49:00,12,6,Homicide,Industrial Area,28.62527231303433,77.2247762833929,stabbed incident reported. Evidence collected,Unknown,0
2022-12-17 15:14:00,15,5,Theft,Suburb B,28.62396752741536,77.20216617647435,purse incident reported. No leads yet,Female,0
2023-04-18 21:14:00,21,1,Fraud,Industrial Area,28.612719385868065,77.21051874778756,forgery incident reported. Evidence collected,Male,0
2022-02-16 05:48:00,5,2,Robbery,Industrial Area,28.615694990818444,77.22563696093286,threat incident reported. Witness present,Male,0
2022-02-28 11:32:00,11,0,Fraud,Industrial Area,28.624627812550376,77.2436223906595,cheated incident reported. No leads yet,Male,0
2022-04-17 21:54:00,21,6,Cyber Crime,Suburb A,28.650674482998078,77.21032749304356,phishing incident reported. Witness present,Unknown,0
2023-05-16 14:00:00,14,1,Assault,Northside,28.549955740859012,77.22961387443546,beaten incident reported. Evidence collected,Unknown,0
2023-04-23 21:31:00,21,6,Robbery,Southside,28.60489372768355,77.19564193463616,forcibly incident reported. Evidence collected,Unknown,0
2023-08-24 13:32:00,13,3,Cyber Crime,Suburb B,28.607259245416845,77.20155594921977,identity theft incident reported. Evidence collected,Unknown,0
2022-02-05 16:21:00,16,5,Kidnapping,Eastside,28.62410449683509,77.18300940368124,held captive incident reported. CCTV available,Female,1
2022-08-06 22:58:00,22,5,Robbery,Suburb B,28.595937987570142,77.21471930923663,forcibly incident reported. Evidence collected,Female,1
2022-06-22 12:12:00,12,2,Burglary,Industrial Area,28.62428240050689,77.21969236074894,window incident reported. CCTV available,Female,0
2023-09-01 12:51:00,12,4,Homicide,Suburb A,28.600782728684447,77.19269557251224,shot incident reported. No leads yet,Unknown,0
2023-09-26 08:52:00,8,1,Homicide,Industrial Area,28.605456086103537,77.21299787920475,stabbed incident reported. Witness present,Unknown,1
2022-10-09 14:58:00,14,6,Homicide,Suburb A,28.638657956154542,77.17487604690382,murder incident reported. CCTV available,Unknown,1
2022-01-25 11:15:00,11,1,Kidnapping,Industrial Area,28.610221187384028,77.18678869264959,abducted incident reported. CCTV available,Male,0
2023-11-27 23:33:00,23,0,Fraud,Suburb A,28.58636262204411,77.22511594408908,cheated incident reported. CCTV available,Male,0
2022-01-28 07:28:00,7,4,Cyber Crime,Westside,28.622977076241657,77.21649055859912,hacked incident reported. No leads yet,Unknown,0
2023-06-22 00:23:00,0,3,Robbery,Eastside,28.629250430662186,77.2010046850539,demanded incident reported. No leads yet,Male,0
2023-08-18 06:11:00,6,4,Assault,Eastside,28.606689374727775,77.24542884361205,attack incident reported. Evidence collected,Female,1
2023-12-15 08:51:00,8,4,Theft,Industrial Area,28.60979048242901,77.22125220188424,stole incident reported. CCTV available,Male,0
2022-03-31 11:00:00,11,3,Fraud,Eastside,28.614006359016056,77.17819569116536,cheated incident reported. Evidence collected,Male,0
2022-11-18 03:02:00,3,4,Burglary,Suburb B,28.579822849936647,77.19935026300101,door incident reported. No leads yet,Female,0
2023-10-09 18:27:00,18,0,Robbery,Eastside,28.631501687527834,77.22213819427726,forcibly incident reported. CCTV available,Female,1
2023-10-26 13:17:00,13,3,Fraud,Suburb B,28.629134619403736,77.19254923035106,fake incident reported. Witness present,Unknown,1
2023-05-13 06:52:00,6,5,Kidnapping,Westside,28.640831208168706,77.19291844499689,missing child incident reported. Evidence collected,Male,0
2023-12-27 18:18:00,18,2,Assault,Downtown,28.617447073311165,77.20882746183487,injury incident reported. No leads yet,Male,1
2022-02-15 15:51:00,15,1,Assault,Suburb A,28.611002102994757,77.23130986897159,beaten incident reported. CCTV available,Male,0
2023-08-30 14:30:00,14,2,Kidnapping,Eastside,28.602148157997235,77.18650657907148,missing child incident reported. Evidence collected,Unknown,0
2023-03-14 02:16:00,2,1,Homicide,Eastside,28.614233258103443,77.20233622109522,stabbed incident reported. CCTV available,Female,0
2023-12-24 15:33:00,15,6,Robbery,Suburb A,28.670189715318045,77.22027512460734,demanded incident reported. Witness present,Male,0
2023-02-24 01:11:00,1,4,Kidnapping,Downtown,28.607077657079692,77.19139814051356,held captive incident reported. CCTV available,Unknown,0
2023-03-20 15:03:00,15,0,Kidnapping,Northside,28.582561859823855,77.19191301523772,abducted incident reported. Witness present,Unknown,0
2023-09-07 05:15:00,5,3,Fraud,Northside,28.615815696195988,77.23278881085992,fake incident reported. Witness present,Male,0
2023-05-19 14:16:00,14,4,Cyber Crime,Westside,28.6325948190398,77.21281824719411,phishing incident reported. Witness present,Unknown,0
2023-05-26 13:59:00,13,4,Kidnapping,Downtown,28.608513872238294,77.2134802059402,abducted incident reported. No leads yet,Female,1
2023-08-16 02:48:00,2,2,Theft,Suburb B,28.60525603337526,77.2376393999294,stole incident reported. No leads yet,Unknown,0
2022-10-01 01:31:00,1,5,Theft,Industrial Area,28.610746830312085,77.20756103569589,purse incident reported. CCTV available,Unknown,0
2023-03-28 16:46:00,16,1,Homicide,Eastside,28.576969626249657,77.20574275255795,killed incident reported. CCTV available,Male,0
2023-04-19 06:27:00,6,2,Cyber Crime,Westside,28.627841402299417,77.19120462371603,ransomware incident reported. CCTV available,Unknown,0
2023-09-28 04:30:00,4,3,Burglary,Downtown,28.60138799442512,77.22221185029557,broke incident reported. No leads yet,Unknown,1
2023-07-22 16:15:00,16,5,Fraud,Westside,28.5892890462747,77.22663001679237,scam incident reported. No leads yet,Male,0
2023-05-20 23:33:00,23,5,Cyber Crime,Westside,28.605030935163782,77.20252386299181,hacked incident reported. CCTV available,Female,0
2023-08-25 06:01:00,6,4,Robbery,Southside,28.595168693247906,77.21530077100714,demanded incident reported. No leads yet,Unknown,1
2022-01-06 22:52:00,22,3,Cyber Crime,Southside,28.65489786641716,77.22202495399101,hacked incident reported. Evidence collected,Female,0
2023-01-06 05:13:00,5,4,Theft,Southside,28.599495245634326,77.22792700975819,purse incident reported. No leads yet,Unknown,0
2023-01-26 06:14:00,6,3,Theft,Southside,28.608622007567764,77.2319080830238,pickpocket incident reported. CCTV available,Male,0
2022-09-29 00:15:00,0,3,Theft,Industrial Area,28.62734460670274,77.15994764057548,stole incident reported. CCTV available,Unknown,0
2022-10-09 01:51:00,1,6,Burglary,Industrial Area,28.59716533945075,77.22473975371392,broke incident reported. Evidence collected,Male,0
2022-05-30 20:38:00,20,0,Cyber Crime,Eastside,28.61642762120242,77.19193740087154,ransomware incident reported. Evidence collected,Male,0
2022-01-23 09:08:00,9,6,Robbery,Northside,28.60334017474177,77.17722938966519,threat incident reported. Evidence collected,Unknown,0
2023-12-11 12:59:00,12,0,Burglary,Downtown,28.61242711187456,77.24584482876693,broke incident reported. Evidence collected,Female,0
2023-08-04 07:58:00,7,4,Theft,Suburb A,28.627315556512208,77.24550695001982,pickpocket incident reported. Witness present,Female,0
2023-06-13 11:28:00,11,1,Kidnapping,Industrial Area,28.628606618163168,77.22612465572254,missing child incident reported. CCTV available,Male,0
2022-12-04 20:43:00,20,6,Cyber Crime,Eastside,28.64680131146242,77.21528772098904,ransomware incident reported. Evidence collected,Unknown,0
2023-07-03 05:31:00,5,0,Burglary,Eastside,28.610779544641552,77.22621095861037,window incident reported. CCTV available,Unknown,0
2022-05-15 18:22:00,18,6,Assault,Suburb A,28.6381306706187,77.20100058928813,attack incident reported. No leads yet,Male,0
2023-12-04 13:49:00,13,0,Assault,Suburb A,28.60187384862767,77.21131426720719,kicked incident reported. Evidence collected,Female,1
2023-06-10 03:36:00,3,5,Fraud,Suburb A,28.62775831444886,77.22230151747769,forgery incident reported. No leads yet,Female,0
2022-04-16 21:51:00,21,5,Cyber Crime,Downtown,28.59016387333021,77.24086010111772,ransomware incident reported. Evidence collected,Unknown,0
2022-11-30 23:01:00,23,2,Burglary,Westside,28.603213917843387,77.20458225005186,forced incident reported. Evidence collected,Female,0
2022-09-01 10:01:00,10,3,Kidnapping,Suburb B,28.598855760666872,77.25397214726563,ransom incident reported. CCTV available,Unknown,0
2023-09-08 22:51:00,22,4,Robbery,Suburb A,28.617934511171466,77.19481708198865,gun incident reported. Evidence collected,Female,1
2023-06-04 22:08:00,22,6,Burglary,Industrial Area,28.628298725832707,77.22181892965517,forced incident reported. No leads yet,Female,0
2023-04-08 20:31:00,20,5,Kidnapping,Westside,28.61077121627367,77.22301011187973,missing child incident reported. CCTV available,Female,1
2022-10-18 22:07:00,22,1,Burglary,Eastside,28.600145133986153,77.20078469541751,forced incident reported. Witness present,Unknown,0
2023-05-10 19:30:00,19,2,Theft,Downtown,28.580396389090566,77.18693414859635,missing incident reported. CCTV available,Female,1
2023-01-08 19:18:00,19,6,Homicide,Suburb B,28.64402718009451,77.23635714379537,dead incident reported. No leads yet,Female,0
2023-03-13 04:12:00,4,0,Cyber Crime,Suburb B,28.614996477477483,77.23671552411983,hacked incident reported. Witness present,Unknown,0
2022-12-04 11:37:00,11,6,Robbery,Suburb A,28.611232091889864,77.20494316162387,forcibly incident reported. No leads yet,Male,0
2023-04-03 08:39:00,8,0,Theft,Suburb B,28.614841844141093,77.20691797341128,wallet incident reported. Witness present,Female,0
2023-05-18 04:43:00,4,3,Kidnapping,Suburb B,28.61031339460733,77.22805663511916,abducted incident reported. CCTV available,Female,1
2023-01-12 03:44:00,3,3,Robbery,Westside,28.61640226089927,77.2208746960739,gun incident reported. Evidence collected,Male,0
2022-12-14 09:23:00,9,2,Cyber Crime,Eastside,28.63108967542129,77.21546976326091,ransomware incident reported. CCTV available,Female,0
2023-03-22 05:07:00,5,2,Fraud,Eastside,28.597728811234862,77.18645223518394,forgery incident reported. No leads yet,Male,0
2023-03-01 16:03:00,16,2,Cyber Crime,Downtown,28.61637967724679,77.20614572825292,hacked incident reported. Evidence collected,Female,0
2023-05-30 13:48:00,13,1,Theft,Westside,28.615356523815336,77.2087324326792,stole incident reported. CCTV available,Male,1
2022-12-04 21:30:00,21,6,Cyber Crime,Southside,28.656959561002775,77.18682956240598,identity theft incident reported. Witness present,Male,0
2022-08-17 12:35:00,12,2,Fraud,Downtown,28.580734228836317,77.214539613892,fake incident reported. Evidence collected,Unknown,0
2023-11-16 21:26:00,21,3,Theft,Suburb A,28.607626290756865,77.21426779782884,stole incident reported. Evidence collected,Unknown,0
2023-01-13 11:50:00,11,4,Robbery,Northside,28.623631383704733,77.23040174491965,threat incident reported. Witness present,Male,0
2022-02-14 05:25:00,5,0,Homicide,Downtown,28.588779569660268,77.19972136836905,murder incident reported. Witness present,Male,0
2023-12-26 06:36:00,6,1,Fraud,Eastside,28.621046020981346,77.22184105992812,fake incident reported. Evidence collected,Female,0
2023-11-13 21:56:00,21,0,Robbery,Industrial Area,28.650457492504806,77.22492839951856,gun incident reported. Witness present,Unknown,0
2023-06-25 09:18:00,9,6,Kidnapping,Northside,28.612953523401895,77.19415940411763,held captive incident reported. No leads yet,Female,1
2022-09-12 23:56:00,23,0,Homicide,Southside,28.60449516912135,77.19912161961739,murder incident reported. CCTV available,Unknown,1
2023-06-09 22:05:00,22,4,Burglary,Westside,28.62482056047523,77.21328329075976,window incident reported. No leads yet,Male,0
2022-10-27 15:17:00,15,3,Burglary,Suburb B,28.5918391738193,77.20173497551517,broke incident reported. CCTV available,Female,0
2023-04-20 20:35:00,20,3,Robbery,Southside,28.628525792557525,77.21486103924957,forcibly incident reported. No leads yet,Female,1
2022-09-03 14:38:00,14,5,Cyber Crime,Northside,28.62337741026688,77.21538202850095,identity theft incident reported. No leads yet,Unknown,0
2022-11-06 08:39:00,8,6,Burglary,Westside,28.641007178910147,77.21293405106374,broke incident reported. CCTV available,Female,0
2022-09-21 12:52:00,12,2,Robbery,Suburb A,28.607466286702156,77.1937374159811,demanded incident reported. CCTV available,Male,1
2023-03-24 12:19:00,12,4,Burglary,Eastside,28.61806015763683,77.16832159975375,entered incident reported. No leads yet,Unknown,0
2023-08-21 00:54:00,0,0,Fraud,Westside,28.610828516636122,77.20556933566797,forgery incident reported. Evidence collected,Unknown,0
2022-05-05 21:34:00,21,3,Burglary,Southside,28.59115881910638,77.19352890268907,entered incident reported. Witness present,Unknown,0
2023-11-12 20:40:00,20,6,Burglary,Westside,28.62739429216914,77.21284519581792,entered incident reported. Witness present,Female,0
2022-02-23 07:29:00,7,2,Robbery,Eastside,28.615596472228457,77.2141057922322,demanded incident reported. Evidence collected,Female,1
2023-02-01 21:45:00,21,2,Assault,Eastside,28.61544379313248,77.22971437604764,attack incident reported. CCTV available,Unknown,0
2023-05-23 16:15:00,16,1,Theft,Westside,28.615957153028393,77.18469644810303,pickpocket incident reported. CCTV available,Female,0
2023-11-23 14:42:00,14,3,Fraud,Suburb A,28.64106883274791,77.21517233778881,scam incident reported. Evidence collected,Female,0
2022-12-28 10:04:00,10,2,Burglary,Suburb B,28.60407910448675,77.18810997136175,window incident reported. CCTV available,Unknown,0
2023-10-17 08:38:00,8,1,Homicide,Eastside,28.6204985703493,77.20704713325043,murder incident reported. No leads yet,Female,0
2022-02-07 11:26:00,11,0,Assault,Westside,28.640135779767206,77.20323487865555,attack incident reported. CCTV available,Female,1
2022-07-01 01:03:00,1,4,Homicide,Southside,28.599943653505292,77.2239299369706,killed incident reported. No leads yet,Male,0
2023-03-30 08:29:00,8,3,Assault,Suburb A,28.629321364878614,77.21181085612685,attack incident reported. Evidence collected,Male,1
2023-10-09 18:05:00,18,0,Cyber Crime,Downtown,28.62517261746125,77.20837188132097,hacked incident reported. Witness present,Female,0
2022-08-18 10:56:00,10,3,Cyber Crime,Downtown,28.61779775168349,77.22841651470941,ransomware incident reported. Witness present,Unknown,1
2022-07-10 05:45:00,5,6,Kidnapping,Suburb B,28.62432197223369,77.20617875936112,missing child incident reported. Witness present,Female,1
2023-05-17 21:37:00,21,2,Theft,Westside,28.636439375765438,77.16958574378681,purse incident reported. Evidence collected,Male,0
2022-01-02 12:02:00,12,6,Assault,Industrial Area,28.648101221857033,77.18056734841849,kicked incident reported. Witness present,Male,1
2023-09-10 02:33:00,2,6,Homicide,Suburb A,28.603448452920464,77.20831804108009,stabbed incident reported. No leads yet,Female,0
2023-01-06 19:38:00,19,4,Theft,Suburb A,28.611458655487866,77.22577351733378,wallet incident reported. CCTV available,Male,0
2023-09-24 19:27:00,19,6,Assault,Northside,28.59626938968983,77.21334611362472,beaten incident reported. Witness present,Female,1
2022-02-15 09:55:00,9,1,Theft,Industrial Area,28.60426313169634,77.2139190163223,missing incident reported. Evidence collected,Female,0
2022-08-15 01:27:00,1,0,Assault,Downtown,28.612820462336703,77.21054892754472,kicked incident reported. Evidence collected,Unknown,0
2023-02-16 17:37:00,17,3,Kidnapping,Westside,28.604734586125595,77.20049893416507,missing child incident reported. No leads yet,Female,1
2022-04-23 09:28:00,9,5,Robbery,Southside,28.618687875233793,77.2247285917626,gun incident reported. Witness present,Male,0
2023-03-31 09:15:00,9,4,Assault,Southside,28.60392867776337,77.19452054092379,attack incident reported. No leads yet,Female,1
2022-02-14 05:14:00,5,0,Robbery,Suburb B,28.624124336094532,77.20845826844904,demanded incident reported. CCTV available,Male,0
2023-06-07 00:26:00,0,2,Burglary,Westside,28.627741635566434,77.19390337977715,forced incident reported. Witness present,Female,0
2023-03-08 14:08:00,14,2,Theft,Eastside,28.584242684576278,77.20011659863623,pickpocket incident reported. Evidence collected,Female,0
2022-05-28 14:46:00,14,5,Cyber Crime,Northside,28.601127456512252,77.20768685999866,ransomware incident reported. No leads yet,Male,1
2023-07-18 15:02:00,15,1,Fraud,Downtown,28.603285913095494,77.22135028252228,scam incident reported. Evidence collected,Female,0
2022-07-02 02:44:00,2,5,Assault,Suburb B,28.609097495626294,77.2115079083129,beaten incident reported. Witness present,Female,1
2022-07-04 07:23:00,7,0,Robbery,Eastside,28.616527242640682,77.2122492515402,gun incident reported. CCTV available,Unknown,0
2022-10-07 16:18:00,16,4,Cyber Crime,Northside,28.613497848159085,77.21751001150685,hacked incident reported. No leads yet,Female,0
2023-08-19 09:12:00,9,5,Burglary,Northside,28.600639081102905,77.2323236321109,broke incident reported. Witness present,Unknown,0
2022-10-05 05:25:00,5,2,Homicide,Suburb B,28.609957710277193,77.1871408477017,stabbed incident reported. CCTV available,Unknown,0
2022-04-24 18:01:00,18,6,Burglary,Downtown,28.617034555949864,77.19481365862588,broke incident reported. CCTV available,Female,1
2023-12-29 09:34:00,9,4,Theft,Suburb A,28.62498890890848,77.2458267596007,wallet incident reported. Witness present,Male,1
2022-10-19 12:49:00,12,2,Cyber Crime,Eastside,28.600790465140705,77.21453953888707,phishing incident reported. Witness present,Male,0
2022-01-07 10:30:00,10,4,Cyber Crime,Westside,28.58464157352159,77.21656508715736,hacked incident reported. Evidence collected,Male,0
2023-08-15 17:57:00,17,1,Homicide,Northside,28.599138103336674,77.19858608969277,stabbed incident reported. Witness present,Female,0
2023-04-07 14:02:00,14,4,Burglary,Northside,28.59554522516934,77.22120252043425,forced incident reported. No leads yet,Female,1
2022-03-04 03:52:00,3,4,Burglary,Suburb A,28.630688405957887,77.20938975357764,door incident reported. Witness present,Unknown,0
2023-07-20 21:53:00,21,3,Robbery,Eastside,28.599492888244406,77.23549205060174,forcibly incident reported. Evidence collected,Unknown,0
2023-04-05 20:53:00,20,2,Cyber Crime,Suburb B,28.601393164537424,77.17296612833455,identity theft incident reported. No leads yet,Unknown,0
2023-01-19 01:22:00,1,3,Assault,Industrial Area,28.62153981683262,77.19058708877265,beaten incident reported. Witness present,Unknown,0
2022-02-01 22:04:00,22,1,Theft,Suburb A,28.630376813224988,77.20264770505544,purse incident reported. Evidence collected,Unknown,0
2023-01-23 19:49:00,19,0,Robbery,Eastside,28.623961887342404,77.23235833910921,forcibly incident reported. Witness present,Unknown,0
2023-01-20 09:41:00,9,4,Kidnapping,Downtown,28.593752352256324,77.19956771448513,ransom incident reported. CCTV available,Unknown,0
2022-02-14 12:22:00,12,0,Homicide,Suburb A,28.612638815455718,77.23462585531725,stabbed incident reported. Witness present,Male,0
2023-01-13 14:01:00,14,4,Kidnapping,Suburb B,28.602926954700994,77.19909160506752,ransom incident reported. No leads yet,Female,1
2022-07-04 00:30:00,0,0,Cyber Crime,Suburb B,28.621869009592597,77.19937952123816,phishing incident reported. No leads yet,Male,0
2022-04-24 18:42:00,18,6,Burglary,Suburb B,28.616442098048296,77.18314104298386,window incident reported. Evidence collected,Male,0
2022-05-05 17:27:00,17,3,Theft,Northside,28.65080549904261,77.18653817949485,wallet incident reported. No leads yet,Male,0
2022-01-04 18:41:00,18,1,Assault,Westside,28.608537454933497,77.20845864940263,beaten incident reported. Evidence collected,Unknown,1
2023-11-01 14:03:00,14,2,Theft,Eastside,28.645778135572613,77.18691923698445,pickpocket incident reported. Witness present,Male,0
2023-06-25 00:22:00,0,6,Kidnapping,Industrial Area,28.646961735591315,77.22161961368504,abducted incident reported. Evidence collected,Female,1
2022-10-12 21:37:00,21,2,Kidnapping,Southside,28.62085158874039,77.1925894385497,missing child incident reported. Evidence collected,Unknown,0
2022-04-18 18:21:00,18,0,Fraud,Suburb B,28.623419020700634,77.19694188962634,forgery incident reported. No leads yet,Female,0
2022-07-27 20:20:00,20,2,Cyber Crime,Suburb B,28.63501102088664,77.19281563284821,hacked incident reported. Witness present,Unknown,0
2022-06-02 01:22:00,1,3,Assault,Eastside,28.6120140250924,77.19974544853312,beaten incident reported. No leads yet,Female,1
2022-10-17 23:33:00,23,0,Burglary,Suburb A,28.59744128395955,77.2213553302818,forced incident reported. Evidence collected,Male,1
2023-03-11 14:47:00,14,5,Homicide,Suburb B,28.622824312456828,77.2291501699817,stabbed incident reported. Evidence collected,Unknown,0
2023-07-19 04:46:00,4,2,Assault,Industrial Area,28.584235414863198,77.22673617837235,beaten incident reported. No leads yet,Unknown,0
2022-10-16 15:28:00,15,6,Robbery,Suburb A,28.65565748175595,77.20147264851371,demanded incident reported. CCTV available,Unknown,0
2022-08-10 17:15:00,17,2,Cyber Crime,Suburb B,28.645485810201816,77.204613978799,identity theft incident reported. Evidence collected,Unknown,0
2022-07-01 11:09:00,11,4,Theft,Northside,28.59102650437398,77.20390612595989,pickpocket incident reported. CCTV available,Unknown,0
2023-03-13 20:36:00,20,0,Assault,Southside,28.63137006612792,77.19503039196114,punched incident reported. Evidence collected,Female,1
2023-08-06 13:37:00,13,6,Robbery,Eastside,28.603894355683227,77.21889232387156,gun incident reported. Witness present,Female,1
2023-10-05 02:15:00,2,3,Kidnapping,Eastside,28.613951001945644,77.21874371587478,held captive incident reported. Witness present,Male,0
2023-06-12 23:46:00,23,0,Kidnapping,Suburb A,28.617863825679308,77.21699375532586,ransom incident reported. Witness present,Male,0
2023-03-10 22:10:00,22,4,Theft,Southside,28.606694980236508,77.21286218236718,purse incident reported. No leads yet,Unknown,0
2022-09-17 15:32:00,15,5,Assault,Northside,28.5984437832384,77.23047389370839,injury incident reported. Witness present,Male,0
2022-10-25 23:23:00,23,1,Assault,Industrial Area,28.603328754719712,77.22781412479249,kicked incident reported. Witness present,Male,0
2022-05-21 18:14:00,18,5,Assault,Industrial Area,28.610006550650287,77.21236665017929,injury incident reported. CCTV available,Unknown,0
2022-01-09 07:36:00,7,6,Homicide,Industrial Area,28.605650590818488,77.19206674281386,dead incident reported. CCTV available,Female,0
2022-11-30 15:44:00,15,2,Kidnapping,Industrial Area,28.584820660206578,77.19141126402346,ransom incident reported. Witness present,Unknown,1
2022-03-17 04:42:00,4,3,Homicide,Eastside,28.60850151911307,77.21253131964716,murder incident reported. CCTV available,Female,0
2022-09-11 16:59:00,16,6,Assault,Northside,28.63073965522139,77.20157070900339,attack incident reported. Evidence collected,Unknown,0
2023-08-25 04:57:00,4,4,Kidnapping,Southside,28.599200653928882,77.18495475356663,abducted incident reported. Witness present,Male,0
2023-01-25 18:44:00,18,2,Cyber Crime,Industrial Area,28.621901060298402,77.23205324192216,identity theft incident reported. Witness present,Unknown,0
2023-09-19 08:12:00,8,1,Robbery,Northside,28.63500550446594,77.22083221246912,forcibly incident reported. Evidence collected,Female,1
2023-06-18 17:20:00,17,6,Cyber Crime,Downtown,28.624542388621126,77.23729372966183,ransomware incident reported. Witness present,Female,0
2023-08-17 20:58:00,20,3,Homicide,Westside,28.619434691023613,77.21976882793373,dead incident reported. Evidence collected,Male,1
2022-11-04 04:54:00,4,4,Kidnapping,Industrial Area,28.608553602302468,77.18629927715243,ransom incident reported. CCTV available,Female,1
2023-08-22 04:07:00,4,1,Theft,Northside,28.602502518325007,77.20884734935775,purse incident reported. No leads yet,Unknown,0
2023-09-18 19:41:00,19,0,Assault,Eastside,28.61491308954169,77.2411047642476,beaten incident reported. Witness present,Male,0
2023-01-14 14:20:00,14,5,Robbery,Westside,28.61525461945985,77.22864739073377,gun incident reported. Evidence collected,Unknown,0
2022-04-02 10:45:00,10,5,Kidnapping,Downtown,28.606648712640396,77.20380540190392,ransom incident reported. No leads yet,Male,0
2022-02-24 20:05:00,20,3,Fraud,Westside,28.591749872712942,77.19662786645206,fake incident reported. CCTV available,Unknown,0
2022-12-09 10:18:00,10,4,Fraud,Southside,28.622683023189396,77.20912600300657,scam incident reported. Witness present,Male,0
2022-12-16 22:16:00,22,4,Fraud,Southside,28.629615643664955,77.21202089913909,cheated incident reported. Evidence collected,Male,0
2023-05-17 02:48:00,2,2,Kidnapping,Eastside,28.60802577113937,77.24480494772979,ransom incident reported. No leads yet,Unknown,0
2023-01-28 01:58:00,1,5,Cyber Crime,Westside,28.61233494052145,77.22838334949509,hacked incident reported. No leads yet,Female,0
2022-02-21 07:59:00,7,0,Assault,Downtown,28.607213179890923,77.22082665798973,attack incident reported. Evidence collected,Female,1
2023-02-05 06:21:00,6,6,Burglary,Northside,28.62936692765253,77.21247486617627,broke incident reported. Witness present,Female,0
2022-01-01 05:10:00,5,5,Homicide,Northside,28.57465861795506,77.20930420768094,dead incident reported. No leads yet,Female,0
2023-06-11 01:57:00,1,6,Cyber Crime,Suburb B,28.634407667462668,77.21779134721713,hacked incident reported. CCTV available,Female,0
2022-10-04 03:12:00,3,1,Robbery,Eastside,28.621330647920487,77.18029571776738,gun incident reported. Witness present,Female,1
2023-06-15 10:38:00,10,3,Assault,Suburb A,28.60189241548875,77.21585596051919,attack incident reported. Evidence collected,Female,1
2023-03-26 20:39:00,20,6,Assault,Suburb A,28.620739721279783,77.22924444633556,kicked incident reported. Evidence collected,Unknown,0
2023-12-22 10:11:00,10,4,Homicide,Southside,28.6114855540809,77.2157637347779,killed incident reported. Evidence collected,Male,1
2023-10-21 21:06:00,21,5,Homicide,Southside,28.614172904032188,77.19255095439165,killed incident reported. CCTV available,Unknown,0
2023-05-31 03:18:00,3,2,Assault,Westside,28.576303477815088,77.21618349486884,kicked incident reported. CCTV available,Male,0
2023-12-12 22:25:00,22,1,Robbery,Northside,28.616799120140215,77.19869708263167,forcibly incident reported. CCTV available,Female,1
2022-06-07 00:57:00,0,1,Assault,Southside,28.586913782391402,77.21949565857348,injury incident reported. CCTV available,Unknown,1
2022-02-13 04:03:00,4,6,Homicide,Westside,28.60946799876341,77.21828124537281,killed incident reported. No leads yet,Female,0
2023-02-17 11:39:00,11,4,Homicide,Northside,28.644967475506864,77.173309485328,shot incident reported. Witness present,Unknown,0
2023-09-07 03:15:00,3,3,Fraud,Industrial Area,28.602239986521628,77.2055104064448,scam incident reported. No leads yet,Unknown,0
2022-11-16 08:44:00,8,2,Assault,Suburb A,28.638147102902444,77.18172661634657,punched incident reported. Evidence collected,Male,0
2022-04-08 03:12:00,3,4,Theft,Suburb A,28.646164350428013,77.2112642650261,missing incident reported. No leads yet,Male,0
2023-07-01 05:56:00,5,5,Robbery,Westside,28.612299988971102,77.20569900394635,gun incident reported. Witness present,Male,0
2022-06-01 23:56:00,23,2,Homicide,Suburb B,28.606628949463666,77.22646861265449,shot incident reported. Evidence collected,Male,0
2023-10-07 07:49:00,7,5,Burglary,Downtown,28.596091320765293,77.2147569030274,forced incident reported. Witness present,Male,0
2022-09-05 17:27:00,17,0,Kidnapping,Downtown,28.607496972238216,77.1962977758581,abducted incident reported. CCTV available,Female,1
2022-05-18 19:58:00,19,2,Robbery,Industrial Area,28.6569995862614,77.21598417891256,forcibly incident reported. No leads yet,Unknown,0
2023-04-27 09:03:00,9,3,Kidnapping,Industrial Area,28.62412109241102,77.22796294634448,held captive incident reported. CCTV available,Male,1
2022-07-02 09:53:00,9,5,Theft,Downtown,28.59021083424469,77.23820486515204,stole incident reported. CCTV available,Male,0
2022-03-16 00:44:00,0,2,Kidnapping,Southside,28.572084047025083,77.19618722649936,missing child incident reported. CCTV available,Female,1
2022-10-11 05:27:00,5,1,Cyber Crime,Westside,28.606249472113685,77.21869538941618,phishing incident reported. Witness present,Male,0
2023-05-13 13:48:00,13,5,Robbery,Suburb A,28.617545304435694,77.2062197543217,mugged incident reported. Evidence collected,Unknown,0
2023-07-19 05:50:00,5,2,Robbery,Suburb B,28.613700044256206,77.19269961627462,threat incident reported. No leads yet,Unknown,0
2023-07-17 20:27:00,20,0,Theft,Industrial Area,28.588946126758596,77.22110852703894,missing incident reported. Witness present,Unknown,0
2023-10-29 07:22:00,7,6,Kidnapping,Eastside,28.62546176854227,77.23540823958595,ransom incident reported. Witness present,Male,0
2022-03-14 02:46:00,2,0,Fraud,Southside,28.600733048386413,77.22054692017169,fake incident reported. CCTV available,Unknown,1
2022-09-13 09:45:00,9,1,Kidnapping,Downtown,28.609171554527254,77.22884124975323,held captive incident reported. Evidence collected,Female,1
2023-05-23 15:23:00,15,1,Theft,Westside,28.630932712944638,77.21252015665374,purse incident reported. No leads yet,Unknown,0
2022-07-22 11:29:00,11,4,Fraud,Suburb B,28.608241164055567,77.22501553631014,fake incident reported. Evidence collected,Unknown,0
2022-09-01 17:59:00,17,3,Theft,Suburb A,28.62468174205428,77.19759265996524,purse incident reported. CCTV available,Unknown,0
2023-07-20 08:47:00,8,3,Cyber Crime,Westside,28.591770022108676,77.20419111832197,ransomware incident reported. CCTV available,Unknown,0
2022-12-11 03:12:00,3,6,Robbery,Downtown,28.639156896922472,77.22810811931222,gun incident reported. CCTV available,Unknown,0
2022-10-29 03:37:00,3,5,Fraud,Eastside,28.595361208838824,77.18953737640167,scam incident reported. Evidence collected,Unknown,0
2022-01-27 19:26:00,19,3,Kidnapping,Westside,28.635144730827992,77.1900727349207,missing child incident reported. No leads yet,Female,1
2022-08-23 12:48:00,12,1,Cyber Crime,Downtown,28.622388255394036,77.19873214641106,ransomware incident reported. Evidence collected,Female,0
2023-05-19 07:31:00,7,4,Burglary,Southside,28.64085074874203,77.19615958668103,window incident reported. No leads yet,Male,0
2023-05-30 14:55:00,14,1,Theft,Eastside,28.632956025503432,77.21208097756768,purse incident reported. Evidence collected,Unknown,0
2022-05-24 16:05:00,16,1,Kidnapping,Northside,28.618103247570573,77.17616152364414,missing child incident reported. CCTV available,Unknown,0
2022-11-11 21:28:00,21,4,Cyber Crime,Southside,28.577184777446572,77.20532390099555,phishing incident reported. No leads yet,Male,1
2022-11-21 18:27:00,18,0,Robbery,Industrial Area,28.618015101056944,77.19024670287104,demanded incident reported. Witness present,Male,1
2022-09-02 03:57:00,3,4,Theft,Suburb B,28.595755109825394,77.21835787716377,stole incident reported. No leads yet,Male,0
2022-12-09 18:56:00,18,4,Homicide,Downtown,28.62328090800762,77.2067043156602,killed incident reported. Evidence collected,Male,0
2023-06-06 00:15:00,0,1,Fraud,Westside,28.626903362019767,77.189429961738,scam incident reported. Evidence collected,Unknown,0
2022-02-15 04:04:00,4,1,Burglary,Westside,28.607967751381885,77.23646462676307,broke incident reported. Evidence collected,Male,0
2023-04-04 01:08:00,1,1,Homicide,Suburb B,28.615038702165666,77.21110520857646,killed incident reported. No leads yet,Male,0
2023-06-30 14:41:00,14,4,Robbery,Southside,28.652332443099464,77.18567763056919,mugged incident reported. No leads yet,Male,0
2022-01-12 06:42:00,6,2,Burglary,Downtown,28.627173839444037,77.23673310466347,forced incident reported. No leads yet,Female,0
2022-09-19 06:46:00,6,0,Robbery,Westside,28.608485701225025,77.22332717978092,gun incident reported. No leads yet,Female,1
2023-01-05 02:55:00,2,3,Theft,Downtown,28.59753300837982,77.19755446007387,stole incident reported. Evidence collected,Female,0
2022-01-13 20:18:00,20,3,Assault,Eastside,28.62031610693413,77.22230944455184,attack incident reported. CCTV available,Male,0
2023-04-12 18:19:00,18,2,Burglary,Downtown,28.632582275206772,77.235160476449,entered incident reported. Witness present,Unknown,0
2023-11-27 07:38:00,7,0,Cyber Crime,Suburb B,28.61277589069075,77.22889352925289,hacked incident reported. No leads yet,Unknown,0
2023-01-22 02:45:00,2,6,Kidnapping,Industrial Area,28.60819491927585,77.22403485519314,held captive incident reported. CCTV available,Female,1
2022-03-07 06:32:00,6,0,Kidnapping,Industrial Area,28.61735814663087,77.21642796511803,missing child incident reported. Evidence collected,Unknown,1
2023-06-30 18:14:00,18,4,Kidnapping,Southside,28.620958464567035,77.18225491650337,held captive incident reported. Witness present,Male,0
2022-02-09 08:23:00,8,2,Assault,Westside,28.595164635685656,77.21070902399696,beaten incident reported. No leads yet,Female,1
2023-06-07 02:41:00,2,2,Kidnapping,Eastside,28.58577868200598,77.22285351838667,abducted incident reported. No leads yet,Female,1
2023-08-16 21:25:00,21,2,Homicide,Downtown,28.62842593277147,77.21445284254797,dead incident reported. CCTV available,Male,0
2023-05-12 10:32:00,10,4,Cyber Crime,Eastside,28.595214433120702,77.23200231564782,ransomware incident reported. Witness present,Unknown,0
2023-11-09 12:46:00,12,3,Burglary,Downtown,28.647853510661974,77.21145128045744,forced incident reported. Witness present,Female,0
2022-08-30 18:11:00,18,1,Kidnapping,Northside,28.622408922974188,77.21236231091326,ransom incident reported. Evidence collected,Unknown,0
2023-02-25 07:33:00,7,5,Cyber Crime,Suburb B,28.622739486483315,77.20700735405623,hacked incident reported. No leads yet,Female,1
2023-10-13 02:49:00,2,4,Cyber Crime,Eastside,28.613323929335937,77.22409529334162,ransomware incident reported. Witness present,Female,0
2022-02-26 21:57:00,21,5,Cyber Crime,Suburb A,28.652993736031608,77.18566547942665,ransomware incident reported. Witness present,Unknown,0
2023-11-21 10:17:00,10,1,Homicide,Downtown,28.61216979192662,77.18932565857946,killed incident reported. No leads yet,Female,0
2023-04-12 14:44:00,14,2,Burglary,Southside,28.6404337483096,77.199204367178,broke incident reported. Evidence collected,Male,0
2023-04-12 04:43:00,4,2,Theft,Westside,28.589846653436904,77.21963644998081,purse incident reported. CCTV available,Male,0
2023-05-22 02:07:00,2,0,Burglary,Westside,28.642971851912385,77.22005996447602,window incident reported. CCTV available,Female,0
2023-11-16 15:34:00,15,3,Theft,Westside,28.6173132979547,77.21581901537961,stole incident reported. CCTV available,Male,0
2023-07-20 13:26:00,13,3,Kidnapping,Northside,28.63748067771376,77.19443001216644,ransom incident reported. Witness present,Unknown,0
2023-03-20 04:49:00,4,0,Homicide,Westside,28.612035881598562,77.20145516419151,stabbed incident reported. No leads yet,Female,1
2023-04-27 02:07:00,2,3,Theft,Northside,28.594435578211804,77.20352707900972,stole incident reported. Witness present,Unknown,0
2022-09-06 05:20:00,5,1,Kidnapping,Downtown,28.632362018266374,77.21844336913988,ransom incident reported. Witness present,Unknown,0
2022-01-30 14:15:00,14,6,Burglary,Westside,28.62463850833514,77.21144126019422,door incident reported. No leads yet,Female,0
2023-11-05 08:38:00,8,6,Theft,Eastside,28.622622063045476,77.19565682762753,missing incident reported. Witness present,Unknown,0
2023-06-10 03:51:00,3,5,Kidnapping,Industrial Area,28.608741501901214,77.21220007061615,missing child incident reported. CCTV available,Unknown,0
2023-02-18 18:10:00,18,5,Homicide,Industrial Area,28.618525264314698,77.2143364642487,killed incident reported. Evidence collected,Male,0
2022-04-18 21:12:00,21,0,Theft,Northside,28.611594411966394,77.20270960998117,missing incident reported. Witness present,Unknown,0
2022-05-20 07:05:00,7,4,Homicide,Suburb A,28.666529521384074,77.22411312121554,stabbed incident reported. Evidence collected,Unknown,0
2023-06-07 03:10:00,3,2,Kidnapping,Suburb A,28.620785791265877,77.20511319169657,held captive incident reported. Evidence collected,Unknown,1
2022-01-23 07:17:00,7,6,Robbery,Industrial Area,28.606379686217604,77.20681999010455,threat incident reported. CCTV available,Female,1
2023-01-26 21:30:00,21,3,Homicide,Downtown,28.618780480726446,77.17765940759895,shot incident reported. Witness present,Unknown,0
2022-11-19 02:56:00,2,5,Burglary,Eastside,28.587743506743756,77.19838529351769,forced incident reported. CCTV available,Male,1
2022-04-22 20:04:00,20,4,Assault,Downtown,28.61735232394631,77.20501211421414,injury incident reported. Evidence collected,Unknown,0
2023-05-16 03:15:00,3,1,Fraud,Eastside,28.638535353768326,77.18429338688341,cheated incident reported. Witness present,Male,0
2022-06-30 02:43:00,2,3,Homicide,Westside,28.60137757550661,77.23433486234985,shot incident reported. No leads yet,Male,0
2023-11-01 07:47:00,7,2,Cyber Crime,Eastside,28.61608532207792,77.22374737638002,phishing incident reported. CCTV available,Unknown,0
2023-03-11 03:07:00,3,5,Fraud,Northside,28.648087449054493,77.19743659303498,cheated incident reported. CCTV available,Unknown,0
2022-05-26 13:50:00,13,3,Assault,Westside,28.612244761036802,77.20445955165115,injury incident reported. CCTV available,Female,1
2023-07-03 04:25:00,4,0,Burglary,Suburb A,28.58132344992528,77.20382671993741,forced incident reported. CCTV available,Male,0
2022-02-02 05:51:00,5,2,Robbery,Southside,28.628584369789678,77.21800982569687,demanded incident reported. Witness present,Male,0
2022-12-23 16:03:00,16,4,Robbery,Suburb A,28.624218052823135,77.20274151698935,mugged incident reported. Evidence collected,Unknown,0
2022-12-11 00:59:00,0,6,Kidnapping,Suburb A,28.602965046066572,77.23015426119831,abducted incident reported. No leads yet,Male,0
2022-08-05 11:16:00,11,4,Homicide,Southside,28.60561138089404,77.21390136731323,shot incident reported. No leads yet,Female,0
2023-05-16 15:16:00,15,1,Homicide,Westside,28.61662224467796,77.23336195027096,killed incident reported. Witness present,Unknown,0
2022-02-04 09:27:00,9,4,Homicide,Downtown,28.630090205961206,77.18741235632221,shot incident reported. Witness present,Male,0
2023-02-04 09:34:00,9,5,Fraud,Southside,28.594107447220416,77.21864849696782,cheated incident reported. CCTV available,Unknown,0
2022-08-01 15:29:00,15,0,Robbery,Suburb A,28.612827705877017,77.20141380360077,forcibly incident reported. Evidence collected,Unknown,0
2023-08-20 03:08:00,3,6,Assault,Downtown,28.630827131399908,77.21212432303481,kicked incident reported. CCTV available,Female,1
2022-09-17 11:46:00,11,5,Robbery,Suburb B,28.61477428978149,77.22199714401259,forcibly incident reported. Evidence collected,Male,1
2023-08-11 19:54:00,19,4,Robbery,Southside,28.60764818341761,77.23514198309121,forcibly incident reported. Evidence collected,Unknown,0
2023-03-27 18:09:00,18,0,Fraud,Southside,28.600765872946116,77.21994881777238,scam incident reported. No leads yet,Female,0
2022-10-31 06:07:00,6,0,Fraud,Downtown,28.637797213977667,77.1860450751788,scam incident reported. Witness present,Male,0
2023-11-28 22:49:00,22,1,Homicide,Eastside,28.608177747069128,77.22803678988143,killed incident reported. CCTV available,Unknown,0
2022-10-01 04:29:00,4,5,Cyber Crime,Southside,28.63318740912885,77.20614173999353,identity theft incident reported. Evidence collected,Unknown,0
2023-05-27 18:58:00,18,5,Homicide,Suburb B,28.601655481772053,77.22493226370551,stabbed incident reported. CCTV available,Unknown,0
2023-12-30 19:22:00,19,5,Kidnapping,Northside,28.633625818376363,77.18958894419146,missing child incident reported. Evidence collected,Male,0
2023-05-20 22:55:00,22,5,Homicide,Southside,28.593834772517226,77.21275427803306,killed incident reported. Witness present,Female,0
2022-05-16 04:59:00,4,0,Homicide,Downtown,28.62438934389048,77.20401551524617,murder incident reported. No leads yet,Male,0
2023-11-13 04:30:00,4,0,Fraud,Northside,28.625221563666372,77.19716438988604,cheated incident reported. Evidence collected,Female,0
2023-11-14 08:02:00,8,1,Homicide,Suburb B,28.578655106682106,77.2019349821278,dead incident reported. Evidence collected,Female,0
2022-06-17 17:24:00,17,4,Robbery,Northside,28.614953869108554,77.20440266733506,demanded incident reported. Evidence collected,Male,0
2022-05-20 22:55:00,22,4,Burglary,Southside,28.594589945605676,77.17873918373536,forced incident reported. CCTV available,Male,0
2023-08-25 11:10:00,11,4,Burglary,Industrial Area,28.605331853260537,77.2239609295275,forced incident reported. Witness present,Female,0
2022-07-31 19:13:00,19,6,Cyber Crime,Westside,28.63483662399023,77.22879522306897,phishing incident reported. No leads yet,Male,0
2022-07-18 23:50:00,23,0,Burglary,Industrial Area,28.600301507747524,77.18977156127283,door incident reported. No leads yet,Unknown,0
2023-08-16 05:05:00,5,2,Cyber Crime,Northside,28.622177243583,77.2195850001933,identity theft incident reported. Evidence collected,Male,1
2023-05-17 14:48:00,14,2,Burglary,Northside,28.62056949342001,77.17543227876271,forced incident reported. No leads yet,Female,0
2023-08-06 21:50:00,21,6,Fraud,Suburb A,28.599451923585278,77.20850518682857,scam incident reported. CCTV available,Male,0
2023-01-01 15:15:00,15,6,Assault,Downtown,28.62202030324384,77.22178845604338,beaten incident reported. Witness present,Female,1
2022-03-09 17:29:00,17,2,Robbery,Downtown,28.61630422537137,77.21451306344231,demanded incident reported. Evidence collected,Unknown,0
2023-05-03 19:13:00,19,2,Robbery,Industrial Area,28.61531442430602,77.22042698957031,threat incident reported. Evidence collected,Female,1
2022-05-14 19:30:00,19,5,Robbery,Westside,28.61911442752485,77.21009562766746,mugged incident reported. CCTV available,Male,0
2022-02-22 05:43:00,5,1,Kidnapping,Suburb A,28.609427186681046,77.21035485708404,abducted incident reported. Witness present,Unknown,0
2023-02-26 17:45:00,17,6,Theft,Downtown,28.621976522980656,77.2134579231483,wallet incident reported. Witness present,Unknown,1
2022-01-29 17:41:00,17,5,Kidnapping,Northside,28.62024710697242,77.2313786976892,abducted incident reported. CCTV available,Male,0
2022-12-22 05:15:00,5,3,Cyber Crime,Suburb B,28.618319398712444,77.19818335799212,phishing incident reported. Evidence collected,Male,0
2022-12-02 19:58:00,19,4,Kidnapping,Suburb A,28.62862677976657,77.18623002770552,held captive incident reported. Evidence collected,Male,0
2022-07-22 05:12:00,5,4,Theft,Downtown,28.595876443654348,77.214597454412,purse incident reported. CCTV available,Female,0
2022-03-10 14:21:00,14,3,Theft,Southside,28.622506611129776,77.18824914627494,wallet incident reported. Evidence collected,Unknown,0
2022-02-18 14:32:00,14,4,Fraud,Industrial Area,28.607519708650223,77.19889860279635,forgery incident reported. CCTV available,Unknown,0
2022-12-15 21:34:00,21,3,Cyber Crime,Downtown,28.605788727951975,77.22472662960455,hacked incident reported. CCTV available,Unknown,0
2022-12-10 01:18:00,1,5,Kidnapping,Southside,28.625675091059122,77.20868129700244,ransom incident reported. No leads yet,Male,0
2022-05-12 14:11:00,14,3,Fraud,Suburb A,28.604800634548084,77.18650583882967,scam incident reported. CCTV available,Male,0
2023-12-08 04:02:00,4,4,Homicide,Eastside,28.6375697489797,77.21886856500475,stabbed incident reported. Evidence collected,Unknown,0
2023-11-30 22:16:00,22,3,Fraud,Southside,28.602122181598784,77.22099332496042,forgery incident reported. CCTV available,Male,0
2023-11-10 06:59:00,6,4,Homicide,Eastside,28.612729606323757,77.20421484158562,dead incident reported. No leads yet,Unknown,0
2023-01-22 14:16:00,14,6,Theft,Industrial Area,28.621153525471495,77.19664169583478,purse incident reported. No leads yet,Unknown,0
2023-08-01 16:47:00,16,1,Cyber Crime,Suburb A,28.60817072467483,77.21102435107,hacked incident reported. Evidence collected,Female,0
2022-02-25 12:41:00,12,4,Fraud,Industrial Area,28.605575813451914,77.22015142017113,forgery incident reported. CCTV available,Unknown,0
2022-04-04 16:28:00,16,0,Robbery,Industrial Area,28.64505110839464,77.19642836445655,demanded incident reported. Witness present,Unknown,0
2023-04-11 15:03:00,15,1,Assault,Southside,28.58614791172827,77.17563766387539,punched incident reported. No leads yet,Female,1
2022-09-30 11:43:00,11,4,Burglary,Westside,28.611392197641752,77.19794725683123,window incident reported. Evidence collected,Male,0
2022-10-04 14:00:00,14,1,Homicide,Downtown,28.617364341684453,77.21120996120044,murder incident reported. No leads yet,Female,0
2022-12-19 02:51:00,2,0,Kidnapping,Suburb A,28.587179719223098,77.17875193617532,missing child incident reported. No leads yet,Female,1
2023-12-15 18:08:00,18,4,Theft,Eastside,28.618832220672434,77.21125714724533,wallet incident reported. No leads yet,Unknown,0
2022-08-02 10:49:00,10,1,Kidnapping,Northside,28.60680303336056,77.18138094024779,held captive incident reported. Witness present,Male,0
2022-03-16 04:54:00,4,2,Robbery,Downtown,28.621756521046084,77.23019832575707,demanded incident reported. No leads yet,Male,0
2023-11-07 16:55:00,16,1,Cyber Crime,Northside,28.618533040670318,77.19487543515726,ransomware incident reported. Witness present,Female,0
2022-12-15 12:24:00,12,3,Theft,Downtown,28.614642536092852,77.18623143198444,stole incident reported. CCTV available,Unknown,0
2023-05-18 17:13:00,17,3,Fraud,Downtown,28.631532678563982,77.21036407224216,scam incident reported. Witness present,Unknown,0
2022-10-03 02:52:00,2,0,Robbery,Suburb B,28.584430718137448,77.20398876065927,threat incident reported. CCTV available,Female,1
2023-03-21 23:59:00,23,1,Homicide,Industrial Area,28.621621691837237,77.20344920631707,dead incident reported. No leads yet,Unknown,0
2022-02-14 13:02:00,13,0,Theft,Industrial Area,28.609301737975997,77.18859329654921,stole incident reported. CCTV available,Female,0
2022-09-03 07:55:00,7,5,Kidnapping,Downtown,28.623342349784696,77.19819217999968,abducted incident reported. No leads yet,Male,0
2022-11-13 09:12:00,9,6,Fraud,Industrial Area,28.577959243716585,77.2028123771555,forgery incident reported. Witness present,Male,0
2023-05-31 22:29:00,22,2,Fraud,Southside,28.63025249525951,77.20255117589001,forgery incident reported. No leads yet,Male,0
2022-11-05 00:47:00,0,5,Cyber Crime,Westside,28.642866416418727,77.21614946580914,identity theft incident reported. No leads yet,Female,0
2022-05-05 16:09:00,16,3,Homicide,Industrial Area,28.61954596937134,77.20686002890137,murder incident reported. No leads yet,Female,1
2023-06-03 11:56:00,11,5,Robbery,Northside,28.61276189653726,77.20460960608135,mugged incident reported. No leads yet,Female,1
2022-06-27 13:13:00,13,0,Homicide,Southside,28.608862176798624,77.21784778603445,murder incident reported. Witness present,Male,0
2022-08-13 18:55:00,18,5,Burglary,Northside,28.598302812836824,77.19106843618793,broke incident reported. Evidence collected,Female,0
2023-04-18 22:52:00,22,1,Assault,Eastside,28.59518008248541,77.24309424246128,punched incident reported. CCTV available,Male,0
2022-10-07 16:16:00,16,4,Cyber Crime,Suburb B,28.622739048361176,77.214074870028,identity theft incident reported. Evidence collected,Female,0
2023-01-08 21:17:00,21,6,Assault,Industrial Area,28.59627475549511,77.21938903834459,injury incident reported. Evidence collected,Unknown,0
2022-10-31 10:26:00,10,0,Robbery,Northside,28.61195714422578,77.2125694823522,demanded incident reported. CCTV available,Male,0
2023-03-27 20:25:00,20,0,Kidnapping,Industrial Area,28.59762299473561,77.21167114762363,held captive incident reported. No leads yet,Female,1
2023-01-30 12:55:00,12,0,Homicide,Industrial Area,28.60683610769656,77.1962398140495,stabbed incident reported. Witness present,Female,1
2022-01-09 16:42:00,16,6,Cyber Crime,Southside,28.626135105596788,77.1833715365245,ransomware incident reported. CCTV available,Unknown,0
2022-07-09 02:31:00,2,5,Cyber Crime,Downtown,28.62331293773857,77.22040810222589,identity theft incident reported. Witness present,Female,0
2023-08-31 17:32:00,17,3,Kidnapping,Southside,28.599239272074147,77.19532785898113,ransom incident reported. Witness present,Female,1
2022-06-20 00:27:00,0,0,Assault,Suburb A,28.61018290531223,77.2137006035077,beaten incident reported. Witness present,Unknown,1
2023-09-02 17:29:00,17,5,Robbery,Suburb B,28.611352416803097,77.2162260410032,gun incident reported. No leads yet,Unknown,0
2023-05-06 04:19:00,4,5,Fraud,Suburb B,28.643282994208956,77.20053805384751,fake incident reported. Witness present,Male,0
2022-03-31 08:15:00,8,3,Theft,Eastside,28.585313667154946,77.22276539305051,wallet incident reported. Witness present,Male,0
2022-09-05 00:57:00,0,0,Assault,Northside,28.641955242932127,77.21554613938419,beaten incident reported. CCTV available,Male,0
2023-11-16 00:25:00,0,3,Cyber Crime,Westside,28.595770855410773,77.20693512727942,ransomware incident reported. No leads yet,Unknown,0
2022-11-24 11:08:00,11,3,Homicide,Suburb A,28.595257941929805,77.21971425823271,dead incident reported. CCTV available,Male,0
2022-03-18 08:12:00,8,4,Fraud,Industrial Area,28.59137849328836,77.20399785355286,fake incident reported. CCTV available,Female,0
2022-03-16 14:36:00,14,2,Robbery,Industrial Area,28.597161036228435,77.21111374475225,threat incident reported. CCTV available,Unknown,0
2022-12-24 12:27:00,12,5,Fraud,Eastside,28.607794305381038,77.21194603505417,cheated incident reported. No leads yet,Unknown,0
2023-11-12 08:04:00,8,6,Kidnapping,Southside,28.61427250924944,77.19255568287127,held captive incident reported. Evidence collected,Female,1
2023-12-11 03:38:00,3,0,Assault,Suburb B,28.62434795105882,77.20818723913595,injury incident reported. CCTV available,Male,0
2023-10-12 15:26:00,15,3,Burglary,Eastside,28.59742451653557,77.24634877593677,door incident reported. CCTV available,Female,0
2022-05-21 13:33:00,13,5,Cyber Crime,Northside,28.62184050277862,77.20644565744335,identity theft incident reported. Witness present,Female,0
2023-03-21 15:36:00,15,1,Theft,Northside,28.637486742111697,77.23969692682311,pickpocket incident reported. Evidence collected,Male,0
2023-09-14 01:43:00,1,3,Cyber Crime,Southside,28.611477509628102,77.21478995810725,identity theft incident reported. Witness present,Male,0
2022-04-14 04:07:00,4,3,Cyber Crime,Northside,28.59743328636662,77.2065467874872,ransomware incident reported. CCTV available,Unknown,1
2023-01-27 05:52:00,5,4,Homicide,Westside,28.61058229077067,77.21208045056036,murder incident reported. Evidence collected,Female,0
2022-04-07 12:21:00,12,3,Fraud,Suburb B,28.619446007977285,77.21833047414714,fake incident reported. Witness present,Male,0
2023-11-26 11:02:00,11,6,Burglary,Westside,28.617860710938334,77.18882095622286,window incident reported. Witness present,Male,0
2022-11-27 07:43:00,7,6,Assault,Westside,28.598258881570985,77.19989320634228,injury incident reported. CCTV available,Male,0
2022-11-17 19:48:00,19,3,Homicide,Northside,28.609195990134612,77.2265129048412,murder incident reported. Evidence collected,Unknown,0
2022-05-25 09:33:00,9,2,Homicide,Eastside,28.594517683552453,77.20304308253048,stabbed incident reported. CCTV available,Female,1
2022-01-15 23:38:00,23,5,Robbery,Eastside,28.629783491636903,77.20400204209173,mugged incident reported. No leads yet,Male,0
2022-01-26 04:16:00,4,2,Homicide,Downtown,28.621573594164047,77.20667429928454,murder incident reported. Evidence collected,Female,0
2022-01-25 19:00:00,19,1,Kidnapping,Industrial Area,28.618179720955414,77.20519212426984,missing child incident reported. Witness present,Male,0
2023-11-25 10:44:00,10,5,Robbery,Southside,28.62501775787881,77.18324905987656,threat incident reported. No leads yet,Female,1
2023-03-23 11:21:00,11,3,Homicide,Industrial Area,28.607844799860192,77.2139428779449,murder incident reported. No leads yet,Female,1
2023-01-01 15:14:00,15,6,Cyber Crime,Suburb A,28.622794920800104,77.23388254371257,hacked incident reported. CCTV available,Female,0
2023-04-25 03:11:00,3,1,Fraud,Suburb B,28.607382922218907,77.23365802936435,fake incident reported. Witness present,Female,0
2023-08-14 23:55:00,23,0,Burglary,Westside,28.602916269555674,77.23114410685908,broke incident reported. Witness present,Male,0
2022-03-12 11:03:00,11,5,Assault,Eastside,28.62752445211164,77.19377569033946,kicked incident reported. Witness present,Female,1
2023-08-07 01:27:00,1,0,Burglary,Industrial Area,28.619017320620866,77.2081460694078,door incident reported. CCTV available,Unknown,0
2023-06-01 05:57:00,5,3,Homicide,Industrial Area,28.624326409894586,77.20527880685945,killed incident reported. Evidence collected,Female,0
2022-05-15 19:55:00,19,6,Theft,Eastside,28.608779229572306,77.23181824304605,purse incident reported. Evidence collected,Female,0
2022-06-01 14:22:00,14,2,Robbery,Suburb A,28.612254651759073,77.2227737054032,gun incident reported. CCTV available,Female,1
2022-07-05 02:50:00,2,1,Assault,Suburb B,28.61014414191593,77.23677772098713,kicked incident reported. Evidence collected,Unknown,0
2023-12-25 12:54:00,12,0,Cyber Crime,Northside,28.60259442284441,77.19876427447922,ransomware incident reported. CCTV available,Male,1
2022-07-14 12:16:00,12,3,Robbery,Suburb B,28.639308619685266,77.20158422681841,threat incident reported. Witness present,Female,1
2023-07-31 13:37:00,13,0,Assault,Westside,28.64058457176941,77.22386400965992,punched incident reported. Evidence collected,Male,0
2023-04-20 20:09:00,20,3,Burglary,Industrial Area,28.611322504890655,77.17877844213305,entered incident reported. CCTV available,Female,0
2022-06-10 14:32:00,14,4,Theft,Industrial Area,28.613578028262136,77.21069383422557,pickpocket incident reported. Evidence collected,Unknown,0
2022-02-27 19:58:00,19,6,Robbery,Eastside,28.633353628888408,77.235474119604,threat incident reported. Evidence collected,Unknown,0
2022-01-15 01:37:00,1,5,Theft,Downtown,28.602483547014273,77.22235302939981,wallet incident reported. CCTV available,Unknown,0
2023-06-11 23:55:00,23,6,Fraud,Industrial Area,28.626656702600222,77.22689021170684,cheated incident reported. No leads yet,Female,0
2023-01-14 17:26:00,17,5,Assault,Industrial Area,28.622211498535595,77.17662503848398,attack incident reported. No leads yet,Male,0
2023-11-01 00:15:00,0,2,Homicide,Westside,28.611309626124537,77.18973820708472,murder incident reported. Witness present,Female,0
2023-12-30 09:52:00,9,5,Fraud,Suburb A,28.610523237118034,77.22533340393557,forgery incident reported. CCTV available,Unknown,0
2022-03-08 10:18:00,10,1,Fraud,Eastside,28.618985847264582,77.22813484777329,cheated incident reported. No leads yet,Female,0
2022-07-28 10:48:00,10,3,Assault,Suburb A,28.61959589867856,77.18736123433885,injury incident reported. No leads yet,Male,0
2023-08-06 21:24:00,21,6,Cyber Crime,Suburb A,28.57188588322379,77.211480146028,identity theft incident reported. Evidence collected,Unknown,0
2022-02-12 20:58:00,20,5,Robbery,Eastside,28.61033455889415,77.1927175710103,threat incident reported. Witness present,Female,1
2023-08-07 12:47:00,12,0,Homicide,Westside,28.58555621250581,77.19675427977546,dead incident reported. Witness present,Unknown,0
2022-07-08 04:20:00,4,4,Assault,Westside,28.610658475252254,77.22009796372845,beaten incident reported. CCTV available,Female,1
2022-07-22 14:41:00,14,4,Burglary,Eastside,28.61704385135947,77.23580112078622,broke incident reported. CCTV available,Female,0
2022-03-13 09:09:00,9,6,Fraud,Westside,28.596639932399246,77.22368431486763,forgery incident reported. Evidence collected,Male,1
2023-07-13 02:14:00,2,3,Kidnapping,Southside,28.61468831238548,77.22057781873531,missing child incident reported. Evidence collected,Male,0
2022-01-17 19:49:00,19,0,Robbery,Suburb A,28.606624752278908,77.22686133956485,demanded incident reported. Witness present,Unknown,0
2023-09-13 04:10:00,4,2,Cyber Crime,Downtown,28.61882041263909,77.19767591691804,ransomware incident reported. No leads yet,Male,0
2022-05-17 17:16:00,17,1,Theft,Industrial Area,28.613699599518114,77.20500740235106,purse incident reported. CCTV available,Female,0
2022-07-22 19:03:00,19,4,Kidnapping,Eastside,28.62205297251063,77.18933705417709,ransom incident reported. No leads yet,Unknown,0
2023-02-17 14:43:00,14,4,Theft,Downtown,28.61341080496474,77.21558845421083,missing incident reported. CCTV available,Female,0
2023-02-13 13:25:00,13,0,Fraud,Westside,28.614450388453218,77.23144902073982,forgery incident reported. Evidence collected,Unknown,0
2023-11-28 18:40:00,18,1,Homicide,Eastside,28.62680037956785,77.20887532005432,murder incident reported. CCTV available,Unknown,0
2022-01-17 16:20:00,16,0,Cyber Crime,Southside,28.617511484958296,77.21392775919136,identity theft incident reported. Witness present,Female,0
2023-08-08 15:50:00,15,1,Burglary,Suburb B,28.62062166006945,77.17857236673893,entered incident reported. Witness present,Female,0
2022-05-27 10:28:00,10,4,Burglary,Industrial Area,28.608874561737178,77.18425934886345,forced incident reported. No leads yet,Male,0
2023-07-08 22:38:00,22,5,Burglary,Industrial Area,28.63520468245766,77.20798584133328,forced incident reported. No leads yet,Male,0
2022-07-01 06:49:00,6,4,Robbery,Westside,28.610677650838674,77.22394662220056,forcibly incident reported. No leads yet,Unknown,0
2023-02-12 03:02:00,3,6,Cyber Crime,Northside,28.620938746624166,77.19018942476035,identity theft incident reported. Evidence collected,Female,0
2023-07-14 01:24:00,1,4,Fraud,Southside,28.61271824395788,77.20341388377956,forgery incident reported. No leads yet,Unknown,0
2023-09-23 05:17:00,5,5,Homicide,Westside,28.584824451856566,77.19749539611271,killed incident reported. CCTV available,Male,0
2022-03-27 16:27:00,16,6,Cyber Crime,Suburb B,28.610840994633058,77.2070841511418,ransomware incident reported. CCTV available,Male,0
2022-02-18 17:34:00,17,4,Robbery,Eastside,28.58919614293871,77.22819442638412,mugged incident reported. Evidence collected,Male,0
2022-05-05 12:37:00,12,3,Robbery,Westside,28.61219828235181,77.20962588461101,gun incident reported. Witness present,Female,1
2023-10-23 06:31:00,6,0,Kidnapping,Eastside,28.620577360638997,77.19586539576828,abducted incident reported. Evidence collected,Unknown,0
2023-11-21 05:10:00,5,1,Theft,Northside,28.621505932885547,77.20288208923303,purse incident reported. CCTV available,Female,0
2022-07-04 00:00:00,0,0,Burglary,Eastside,28.598956907655882,77.21855745822259,entered incident reported. Witness present,Unknown,1
2022-03-16 06:15:00,6,2,Fraud,Eastside,28.63876123098003,77.2210804895581,scam incident reported. Witness present,Unknown,1
2022-03-23 05:31:00,5,2,Theft,Southside,28.629282959419008,77.20032282322397,purse incident reported. No leads yet,Male,0
2023-05-11 05:02:00,5,3,Assault,Southside,28.58727300451386,77.23383562536833,punched incident reported. Witness present,Unknown,0
2022-04-11 21:49:00,21,0,Kidnapping,Industrial Area,28.648141914823412,77.23471344622949,abducted incident reported. Evidence collected,Unknown,0
2023-12-17 00:44:00,0,6,Assault,Northside,28.60830356768367,77.18975609435452,attack incident reported. Witness present,Female,1
2022-06-28 09:54:00,9,1,Homicide,Eastside,28.59613862170301,77.18093779053977,killed incident reported. No leads yet,Female,0
2022-04-27 11:58:00,11,2,Assault,Suburb A,28.612110356359835,77.23576129930137,attack incident reported. No leads yet,Female,1
2023-09-26 03:07:00,3,1,Kidnapping,Downtown,28.611538956135465,77.21403871500581,held captive incident reported. Evidence collected,Unknown,0
2022-05-17 15:09:00,15,1,Burglary,Downtown,28.636826616071737,77.20226507813614,door incident reported. Witness present,Female,1
2023-11-04 23:46:00,23,5,Theft,Eastside,28.647825524278662,77.24220157345829,purse incident reported. Evidence collected,Female,0
2022-07-03 06:10:00,6,6,Assault,Suburb B,28.611714811021994,77.19937442893301,punched incident reported. CCTV available,Unknown,0
2023-09-07 22:13:00,22,3,Burglary,Westside,28.625520634106508,77.2032079176247,entered incident reported. Witness present,Unknown,1
2023-12-01 23:48:00,23,4,Cyber Crime,Southside,28.594624079715544,77.23035397755872,phishing incident reported. CCTV available,Unknown,0
2022-06-01 20:55:00,20,2,Theft,Southside,28.634174123121287,77.21159186006273,stole incident reported. No leads yet,Male,0
2023-04-24 18:22:00,18,0,Homicide,Southside,28.592852254104532,77.18850789581305,murder incident reported. Witness present,Unknown,0
2023-01-31 15:43:00,15,1,Theft,Northside,28.615687154806988,77.20066881609159,pickpocket incident reported. No leads yet,Unknown,0
2023-06-02 03:07:00,3,4,Fraud,Industrial Area,28.60821511779764,77.22603271925101,fake incident reported. Evidence collected,Unknown,0
2022-07-03 10:06:00,10,6,Cyber Crime,Eastside,28.626119655290378,77.23196904467497,ransomware incident reported. Witness present,Unknown,0
2023-03-19 14:14:00,14,6,Theft,Southside,28.597389612943715,77.2032801405219,purse incident reported. CCTV available,Male,1
2022-03-27 15:43:00,15,6,Cyber Crime,Eastside,28.626549694924336,77.21646797235022,ransomware incident reported. Evidence collected,Unknown,0
2023-01-05 06:04:00,6,3,Homicide,Northside,28.639439673043128,77.21600894509841,dead incident reported. No leads yet,Male,0
2022-11-27 10:00:00,10,6,Homicide,Suburb A,28.64470181840176,77.2180002966954,shot incident reported. No leads yet,Male,0
2023-04-03 01:14:00,1,0,Kidnapping,Westside,28.631602790793146,77.20360808422026,held captive incident reported. Evidence collected,Female,1
2022-01-08 17:41:00,17,5,Robbery,Downtown,28.614138120198067,77.22418240673066,demanded incident reported. CCTV available,Unknown,0
2022-02-11 10:59:00,10,4,Robbery,Suburb A,28.640782969509885,77.22115394915518,gun incident reported. Evidence collected,Female,1
2023-05-25 05:28:00,5,3,Burglary,Industrial Area,28.61251380380109,77.23195558382548,window incident reported. Witness present,Unknown,0
2022-05-21 17:11:00,17,5,Theft,Northside,28.577367022395336,77.18529609164156,wallet incident reported. Witness present,Unknown,0
2022-01-12 11:06:00,11,2,Assault,Southside,28.625260570394474,77.20923513927089,attack incident reported. Evidence collected,Male,0
2023-03-14 06:54:00,6,1,Fraud,Downtown,28.623991894185405,77.2100734587072,scam incident reported. CCTV available,Male,0
2022-01-31 05:19:00,5,0,Theft,Suburb B,28.623415761576734,77.19542661965012,pickpocket incident reported. CCTV available,Female,1
2023-05-02 02:46:00,2,1,Assault,Industrial Area,28.623408101434663,77.22557357547014,attack incident reported. CCTV available,Male,0
2023-03-27 18:27:00,18,0,Fraud,Eastside,28.634242510065523,77.24255923824416,fake incident reported. CCTV available,Unknown,0
2022-02-27 14:47:00,14,6,Theft,Westside,28.617968307391706,77.21356518478079,stole incident reported. Witness present,Unknown,0
2023-07-10 21:33:00,21,0,Assault,Downtown,28.58851379226377,77.20014314331436,attack incident reported. CCTV available,Male,1
2023-12-17 13:31:00,13,6,Fraud,Industrial Area,28.610681965433223,77.22650532587127,scam incident reported. CCTV available,Female,0
2022-05-13 08:36:00,8,4,Fraud,Downtown,28.60371664793184,77.22227233366249,fake incident reported. Evidence collected,Male,0
2023-04-06 13:19:00,13,3,Cyber Crime,Northside,28.613872971383945,77.20604719808142,identity theft incident reported. Evidence collected,Female,0
2022-05-13 04:42:00,4,4,Robbery,Downtown,28.61804823281889,77.20248072712913,demanded incident reported. Witness present,Female,1
2022-11-09 14:32:00,14,2,Burglary,Industrial Area,28.606749379198458,77.18058690157017,forced incident reported. Witness present,Female,0
2022-06-02 01:39:00,1,3,Cyber Crime,Southside,28.60976742987787,77.20100053089753,identity theft incident reported. Witness present,Unknown,0
2023-01-05 22:32:00,22,3,Kidnapping,Southside,28.605300316844183,77.2159478843765,missing child incident reported. Witness present,Female,1
2023-10-06 23:21:00,23,4,Kidnapping,Downtown,28.624877199213177,77.21286990841071,ransom incident reported. Evidence collected,Male,0
2023-09-20 07:36:00,7,2,Fraud,Suburb B,28.63049025317416,77.21859269876384,cheated incident reported. No leads yet,Male,0
2022-10-21 17:18:00,17,4,Homicide,Southside,28.608982396836574,77.20128572857143,killed incident reported. Witness present,Unknown,0
2022-11-23 23:48:00,23,2,Fraud,Suburb A,28.619113703946116,77.21856278516503,scam incident reported. No leads yet,Male,0
2023-11-09 14:25:00,14,3,Burglary,Southside,28.637197405117192,77.22885288408234,entered incident reported. Witness present,Female,0
2022-11-16 00:24:00,0,2,Burglary,Downtown,28.604875449891548,77.20729989533122,entered incident reported. Witness present,Male,0
2022-10-04 01:07:00,1,1,Homicide,Southside,28.625083630081964,77.22679996296765,murder incident reported. CCTV available,Male,0
2023-12-07 10:11:00,10,3,Fraud,Eastside,28.62954949114508,77.20793536945281,forgery incident reported. Witness present,Female,0
2022-08-11 06:23:00,6,3,Kidnapping,Downtown,28.592999622459526,77.19235106039591,ransom incident reported. CCTV available,Female,1
2022-05-01 23:58:00,23,6,Homicide,Eastside,28.618443891905326,77.21470375965707,murder incident reported. Evidence collected,Female,0
2022-03-21 03:29:00,3,0,Cyber Crime,Westside,28.59558867710943,77.20974282684816,ransomware incident reported. No leads yet,Unknown,0
2023-10-19 09:10:00,9,3,Assault,Westside,28.624420405949532,77.18981288904155,attack incident reported. No leads yet,Male,0
2022-09-01 16:07:00,16,3,Cyber Crime,Northside,28.632316620030075,77.20270781419067,hacked incident reported. No leads yet,Male,0
2022-10-07 15:41:00,15,4,Burglary,Westside,28.634860218542943,77.20010912590374,entered incident reported. No leads yet,Unknown,0
2022-06-27 08:28:00,8,0,Robbery,Suburb A,28.596789575285264,77.20136438350264,mugged incident reported. No leads yet,Male,0
2023-01-19 20:36:00,20,3,Assault,Suburb A,28.612314197948713,77.20252533488714,punched incident reported. No leads yet,Male,0
2022-11-20 03:16:00,3,6,Cyber Crime,Northside,28.610299976307115,77.21456608582794,ransomware incident reported. No leads yet,Unknown,0
2023-08-06 05:58:00,5,6,Robbery,Downtown,28.611047010503395,77.20789812676747,mugged incident reported. Witness present,Female,1
2022-09-24 10:47:00,10,5,Robbery,Northside,28.585412893346625,77.21552830026684,gun incident reported. Witness present,Male,0
2022-09-15 12:19:00,12,3,Robbery,Industrial Area,28.612413278371807,77.23583821634138,forcibly incident reported. Witness present,Unknown,0
2022-11-12 06:47:00,6,5,Theft,Northside,28.598240580545767,77.17886174452501,stole incident reported. No leads yet,Female,0
2023-03-07 23:47:00,23,1,Fraud,Northside,28.6242011415655,77.21477545030523,forgery incident reported. Witness present,Unknown,1
2023-04-02 09:38:00,9,6,Assault,Southside,28.597092782991147,77.18350418408326,injury incident reported. Evidence collected,Male,0
2023-01-31 10:00:00,10,1,Fraud,Northside,28.639523278844738,77.23256850651012,cheated incident reported. Evidence collected,Female,0
2022-04-15 03:57:00,3,4,Burglary,Suburb A,28.572442387354897,77.2013629495124,entered incident reported. Evidence collected,Male,0
2023-03-02 01:00:00,1,3,Homicide,Downtown,28.6416365342464,77.20106562403704,shot incident reported. Witness present,Male,0
2023-07-26 19:34:00,19,2,Fraud,Eastside,28.60572312943289,77.20428734453951,fake incident reported. Evidence collected,Unknown,0
2023-07-22 12:56:00,12,5,Assault,Westside,28.595218383770533,77.18058707092953,beaten incident reported. CCTV available,Unknown,0
2022-05-25 11:02:00,11,2,Kidnapping,Suburb B,28.631442455178913,77.17828438489587,held captive incident reported. CCTV available,Female,1
2022-06-17 01:59:00,1,4,Theft,Northside,28.61802119086848,77.2237763248793,missing incident reported. Witness present,Female,1
2022-09-21 12:00:00,12,2,Kidnapping,Eastside,28.589712895018316,77.19359552662341,held captive incident reported. Evidence collected,Female,1
2022-12-29 18:23:00,18,3,Burglary,Suburb A,28.634119653139862,77.21788152867046,door incident reported. CCTV available,Unknown,0
2023-04-13 10:42:00,10,3,Kidnapping,Suburb B,28.60361190488535,77.22903748338936,held captive incident reported. Witness present,Male,0
2023-08-31 07:01:00,7,3,Cyber Crime,Suburb A,28.63400892872424,77.21348421155027,identity theft incident reported. Witness present,Female,0
2023-02-04 14:27:00,14,5,Theft,Industrial Area,28.59889732953544,77.20210918827547,stole incident reported. Evidence collected,Female,0
2023-01-13 18:13:00,18,4,Homicide,Northside,28.618673112399257,77.20585675284755,stabbed incident reported. Witness present,Female,1
2023-08-07 01:15:00,1,0,Cyber Crime,Suburb B,28.629549286303916,77.18350376533151,phishing incident reported. CCTV available,Unknown,1
2023-07-19 20:26:00,20,2,Fraud,Suburb B,28.588995607848897,77.21201451852471,forgery incident reported. Witness present,Unknown,1
2023-01-01 09:43:00,9,6,Kidnapping,Suburb B,28.60570759310322,77.19854918975504,ransom incident reported. Evidence collected,Male,0
2022-06-25 02:03:00,2,5,Assault,Westside,28.58443238801376,77.20932576407998,kicked incident reported. No leads yet,Male,0
2022-11-15 20:18:00,20,1,Assault,Downtown,28.61302074819999,77.21989131636586,attack incident reported. CCTV available,Male,0
2022-03-04 16:22:00,16,4,Robbery,Suburb A,28.615048435552016,77.20678993202932,demanded incident reported. Witness present,Female,1
2022-10-11 20:15:00,20,1,Kidnapping,Industrial Area,28.63351667727984,77.18712554494253,ransom incident reported. Evidence collected,Unknown,0
2023-04-03 23:57:00,23,0,Fraud,Suburb A,28.622839820314127,77.18114754725342,fake incident reported. No leads yet,Female,0
2022-09-16 17:51:00,17,4,Cyber Crime,Southside,28.599927301999987,77.18878904778961,phishing incident reported. CCTV available,Female,1
2023-07-19 09:26:00,9,2,Kidnapping,Downtown,28.626932375590865,77.20790982944008,ransom incident reported. Witness present,Male,0
2022-06-11 15:37:00,15,5,Burglary,Westside,28.613674945923453,77.19055445020452,window incident reported. CCTV available,Unknown,0
2022-06-15 06:50:00,6,2,Fraud,Industrial Area,28.60890510840112,77.19627557827819,scam incident reported. Witness present,Female,0
2022-03-03 07:42:00,7,3,Cyber Crime,Westside,28.62029091691424,77.19248181441114,hacked incident reported. CCTV available,Male,0
2022-04-02 10:36:00,10,5,Assault,Southside,28.636063239420086,77.18107365917294,beaten incident reported. CCTV available,Female,1
2023-04-27 10:14:00,10,3,Cyber Crime,Northside,28.60045800279239,77.23695334183277,identity theft incident reported. No leads yet,Unknown,0
2023-12-24 07:21:00,7,6,Burglary,Westside,28.606647687533968,77.18708535559327,entered incident reported. No leads yet,Female,1
2022-06-21 00:17:00,0,1,Theft,Suburb A,28.617551192708962,77.20107679596309,wallet incident reported. Witness present,Male,1
2022-09-27 13:04:00,13,1,Assault,Industrial Area,28.599968829073028,77.19073548648669,injury incident reported. Witness present,Unknown,0
2023-06-18 05:41:00,5,6,Fraud,Suburb A,28.660039560093768,77.20480746833027,fake incident reported. Witness present,Unknown,0
2023-12-10 16:02:00,16,6,Homicide,Northside,28.58180721066112,77.2338951626501,dead incident reported. No leads yet,Unknown,0
2022-03-29 12:03:00,12,1,Robbery,Eastside,28.624084515085176,77.19622555948301,threat incident reported. Evidence collected,Unknown,0
2023-06-01 11:18:00,11,3,Homicide,Northside,28.598348015188567,77.22022454660264,murder incident reported. No leads yet,Unknown,0
2023-10-31 13:03:00,13,1,Burglary,Downtown,28.609784694541844,77.17690036969259,entered incident reported. Evidence collected,Unknown,0
2022-08-16 15:58:00,15,1,Theft,Southside,28.64368733274341,77.20176682562973,stole incident reported. Witness present,Unknown,0
2023-03-02 15:46:00,15,3,Fraud,Industrial Area,28.63882619560804,77.23030724929943,forgery incident reported. Witness present,Female,0
2023-03-03 10:48:00,10,4,Kidnapping,Suburb B,28.597216507591956,77.22621983107273,ransom incident reported. CCTV available,Female,1
2023-09-25 01:13:00,1,0,Homicide,Northside,28.60304262416894,77.17788832355328,stabbed incident reported. Witness present,Unknown,0
2023-01-02 23:46:00,23,0,Assault,Northside,28.606823363899633,77.21562729169628,beaten incident reported. Witness present,Male,0
2023-08-11 10:23:00,10,4,Robbery,Eastside,28.606187722533395,77.20388252765125,threat incident reported. Witness present,Male,0
2023-12-09 07:12:00,7,5,Assault,Eastside,28.632959434082146,77.2107748996715,punched incident reported. CCTV available,Female,1
2023-11-02 16:20:00,16,3,Cyber Crime,Downtown,28.599845028145253,77.22070050539446,identity theft incident reported. CCTV available,Female,1
2022-01-18 13:08:00,13,1,Fraud,Downtown,28.61719459278257,77.16697325330897,scam incident reported. CCTV available,Female,0
2023-10-10 03:47:00,3,1,Homicide,Westside,28.621039215229526,77.21553047846194,murder incident reported. Evidence collected,Unknown,0
2023-03-07 09:35:00,9,1,Robbery,Westside,28.61423535215968,77.22386167635116,mugged incident reported. No leads yet,Unknown,0
2022-09-13 01:11:00,1,1,Homicide,Downtown,28.602693440261227,77.21460832981369,shot incident reported. Witness present,Female,0
2022-12-20 05:42:00,5,1,Theft,Southside,28.587784010480544,77.21578483972331,missing incident reported. Witness present,Male,0
2023-04-10 14:49:00,14,0,Assault,Southside,28.646450994925665,77.1924190607922,beaten incident reported. CCTV available,Female,1
2023-06-28 17:38:00,17,2,Assault,Westside,28.60123663113354,77.19716640928515,punched incident reported. No leads yet,Unknown,0
2023-11-26 23:21:00,23,6,Assault,Westside,28.616066637096694,77.19128272878578,injury incident reported. CCTV available,Female,1
2022-11-02 13:16:00,13,2,Cyber Crime,Southside,28.62092078964485,77.22311399909115,hacked incident reported. Evidence collected,Male,0
2022-09-22 02:23:00,2,3,Burglary,Westside,28.622805786890897,77.1795264095727,door incident reported. No leads yet,Male,0
2023-05-23 17:23:00,17,1,Cyber Crime,Westside,28.630486127752643,77.22462279023756,hacked incident reported. No leads yet,Female,0
2023-05-15 19:43:00,19,0,Cyber Crime,Downtown,28.62773602287244,77.2152140374776,ransomware incident reported. No leads yet,Male,0
2023-04-08 01:47:00,1,5,Robbery,Suburb B,28.61756982190342,77.22620648996877,demanded incident reported. Evidence collected,Female,1
2022-05-12 16:44:00,16,3,Theft,Downtown,28.645958558126726,77.19311599227726,stole incident reported. No leads yet,Unknown,0
2023-05-11 22:02:00,22,3,Kidnapping,Eastside,28.63186875659658,77.20756304836655,held captive incident reported. Evidence collected,Female,1
2023-11-21 07:06:00,7,1,Fraud,Northside,28.61173878246619,77.18339115516031,scam incident reported. No leads yet,Male,0
2023-08-25 19:08:00,19,4,Assault,Suburb B,28.609153509841413,77.1923789173672,attack incident reported. Witness present,Female,1
2023-05-15 11:18:00,11,0,Burglary,Eastside,28.60616909284157,77.1906968936037,window incident reported. No leads yet,Male,0
2023-12-05 16:21:00,16,1,Assault,Suburb A,28.606418193544783,77.20223149404961,injury incident reported. Evidence collected,Unknown,1
2022-12-22 11:47:00,11,3,Kidnapping,Northside,28.61551258197398,77.18208750229515,held captive incident reported. No leads yet,Unknown,0
2022-03-24 13:26:00,13,3,Homicide,Downtown,28.589808030870913,77.21503190451217,murder incident reported. No leads yet,Unknown,0
2022-09-14 13:40:00,13,2,Theft,Suburb A,28.6006093647155,77.22690882983717,missing incident reported. Evidence collected,Unknown,0
2023-12-14 13:07:00,13,3,Assault,Eastside,28.617654495366917,77.21911270250344,injury incident reported. Witness present,Male,0
2022-07-11 04:16:00,4,0,Cyber Crime,Northside,28.637411538673682,77.20383815313656,identity theft incident reported. No leads yet,Unknown,0
2022-03-10 18:08:00,18,3,Assault,Southside,28.604325221576396,77.22352837642666,beaten incident reported. No leads yet,Unknown,0
2022-11-16 17:53:00,17,2,Fraud,Industrial Area,28.622391892732164,77.20587782816965,forgery incident reported. No leads yet,Unknown,0
2022-07-22 02:36:00,2,4,Fraud,Eastside,28.637090966115935,77.205462594836,forgery incident reported. Evidence collected,Male,0
2022-09-24 22:13:00,22,5,Fraud,Southside,28.614446227292596,77.20935371084724,scam incident reported. No leads yet,Male,0
2022-09-14 04:15:00,4,2,Theft,Northside,28.598323435085028,77.21029308982477,pickpocket incident reported. Evidence collected,Male,0
2022-04-24 15:24:00,15,6,Robbery,Northside,28.637179336289975,77.21641613858961,mugged incident reported. No leads yet,Unknown,1
2022-09-07 14:43:00,14,2,Theft,Suburb A,28.614417723773318,77.20630387864725,pickpocket incident reported. Evidence collected,Unknown,0
2023-03-07 04:11:00,4,1,Robbery,Downtown,28.61941445047344,77.22149611047482,forcibly incident reported. No leads yet,Female,1
2022-07-31 20:47:00,20,6,Cyber Crime,Industrial Area,28.62405398051483,77.20346891896963,ransomware incident reported. Witness present,Female,0
2023-09-15 16:19:00,16,4,Assault,Downtown,28.619313026568502,77.21699899568581,punched incident reported. Witness present,Female,1
2022-06-13 15:13:00,15,0,Theft,Eastside,28.597113416874553,77.21180384235306,purse incident reported. Witness present,Male,0
2023-12-28 14:19:00,14,3,Fraud,Eastside,28.57787826856163,77.21704222849702,fake incident reported. Witness present,Unknown,0
2022-12-16 13:05:00,13,4,Assault,Southside,28.624905717576045,77.22145910209645,beaten incident reported. Evidence collected,Male,0
2023-12-05 13:54:00,13,1,Cyber Crime,Suburb B,28.607315885797174,77.21415078058374,ransomware incident reported. Witness present,Male,0
2023-10-28 21:55:00,21,5,Assault,Northside,28.637632564092353,77.23256282747153,kicked incident reported. Evidence collected,Male,0
2023-04-23 15:50:00,15,6,Theft,Eastside,28.613413788346225,77.2113219938455,pickpocket incident reported. No leads yet,Unknown,0
2022-08-23 12:41:00,12,1,Homicide,Industrial Area,28.632415185745575,77.18398663307897,murder incident reported. Witness present,Male,0
2023-03-01 10:37:00,10,2,Homicide,Suburb A,28.608515404288717,77.23125950759228,shot incident reported. Evidence collected,Male,0
2022-06-27 21:42:00,21,0,Homicide,Downtown,28.630153342361414,77.21515439629417,murder incident reported. CCTV available,Male,0
2023-10-11 22:12:00,22,2,Assault,Eastside,28.58880279324449,77.20816816278266,attack incident reported. Witness present,Male,0
2023-12-07 14:44:00,14,3,Cyber Crime,Suburb B,28.60406807672917,77.21451731504696,ransomware incident reported. Evidence collected,Female,0
2022-09-13 01:23:00,1,1,Fraud,Industrial Area,28.600410888586755,77.19190461008375,scam incident reported. Witness present,Unknown,1
2023-12-19 12:21:00,12,1,Burglary,Westside,28.579485578705274,77.22936341141629,door incident reported. Evidence collected,Unknown,0
2023-05-28 11:10:00,11,6,Robbery,Southside,28.607237158142617,77.21161909639504,gun incident reported. CCTV available,Male,0
2022-05-04 08:37:00,8,2,Kidnapping,Industrial Area,28.613862698058764,77.19120943445066,abducted incident reported. Witness present,Female,1
2023-02-14 23:05:00,23,1,Fraud,Suburb A,28.592915584809198,77.19224474790005,cheated incident reported. Witness present,Female,0
2023-06-05 05:08:00,5,0,Fraud,Northside,28.60184719268618,77.2151101041169,cheated incident reported. Evidence collected,Unknown,0
2022-05-15 18:19:00,18,6,Homicide,Westside,28.600638038941323,77.23810817719324,stabbed incident reported. CCTV available,Male,0
2023-04-15 15:53:00,15,5,Fraud,Suburb B,28.631019183931553,77.2224726591611,fake incident reported. No leads yet,Male,0
2022-12-18 20:21:00,20,6,Theft,Downtown,28.61190568495878,77.23423801226201,stole incident reported. CCTV available,Unknown,0
2023-09-01 11:46:00,11,4,Fraud,Industrial Area,28.61026657281465,77.20847897643077,fake incident reported. CCTV available,Unknown,0
2023-08-29 06:24:00,6,1,Theft,Northside,28.61673290899582,77.22069705067572,stole incident reported. Witness present,Unknown,0
2023-10-15 14:01:00,14,6,Fraud,Suburb B,28.62451513465005,77.20108124535926,cheated incident reported. Witness present,Male,0
2023-02-24 01:45:00,1,4,Kidnapping,Downtown,28.605016771342903,77.21966504928587,missing child incident reported. Evidence collected,Female,1
2022-08-17 20:45:00,20,2,Robbery,Northside,28.625820609731523,77.20244414791962,mugged incident reported. No leads yet,Male,0
2023-02-10 15:27:00,15,4,Robbery,Industrial Area,28.58744686550536,77.2055447317332,threat incident reported. No leads yet,Male,0
2022-08-17 09:49:00,9,2,Homicide,Eastside,28.6242920966471,77.23909028077367,shot incident reported. Evidence collected,Female,0
2023-04-17 20:06:00,20,0,Theft,Suburb A,28.59393403396099,77.2018904791195,missing incident reported. No leads yet,Female,0
2022-10-21 06:37:00,6,4,Fraud,Industrial Area,28.607409940641244,77.2315967556572,cheated incident reported. No leads yet,Female,1
2023-04-07 06:38:00,6,4,Robbery,Northside,28.613317641659023,77.19387789067713,mugged incident reported. Evidence collected,Female,1
2023-08-28 23:21:00,23,0,Homicide,Suburb B,28.623211588048697,77.20225602466599,shot incident reported. Witness present,Unknown,0
2023-11-08 01:48:00,1,2,Cyber Crime,Suburb B,28.593493545444034,77.19412044487873,phishing incident reported. CCTV available,Unknown,0
2022-08-06 03:08:00,3,5,Burglary,Suburb B,28.64280069924038,77.2154034870275,forced incident reported. No leads yet,Female,0
2023-06-05 01:43:00,1,0,Theft,Suburb A,28.61569600092421,77.20483510440313,stole incident reported. Evidence collected,Unknown,1
2022-10-28 12:07:00,12,4,Cyber Crime,Industrial Area,28.61876914736865,77.21367059910004,hacked incident reported. Evidence collected,Unknown,1
2023-08-17 21:03:00,21,3,Theft,Industrial Area,28.618769480470124,77.21091408483797,missing incident reported. CCTV available,Male,0
2023-02-06 14:58:00,14,0,Robbery,Westside,28.628379972305094,77.20938507243335,threat incident reported. No leads yet,Unknown,0
2023-08-10 07:52:00,7,3,Theft,Westside,28.597601019407456,77.19879295181832,purse incident reported. CCTV available,Male,0
2023-08-13 12:31:00,12,6,Assault,Eastside,28.580916355108506,77.24278028526737,punched incident reported. CCTV available,Male,0
2022-10-28 04:59:00,4,4,Homicide,Southside,28.628279243199213,77.19516549174784,dead incident reported. Evidence collected,Female,0
2023-08-20 20:02:00,20,6,Robbery,Suburb A,28.609202585843384,77.19838539209657,gun incident reported. CCTV available,Unknown,0
2022-06-20 21:36:00,21,0,Homicide,Northside,28.63960912018957,77.18533538059549,shot incident reported. Evidence collected,Male,0
2023-12-01 07:48:00,7,4,Burglary,Eastside,28.615807934313647,77.20719120262392,window incident reported. No leads yet,Unknown,0
2023-04-25 12:54:00,12,1,Fraud,Downtown,28.627680643845153,77.20726651287126,fake incident reported. CCTV available,Unknown,0
2022-03-14 06:49:00,6,0,Homicide,Downtown,28.58459651872241,77.20481470275597,killed incident reported. No leads yet,Unknown,0
2023-07-18 06:34:00,6,1,Kidnapping,Westside,28.597697296367613,77.21032632577595,missing child incident reported. Evidence collected,Female,1
2023-06-25 03:32:00,3,6,Robbery,Suburb B,28.637802950608673,77.1800095792628,mugged incident reported. Witness present,Male,0
2023-10-11 19:55:00,19,2,Kidnapping,Downtown,28.60056295441,77.19978845077028,held captive incident reported. Witness present,Male,0
2023-06-07 05:56:00,5,2,Theft,Industrial Area,28.607539481743114,77.22133542773508,missing incident reported. Evidence collected,Male,0
2023-07-19 10:07:00,10,2,Robbery,Eastside,28.611007593040643,77.21593004542868,forcibly incident reported. No leads yet,Male,1
2022-02-27 10:28:00,10,6,Kidnapping,Suburb B,28.60347044927114,77.21283207242364,missing child incident reported. Witness present,Female,1
2022-02-04 07:03:00,7,4,Burglary,Industrial Area,28.62686329384796,77.19679500750439,forced incident reported. Evidence collected,Female,0
2023-01-02 16:39:00,16,0,Burglary,Eastside,28.62692263533011,77.2098728794788,entered incident reported. No leads yet,Unknown,0
2022-01-14 12:28:00,12,4,Kidnapping,Industrial Area,28.631324337341372,77.2056430016654,missing child incident reported. CCTV available,Male,0
2023-09-04 15:42:00,15,0,Burglary,Suburb B,28.620254077586036,77.20832322947203,window incident reported. Evidence collected,Female,0
2022-07-13 12:18:00,12,2,Fraud,Industrial Area,28.612296462299323,77.2133155071371,scam incident reported. CCTV available,Female,0
2022-11-20 07:28:00,7,6,Cyber Crime,Southside,28.622846791153748,77.18817391813461,ransomware incident reported. CCTV available,Female,0
2023-11-26 16:34:00,16,6,Burglary,Suburb A,28.6377938934803,77.17800561599084,door incident reported. Evidence collected,Male,0
2023-12-26 03:52:00,3,1,Cyber Crime,Northside,28.602486464837686,77.20742884882058,ransomware incident reported. No leads yet,Male,0
2023-05-03 07:50:00,7,2,Robbery,Suburb A,28.620772599484766,77.23526954212903,forcibly incident reported. CCTV available,Male,0
2023-03-07 15:02:00,15,1,Cyber Crime,Downtown,28.582928475196248,77.20053843119351,hacked incident reported. Witness present,Unknown,0
2023-06-01 23:13:00,23,3,Assault,Eastside,28.578452775203345,77.2095270328985,punched incident reported. Witness present,Female,1
2023-05-12 10:32:00,10,4,Fraud,Downtown,28.618428059741667,77.23551326236952,cheated incident reported. CCTV available,Male,0
2023-01-21 06:44:00,6,5,Robbery,Eastside,28.615910579348224,77.22640041882404,threat incident reported. CCTV available,Unknown,0
2023-10-01 11:08:00,11,6,Homicide,Suburb A,28.62363061802565,77.20174586338325,dead incident reported. CCTV available,Female,1
2022-12-12 23:30:00,23,0,Burglary,Suburb B,28.5904173208868,77.2135833716382,broke incident reported. Witness present,Male,0
2022-06-20 08:43:00,8,0,Burglary,Industrial Area,28.58903163304758,77.2305867845445,door incident reported. No leads yet,Male,0
2022-06-14 22:59:00,22,1,Fraud,Industrial Area,28.611198964966054,77.22891962352519,forgery incident reported. Witness present,Unknown,0
2022-08-09 20:30:00,20,1,Theft,Eastside,28.605896426097793,77.21348084644002,missing incident reported. No leads yet,Unknown,0
2023-07-28 14:48:00,14,4,Burglary,Suburb B,28.617389147622244,77.20824926469982,entered incident reported. Evidence collected,Unknown,1
2023-09-18 04:11:00,4,0,Homicide,Northside,28.60668900811006,77.21554093364118,murder incident reported. Witness present,Unknown,0
2023-06-07 22:00:00,22,2,Fraud,Southside,28.598463945608614,77.18884274451736,cheated incident reported. Evidence collected,Female,0
2023-05-29 11:17:00,11,0,Cyber Crime,Suburb A,28.634613781555448,77.22111946648154,phishing incident reported. CCTV available,Female,1
2023-07-06 16:56:00,16,3,Robbery,Northside,28.614998193476705,77.23675237304239,gun incident reported. Witness present,Female,1
2022-12-22 12:14:00,12,3,Theft,Eastside,28.609437241354588,77.23104505366649,pickpocket incident reported. No leads yet,Male,0
2022-07-15 10:42:00,10,4,Homicide,Downtown,28.616826234748764,77.19192082083207,killed incident reported. No leads yet,Female,0
2023-01-04 14:06:00,14,2,Fraud,Suburb B,28.64470066986285,77.22551184744374,fake incident reported. Witness present,Unknown,0
2023-01-11 01:33:00,1,2,Fraud,Southside,28.611882982816507,77.22111952099223,cheated incident reported. No leads yet,Unknown,0
2022-10-27 20:13:00,20,3,Homicide,Industrial Area,28.60717160943337,77.22281915058433,killed incident reported. Witness present,Female,1
2022-08-04 00:36:00,0,3,Burglary,Suburb A,28.5740486905786,77.1920033111051,door incident reported. CCTV available,Unknown,0
2023-02-09 14:59:00,14,3,Robbery,Suburb B,28.630220995738117,77.20483907436302,threat incident reported. Witness present,Male,1
2022-01-17 17:18:00,17,0,Fraud,Downtown,28.617359038248146,77.18655357229808,forgery incident reported. Witness present,Male,0
2023-06-11 00:15:00,0,6,Robbery,Suburb B,28.6446977832617,77.22884216072863,mugged incident reported. CCTV available,Female,1
2023-11-15 15:18:00,15,2,Assault,Northside,28.610555246360413,77.20225506905228,kicked incident reported. CCTV available,Female,1
2023-10-30 22:14:00,22,0,Theft,Eastside,28.631060072690328,77.24204117416949,stole incident reported. No leads yet,Male,1
2023-02-26 07:49:00,7,6,Fraud,Suburb B,28.629796004263525,77.24519671112328,fake incident reported. CCTV available,Male,0
2023-01-07 10:19:00,10,5,Assault,Westside,28.598527477848968,77.19534355282502,attack incident reported. No leads yet,Male,0
2023-09-23 12:09:00,12,5,Burglary,Suburb A,28.594084314699113,77.21636267749416,broke incident reported. Evidence collected,Male,0
2023-06-08 09:33:00,9,3,Fraud,Northside,28.616826725830073,77.20646748127547,forgery incident reported. Evidence collected,Male,0
2023-11-07 01:11:00,1,1,Fraud,Downtown,28.627387643802056,77.22953881008691,scam incident reported. Evidence collected,Female,0
2023-03-29 08:39:00,8,2,Cyber Crime,Eastside,28.588472293178555,77.19905046620165,hacked incident reported. No leads yet,Unknown,0
2022-05-18 09:17:00,9,2,Assault,Downtown,28.62756905990205,77.20120435526903,injury incident reported. CCTV available,Female,1
2022-11-24 15:55:00,15,3,Robbery,Southside,28.60059656539403,77.22597562379417,gun incident reported. Witness present,Male,0
2023-12-01 08:09:00,8,4,Robbery,Eastside,28.592408332171267,77.20397366987015,demanded incident reported. Evidence collected,Female,1
2023-04-17 02:51:00,2,0,Assault,Downtown,28.619377400430082,77.19943633476817,kicked incident reported. CCTV available,Unknown,0
2022-01-25 05:15:00,5,1,Theft,Suburb A,28.626952594266886,77.19951871708005,stole incident reported. No leads yet,Unknown,0
2023-03-21 14:06:00,14,1,Homicide,Suburb A,28.63737699155743,77.20690422837508,murder incident reported. Evidence collected,Male,0
2023-05-27 02:16:00,2,5,Kidnapping,Suburb A,28.625087835611758,77.22143373254971,abducted incident reported. Witness present,Female,1
2023-07-31 17:44:00,17,0,Burglary,Westside,28.603440999954266,77.17477522418908,broke incident reported. Witness present,Unknown,0
2023-06-04 21:57:00,21,6,Assault,Suburb A,28.619912595911064,77.21020480578542,beaten incident reported. CCTV available,Unknown,0
2022-05-23 03:54:00,3,0,Kidnapping,Suburb B,28.623163767126254,77.20522454212696,missing child incident reported. No leads yet,Unknown,1
2023-09-14 13:10:00,13,3,Cyber Crime,Downtown,28.60672620501999,77.24247455018303,identity theft incident reported. Witness present,Female,0
2023-12-31 04:17:00,4,6,Assault,Eastside,28.589360765641487,77.22123250797274,punched incident reported. Witness present,Unknown,0
2023-12-06 05:23:00,5,2,Theft,Southside,28.60432330236361,77.20340368970433,pickpocket incident reported. Witness present,Female,0
2022-09-03 17:14:00,17,5,Homicide,Westside,28.608614952790436,77.19560942876382,murder incident reported. No leads yet,Male,0
2023-10-20 12:22:00,12,4,Homicide,Eastside,28.62342040350394,77.23217739326583,stabbed incident reported. Witness present,Unknown,0
2023-07-30 11:47:00,11,6,Theft,Eastside,28.62173356102078,77.2107230332702,purse incident reported. No leads yet,Male,0
2023-10-18 08:52:00,8,2,Assault,Westside,28.597459325015013,77.21761375443042,kicked incident reported. Witness present,Unknown,0
2023-08-28 20:02:00,20,0,Cyber Crime,Downtown,28.649839160528824,77.20265508960343,ransomware incident reported. No leads yet,Female,0
2023-11-08 03:21:00,3,2,Theft,Suburb A,28.607633607010804,77.19964851448366,wallet incident reported. No leads yet,Male,0
2023-05-15 05:06:00,5,0,Theft,Downtown,28.60574309609176,77.1632450074388,missing incident reported. No leads yet,Female,0
2023-08-10 22:14:00,22,3,Assault,Northside,28.620650589764264,77.19490746372743,attack incident reported. Evidence collected,Female,1
2022-01-31 06:45:00,6,0,Homicide,Suburb A,28.58706228135347,77.22155316582888,killed incident reported. CCTV available,Female,0
2023-06-27 12:21:00,12,1,Kidnapping,Eastside,28.5958663702493,77.2033555157686,ransom incident reported. No leads yet,Female,1
2023-02-19 12:00:00,12,6,Kidnapping,Southside,28.63834070651981,77.18551307003293,abducted incident reported. CCTV available,Male,0
2023-04-27 08:06:00,8,3,Burglary,Downtown,28.588356696090038,77.21348843649271,broke incident reported. Witness present,Unknown,0
2023-03-23 16:38:00,16,3,Robbery,Southside,28.63305812273351,77.18276097137114,threat incident reported. CCTV available,Female,1
2022-01-05 09:13:00,9,2,Robbery,Suburb A,28.620694828947286,77.21868332566603,threat incident reported. No leads yet,Male,0
2023-09-15 22:21:00,22,4,Kidnapping,Industrial Area,28.579580658605128,77.2223083556318,held captive incident reported. No leads yet,Female,1
2023-07-29 09:35:00,9,5,Theft,Eastside,28.62851009799737,77.20380357377907,pickpocket incident reported. Witness present,Unknown,0
2023-02-14 15:33:00,15,1,Assault,Industrial Area,28.634772439371634,77.22794092623874,beaten incident reported. Evidence collected,Female,1
2022-09-12 10:15:00,10,0,Kidnapping,Suburb B,28.615618632095288,77.20147591016125,missing child incident reported. Witness present,Female,1
2022-01-12 06:39:00,6,2,Cyber Crime,Eastside,28.597686201790285,77.20837394151057,identity theft incident reported. Evidence collected,Unknown,0
2023-06-19 20:34:00,20,0,Cyber Crime,Eastside,28.62339598199507,77.203597052316,identity theft incident reported. Witness present,Male,0
2022-10-25 22:55:00,22,1,Theft,Northside,28.577274983245633,77.23014523157627,purse incident reported. No leads yet,Male,0
2022-11-08 14:21:00,14,1,Homicide,Industrial Area,28.61707038703075,77.2026729250554,shot incident reported. No leads yet,Male,0
2022-02-07 08:48:00,8,0,Theft,Suburb B,28.62818597314039,77.23441064327471,purse incident reported. CCTV available,Female,0
2023-01-09 12:55:00,12,0,Cyber Crime,Industrial Area,28.56720147384187,77.21623772749871,identity theft incident reported. Evidence collected,Female,0
2022-02-02 21:12:00,21,2,Homicide,Downtown,28.59012251315316,77.21731850844665,shot incident reported. Evidence collected,Female,0
2022-02-22 16:55:00,16,1,Theft,Westside,28.616032120039577,77.21959544210735,pickpocket incident reported. CCTV available,Male,0
2023-03-16 19:40:00,19,3,Homicide,Eastside,28.60557920642509,77.17777933146968,murder incident reported. Evidence collected,Male,0
2023-12-03 16:42:00,16,6,Kidnapping,Industrial Area,28.606393863479056,77.215780793919,held captive incident reported. Evidence collected,Male,0
2023-02-01 10:32:00,10,2,Kidnapping,Southside,28.63082320547792,77.18946947832546,ransom incident reported. Evidence collected,Male,0
2022-05-02 01:16:00,1,0,Cyber Crime,Industrial Area,28.63101767378122,77.1982021285059,identity theft incident reported. No leads yet,Unknown,0
2022-04-24 04:24:00,4,6,Cyber Crime,Industrial Area,28.61994083135991,77.20050176745224,hacked incident reported. Witness present,Unknown,0
2023-08-24 03:10:00,3,3,Kidnapping,Suburb A,28.616936177128537,77.22386462724285,abducted incident reported. No leads yet,Unknown,0
2022-01-27 20:33:00,20,3,Homicide,Northside,28.593449765378526,77.19766823505422,killed incident reported. CCTV available,Unknown,0
2023-01-12 06:29:00,6,3,Robbery,Downtown,28.616982709789035,77.24902639435051,threat incident reported. No leads yet,Unknown,0
2023-03-03 06:07:00,6,4,Cyber Crime,Suburb A,28.59951350479722,77.24300223143328,identity theft incident reported. Evidence collected,Unknown,0
2023-05-20 03:27:00,3,5,Homicide,Westside,28.647307055061255,77.20737814748831,dead incident reported. CCTV available,Unknown,0
2022-11-09 00:00:00,0,2,Theft,Westside,28.60893079123,77.19746558002225,missing incident reported. No leads yet,Male,0
2022-02-16 04:15:00,4,2,Assault,Downtown,28.612763291161123,77.18555467612401,punched incident reported. No leads yet,Unknown,0
2023-09-14 15:10:00,15,3,Fraud,Southside,28.612629349711323,77.23394800456418,cheated incident reported. CCTV available,Male,0
2022-06-07 14:59:00,14,1,Robbery,Westside,28.60371524895872,77.20498792826685,forcibly incident reported. Witness present,Female,1
2023-01-19 03:51:00,3,3,Kidnapping,Eastside,28.585547658762213,77.21523436813553,ransom incident reported. CCTV available,Female,1
2023-04-02 23:23:00,23,6,Kidnapping,Eastside,28.618308028082524,77.2100617059961,abducted incident reported. Evidence collected,Unknown,0
2023-12-19 10:12:00,10,1,Burglary,Suburb A,28.610286215829632,77.2041207013538,broke incident reported. No leads yet,Unknown,0
2023-12-11 15:29:00,15,0,Assault,Suburb A,28.622265003895013,77.20851972330686,punched incident reported. Evidence collected,Male,0
2023-05-02 09:59:00,9,1,Robbery,Downtown,28.61914953119259,77.21258304695758,threat incident reported. CCTV available,Female,1
2023-01-22 01:02:00,1,6,Homicide,Northside,28.632623788118263,77.22028323495626,shot incident reported. No leads yet,Male,0
2023-05-22 14:22:00,14,0,Burglary,Industrial Area,28.617114364052505,77.2343070338442,entered incident reported. No leads yet,Male,0
2023-08-13 22:47:00,22,6,Kidnapping,Northside,28.620904475484277,77.23074937814651,ransom incident reported. Evidence collected,Female,1
2023-02-25 09:11:00,9,5,Kidnapping,Southside,28.62401571013978,77.17830134868447,abducted incident reported. CCTV available,Unknown,0
2022-08-04 16:35:00,16,3,Assault,Industrial Area,28.635647246055324,77.21125293735571,injury incident reported. Witness present,Unknown,0
2022-06-21 14:02:00,14,1,Burglary,Suburb A,28.613034087151654,77.21368913912482,broke incident reported. No leads yet,Female,0
2023-10-18 07:36:00,7,2,Assault,Suburb A,28.60815028063405,77.21278381433982,injury incident reported. CCTV available,Unknown,0
2023-05-10 04:21:00,4,2,Fraud,Downtown,28.604035398894283,77.23023787097891,forgery incident reported. Witness present,Female,0
2023-11-01 01:43:00,1,2,Robbery,Suburb B,28.612006864772983,77.2026236026213,gun incident reported. CCTV available,Unknown,1
2023-12-29 22:22:00,22,4,Theft,Southside,28.598484569738012,77.21347959648581,wallet incident reported. CCTV available,Female,0
2022-01-31 22:39:00,22,0,Kidnapping,Eastside,28.617018451668752,77.21547374356129,missing child incident reported. Evidence collected,Male,0
2023-12-31 13:24:00,13,6,Kidnapping,Suburb B,28.596779135208248,77.18231364668648,ransom incident reported. Evidence collected,Female,1
2022-11-29 07:47:00,7,1,Burglary,Westside,28.624326521708443,77.23374403103128,broke incident reported. No leads yet,Male,0
2023-08-02 08:14:00,8,2,Cyber Crime,Eastside,28.5967941062935,77.23549068805937,identity theft incident reported. Evidence collected,Unknown,0
2023-04-23 17:42:00,17,6,Theft,Suburb A,28.61863185097894,77.20888228492416,wallet incident reported. Evidence collected,Unknown,0
2022-12-07 14:14:00,14,2,Burglary,Northside,28.607274188390903,77.18592469967625,window incident reported. No leads yet,Male,0
2022-10-31 11:21:00,11,0,Cyber Crime,Southside,28.63036214193208,77.19607322730937,hacked incident reported. Evidence collected,Female,0
2023-03-28 00:47:00,0,1,Cyber Crime,Suburb A,28.60090322207104,77.22553210516479,phishing incident reported. CCTV available,Female,1
2022-02-06 17:25:00,17,6,Kidnapping,Westside,28.582516942555472,77.18360670315553,missing child incident reported. CCTV available,Female,1
2023-11-21 18:37:00,18,1,Fraud,Southside,28.6135977626082,77.21388807381675,fake incident reported. No leads yet,Female,0
2022-09-10 10:27:00,10,5,Theft,Downtown,28.621978910799484,77.20397002511007,missing incident reported. CCTV available,Female,0
2022-03-06 11:05:00,11,6,Kidnapping,Industrial Area,28.656072827810696,77.20520179068724,abducted incident reported. Witness present,Unknown,0
2023-05-02 16:16:00,16,1,Cyber Crime,Eastside,28.610053564131622,77.1957168888531,phishing incident reported. No leads yet,Male,0
2022-07-22 08:48:00,8,4,Homicide,Suburb A,28.615965113608684,77.21924935386745,dead incident reported. No leads yet,Unknown,0
2023-03-10 22:10:00,22,4,Assault,Eastside,28.633959634242224,77.18417859559267,punched incident reported. No leads yet,Female,1
2022-10-11 21:24:00,21,1,Assault,Suburb A,28.60980007769407,77.21644506018015,injury incident reported. CCTV available,Male,0
2022-09-12 04:51:00,4,0,Burglary,Southside,28.623684292243244,77.20910914429675,window incident reported. Evidence collected,Unknown,0
2023-11-24 16:06:00,16,4,Theft,Northside,28.6229403994922,77.19551726845124,stole incident reported. Witness present,Female,0
2023-08-20 23:28:00,23,6,Assault,Westside,28.639865090538642,77.22554380171633,beaten incident reported. CCTV available,Male,0
2022-09-10 14:49:00,14,5,Homicide,Northside,28.59148453688225,77.19108161586472,killed incident reported. Evidence collected,Male,0
2023-05-15 19:15:00,19,0,Theft,Downtown,28.596451304164887,77.22029949951495,missing incident reported. Evidence collected,Unknown,0
2022-12-04 20:58:00,20,6,Theft,Northside,28.59248787055971,77.2034829277632,wallet incident reported. CCTV available,Female,1
2023-12-31 00:21:00,0,6,Theft,Northside,28.621478406606947,77.20789723442422,stole incident reported. CCTV available,Unknown,0
2023-01-21 22:14:00,22,5,Cyber Crime,Suburb B,28.618214791928548,77.19123662147753,phishing incident reported. Evidence collected,Unknown,0
2022-08-30 02:06:00,2,1,Fraud,Suburb B,28.623814239556623,77.19877980179207,scam incident reported. Witness present,Unknown,0
2023-10-14 02:10:00,2,5,Homicide,Suburb B,28.60848967209337,77.21296219546511,stabbed incident reported. Witness present,Female,0
2023-06-02 03:09:00,3,4,Cyber Crime,Eastside,28.615617970358848,77.2093996669836,hacked incident reported. No leads yet,Female,0
2022-10-01 19:32:00,19,5,Homicide,Suburb A,28.601389552967056,77.20400750981335,murder incident reported. No leads yet,Unknown,1
2022-01-05 18:09:00,18,2,Theft,Eastside,28.61393639318062,77.18608191278055,missing incident reported. No leads yet,Male,1
2023-01-14 13:43:00,13,5,Cyber Crime,Industrial Area,28.60619111722811,77.21546133131721,hacked incident reported. No leads yet,Unknown,0
2023-02-05 11:31:00,11,6,Assault,Eastside,28.592609389935912,77.22827636085991,beaten incident reported. CCTV available,Male,0
2022-02-28 09:15:00,9,0,Fraud,Westside,28.635060221043332,77.18824749040067,cheated incident reported. CCTV available,Unknown,0
2022-02-10 16:24:00,16,3,Burglary,Suburb A,28.63652699388417,77.20660697352147,entered incident reported. Witness present,Male,0
2022-08-20 00:30:00,0,5,Burglary,Westside,28.62087524265262,77.20072248246453,door incident reported. No leads yet,Unknown,0
2023-01-30 08:06:00,8,0,Burglary,Suburb B,28.62928408045378,77.21576823364748,door incident reported. CCTV available,Male,0
2023-01-07 15:16:00,15,5,Cyber Crime,Suburb B,28.60033077905671,77.18957996666725,hacked incident reported. CCTV available,Male,0
2023-06-01 06:36:00,6,3,Robbery,Westside,28.589561626079846,77.21213236294055,demanded incident reported. CCTV available,Male,0
2023-10-11 08:53:00,8,2,Burglary,Industrial Area,28.62344119019633,77.21984942797965,door incident reported. Evidence collected,Unknown,0
2023-08-27 05:00:00,5,6,Fraud,Suburb B,28.61193364842321,77.18971672573893,fake incident reported. Witness present,Female,0
2023-01-15 21:58:00,21,6,Fraud,Southside,28.602532086699604,77.22820581064937,fake incident reported. Witness present,Female,0
2022-09-03 13:34:00,13,5,Robbery,Northside,28.605822857256666,77.2113902938447,threat incident reported. CCTV available,Male,0
2022-05-06 17:13:00,17,4,Cyber Crime,Suburb A,28.59597249194042,77.21460971742432,hacked incident reported. Witness present,Unknown,0
2022-05-18 16:01:00,16,2,Assault,Industrial Area,28.606271923972017,77.22644521189626,punched incident reported. No leads yet,Female,1
2022-05-14 18:18:00,18,5,Cyber Crime,Downtown,28.62679262843678,77.20073823422375,ransomware incident reported. CCTV available,Male,0
2023-04-11 07:49:00,7,1,Cyber Crime,Eastside,28.61178893287754,77.19981472933266,ransomware incident reported. Witness present,Female,1
2023-09-29 02:01:00,2,4,Robbery,Southside,28.590242780057583,77.19470929284088,gun incident reported. No leads yet,Male,0
2023-11-10 23:27:00,23,4,Kidnapping,Downtown,28.61720362212868,77.21442099163717,held captive incident reported. CCTV available,Female,1
2023-04-27 15:41:00,15,3,Burglary,Downtown,28.61637579839321,77.20397111576736,broke incident reported. Evidence collected,Unknown,0
2022-10-30 00:35:00,0,6,Robbery,Westside,28.62945111009535,77.21005903174269,mugged incident reported. Witness present,Male,0
2023-02-08 00:50:00,0,2,Assault,Industrial Area,28.625620897134933,77.17943708112996,beaten incident reported. CCTV available,Female,1
2023-10-22 07:12:00,7,6,Homicide,Southside,28.54852666247303,77.21372980046397,killed incident reported. Witness present,Male,0
2023-09-23 04:08:00,4,5,Homicide,Southside,28.59015390577131,77.20545913828812,shot incident reported. No leads yet,Female,0
2023-04-07 05:29:00,5,4,Kidnapping,Westside,28.608865049316258,77.23545667670693,ransom incident reported. Evidence collected,Female,1
2022-06-18 03:42:00,3,5,Cyber Crime,Southside,28.62056660921573,77.21176431711332,ransomware incident reported. CCTV available,Male,1
2023-03-19 01:14:00,1,6,Fraud,Eastside,28.627849852577228,77.21514162644732,forgery incident reported. No leads yet,Unknown,0
2023-07-10 16:55:00,16,0,Homicide,Southside,28.60627205011686,77.22685793217092,stabbed incident reported. No leads yet,Male,0
2022-12-06 22:40:00,22,1,Robbery,Suburb A,28.595404164535196,77.21438745312557,mugged incident reported. CCTV available,Unknown,0
2023-04-03 15:03:00,15,0,Fraud,Eastside,28.58810717009773,77.21239906429193,cheated incident reported. Witness present,Unknown,0
2022-05-14 20:40:00,20,5,Theft,Southside,28.61711649402955,77.23694091603191,stole incident reported. No leads yet,Female,0
2023-12-31 21:45:00,21,6,Kidnapping,Westside,28.587817101775972,77.19898521373577,held captive incident reported. No leads yet,Female,1
2023-06-22 21:50:00,21,3,Assault,Suburb B,28.627611373776237,77.21458862093996,punched incident reported. Witness present,Male,0
2023-08-11 10:39:00,10,4,Homicide,Suburb A,28.61690508418896,77.19306440495069,dead incident reported. Evidence collected,Unknown,0
2023-12-31 17:21:00,17,6,Kidnapping,Southside,28.604053027531812,77.22975068347039,ransom incident reported. Evidence collected,Male,0
2022-03-31 19:17:00,19,3,Kidnapping,Eastside,28.613041513437434,77.21525599493575,held captive incident reported. Witness present,Female,1
2023-02-15 21:12:00,21,2,Fraud,Suburb A,28.61198019452039,77.18928190807917,forgery incident reported. No leads yet,Female,0
2023-08-07 02:45:00,2,0,Kidnapping,Southside,28.62946350710125,77.21738720640887,abducted incident reported. Evidence collected,Male,1
2022-01-31 03:47:00,3,0,Homicide,Southside,28.65232728062279,77.1920736436725,shot incident reported. Evidence collected,Unknown,0
2023-02-09 05:20:00,5,3,Assault,Suburb A,28.627609548686674,77.18714093389939,attack incident reported. Evidence collected,Female,1
2022-09-17 18:49:00,18,5,Theft,Suburb B,28.61652244279455,77.22527510981772,stole incident reported. Evidence collected,Female,1
2022-01-02 22:16:00,22,6,Cyber Crime,Industrial Area,28.579364414731725,77.20558445876264,phishing incident reported. No leads yet,Male,0
2023-11-21 20:18:00,20,1,Fraud,Suburb B,28.604513171099292,77.19730071169508,fake incident reported. CCTV available,Female,0
2023-06-13 06:54:00,6,1,Theft,Suburb A,28.62032021087099,77.22767809510705,purse incident reported. No leads yet,Male,0
2022-06-09 23:21:00,23,3,Assault,Southside,28.611678688079515,77.21242477379268,attack incident reported. Witness present,Unknown,0
2022-08-29 10:14:00,10,0,Fraud,Industrial Area,28.615805145884323,77.20903005843928,forgery incident reported. No leads yet,Female,0
2023-03-31 06:16:00,6,4,Burglary,Suburb B,28.595744289371467,77.22747407669539,window incident reported. CCTV available,Female,0
2022-02-19 06:42:00,6,5,Assault,Downtown,28.618819922802647,77.21558135816672,beaten incident reported. No leads yet,Female,1
2023-09-06 02:16:00,2,2,Theft,Industrial Area,28.600458172849574,77.20134632670019,wallet incident reported. Evidence collected,Female,1
2023-02-27 02:42:00,2,0,Theft,Industrial Area,28.610964430038155,77.18343125510918,pickpocket incident reported. No leads yet,Female,0
2023-09-11 15:53:00,15,0,Homicide,Industrial Area,28.58576609458004,77.19898753448936,dead incident reported. No leads yet,Male,0
2022-05-03 05:18:00,5,1,Robbery,Suburb A,28.622608679440706,77.19811437683451,threat incident reported. Evidence collected,Female,1
2022-08-12 04:22:00,4,4,Robbery,Suburb B,28.59691991337349,77.19542190577937,threat incident reported. CCTV available,Unknown,0
2022-11-30 17:28:00,17,2,Fraud,Industrial Area,28.606310959614245,77.20310235061967,scam incident reported. No leads yet,Male,0
2023-07-28 02:47:00,2,4,Theft,Industrial Area,28.649992024203442,77.2265770104748,wallet incident reported. CCTV available,Male,0
2023-04-18 12:17:00,12,1,Fraud,Northside,28.63097956853803,77.22847633940457,scam incident reported. CCTV available,Male,0
2023-09-17 22:40:00,22,6,Robbery,Suburb B,28.5972529855111,77.18862725641688,gun incident reported. No leads yet,Unknown,0
2022-06-30 14:21:00,14,3,Fraud,Westside,28.595452161807767,77.23124176888896,scam incident reported. CCTV available,Female,0
2022-03-07 20:38:00,20,0,Cyber Crime,Suburb B,28.60478013685196,77.18814406362935,hacked incident reported. Evidence collected,Female,0
2023-10-30 12:12:00,12,0,Fraud,Southside,28.606716729996336,77.2050232411381,scam incident reported. CCTV available,Unknown,0
2023-11-27 02:24:00,2,0,Homicide,Downtown,28.618373554561575,77.21318251701187,dead incident reported. CCTV available,Female,0
2023-05-29 03:05:00,3,0,Robbery,Suburb A,28.600096990602108,77.2204276065419,forcibly incident reported. Witness present,Male,0
2023-09-11 13:23:00,13,0,Burglary,Industrial Area,28.603246774437498,77.20639539438825,door incident reported. CCTV available,Unknown,0
2023-08-18 23:34:00,23,4,Fraud,Industrial Area,28.62534623450839,77.19830297660093,scam incident reported. CCTV available,Female,0
2023-01-05 09:33:00,9,3,Theft,Industrial Area,28.604410809606982,77.21886113416156,purse incident reported. No leads yet,Male,0
2023-09-16 19:59:00,19,5,Assault,Suburb A,28.599604447056585,77.2025867996066,kicked incident reported. No leads yet,Female,1
2022-01-10 01:42:00,1,0,Burglary,Eastside,28.62316236963405,77.24323487402394,broke incident reported. Witness present,Male,0
2022-05-12 12:32:00,12,3,Robbery,Industrial Area,28.62399007507938,77.21687732938317,threat incident reported. Evidence collected,Female,1
2022-09-13 13:48:00,13,1,Homicide,Northside,28.622746693061213,77.19111349543222,dead incident reported. Witness present,Female,0
2023-09-15 02:33:00,2,4,Homicide,Southside,28.615826612311334,77.20850389186106,stabbed incident reported. Evidence collected,Unknown,0
2023-08-28 11:50:00,11,0,Fraud,Northside,28.619259742339548,77.21094180087461,cheated incident reported. CCTV available,Female,0
2023-07-26 19:10:00,19,2,Burglary,Eastside,28.62022832795695,77.20380888008502,entered incident reported. CCTV available,Unknown,0
2023-07-24 15:42:00,15,0,Theft,Suburb B,28.61487681528953,77.18853619056571,wallet incident reported. Witness present,Male,1
2023-07-15 22:11:00,22,5,Robbery,Eastside,28.608568212033287,77.23218055913628,mugged incident reported. No leads yet,Female,1
2023-06-24 19:31:00,19,5,Assault,Suburb A,28.61921347232714,77.20865131604361,attack incident reported. No leads yet,Unknown,0
2022-11-04 15:10:00,15,4,Fraud,Westside,28.64550205460424,77.18631941702832,forgery incident reported. CCTV available,Unknown,0
2023-11-24 11:20:00,11,4,Theft,Industrial Area,28.595409074075896,77.23754519018794,purse incident reported. Witness present,Unknown,0
2022-04-16 00:59:00,0,5,Assault,Suburb A,28.614666015600818,77.20495694939517,beaten incident reported. Evidence collected,Unknown,0
2023-07-07 15:20:00,15,4,Fraud,Westside,28.593913261248407,77.21646160443991,cheated incident reported. Evidence collected,Female,0
2023-10-29 00:20:00,0,6,Theft,Northside,28.62297433115879,77.19075842731942,purse incident reported. No leads yet,Male,0
2023-05-14 19:31:00,19,6,Homicide,Westside,28.61156207357416,77.20340806946612,killed incident reported. Witness present,Female,0
2023-04-03 17:51:00,17,0,Fraud,Suburb B,28.618166285773647,77.19034582929632,cheated incident reported. No leads yet,Male,0
2022-12-05 07:59:00,7,0,Robbery,Eastside,28.634765790908553,77.22426372969329,forcibly incident reported. CCTV available,Female,1
2023-08-11 13:14:00,13,4,Robbery,Industrial Area,28.60784707402112,77.2053930214727,threat incident reported. Witness present,Unknown,0
2023-12-11 13:58:00,13,0,Burglary,Northside,28.611626297495373,77.19602819078322,forced incident reported. Evidence collected,Unknown,0
2022-07-05 06:31:00,6,1,Homicide,Eastside,28.606509509696085,77.20449549387209,shot incident reported. Witness present,Unknown,0
2022-10-23 10:03:00,10,6,Cyber Crime,Southside,28.640781139511788,77.22477697180551,hacked incident reported. CCTV available,Male,0
2023-10-11 00:16:00,0,2,Kidnapping,Southside,28.62947757845561,77.21516542688342,held captive incident reported. No leads yet,Female,1
2022-06-17 19:04:00,19,4,Homicide,Suburb A,28.59527788318448,77.20830848159038,murder incident reported. No leads yet,Unknown,0
2023-01-22 00:36:00,0,6,Cyber Crime,Northside,28.630074807660225,77.18802892284388,identity theft incident reported. CCTV available,Unknown,0
2023-05-12 23:14:00,23,4,Fraud,Suburb B,28.624509220114554,77.24771015375438,forgery incident reported. CCTV available,Female,0
2023-06-21 14:51:00,14,2,Homicide,Suburb A,28.63159694409983,77.23256715225936,shot incident reported. Evidence collected,Unknown,0
2022-09-08 03:51:00,3,3,Homicide,Westside,28.617538979174036,77.22513219914609,killed incident reported. No leads yet,Female,0
2022-03-08 13:15:00,13,1,Cyber Crime,Southside,28.601935779760765,77.22226439687236,identity theft incident reported. No leads yet,Female,0
2023-05-10 08:15:00,8,2,Kidnapping,Southside,28.624806468901014,77.21383185290063,ransom incident reported. No leads yet,Male,0
2023-04-01 11:24:00,11,5,Assault,Northside,28.63583345699531,77.20002025270254,beaten incident reported. No leads yet,Unknown,0
2022-12-07 11:31:00,11,2,Robbery,Southside,28.61078237472544,77.21059103402264,mugged incident reported. Evidence collected,Unknown,0
2023-10-17 00:58:00,0,1,Theft,Suburb A,28.59673981714851,77.21278219906334,missing incident reported. CCTV available,Unknown,1
2022-04-27 14:14:00,14,2,Fraud,Suburb A,28.585251159784104,77.22644924224048,scam incident reported. CCTV available,Unknown,0
2023-08-04 02:36:00,2,4,Robbery,Westside,28.614677289442767,77.2003184516016,demanded incident reported. No leads yet,Female,1
2022-05-09 21:47:00,21,0,Kidnapping,Northside,28.599993773128414,77.20509034950635,missing child incident reported. Witness present,Male,0
2022-02-26 13:21:00,13,5,Robbery,Eastside,28.62537099517954,77.21812898297897,threat incident reported. CCTV available,Female,1
2023-09-20 15:20:00,15,2,Theft,Suburb B,28.60214103421203,77.19489933878954,stole incident reported. No leads yet,Male,0
2022-01-01 16:31:00,16,5,Kidnapping,Suburb A,28.624848311771995,77.19696087658976,missing child incident reported. No leads yet,Unknown,0
2022-07-14 14:54:00,14,3,Fraud,Eastside,28.61489849623466,77.2110625773754,forgery incident reported. No leads yet,Male,0
2022-08-13 18:41:00,18,5,Robbery,Suburb B,28.61910103552878,77.2233045071697,mugged incident reported. No leads yet,Female,1
2023-11-05 18:31:00,18,6,Cyber Crime,Suburb A,28.592850617718877,77.177147344579,hacked incident reported. CCTV available,Male,0
2022-10-12 11:42:00,11,2,Theft,Industrial Area,28.60444254531286,77.23902547346387,pickpocket incident reported. Witness present,Unknown,0
2023-09-17 23:49:00,23,6,Theft,Northside,28.647602901668122,77.2395196189261,purse incident reported. Witness present,Male,0
2023-12-29 05:44:00,5,4,Burglary,Suburb B,28.610683643870654,77.17929808196692,door incident reported. Witness present,Female,0
2022-12-20 09:24:00,9,1,Robbery,Downtown,28.574849348305804,77.19876603064084,gun incident reported. CCTV available,Female,1
2023-03-12 15:07:00,15,6,Assault,Industrial Area,28.610598772830844,77.23067709001761,beaten incident reported. No leads yet,Female,1
2022-06-18 08:51:00,8,5,Cyber Crime,Northside,28.62836342432571,77.21279008464987,identity theft incident reported. Evidence collected,Unknown,0
2023-06-03 21:32:00,21,5,Homicide,Downtown,28.59906925381765,77.19298700736259,stabbed incident reported. Witness present,Female,0
2023-12-09 17:51:00,17,5,Theft,Suburb A,28.618135461451192,77.220617516314,missing incident reported. No leads yet,Male,0
2022-05-26 13:33:00,13,3,Robbery,Suburb A,28.620431354370762,77.19175670067322,gun incident reported. CCTV available,Male,0
2022-03-26 06:54:00,6,5,Theft,Suburb B,28.62474446047987,77.21609851611836,wallet incident reported. Evidence collected,Unknown,0
2022-05-12 17:06:00,17,3,Cyber Crime,Suburb B,28.596055559896833,77.19592798382833,identity theft incident reported. Evidence collected,Unknown,0
2022-07-07 15:55:00,15,3,Cyber Crime,Eastside,28.62537493290936,77.2050915410809,phishing incident reported. Evidence collected,Female,0
2022-10-23 23:36:00,23,6,Burglary,Westside,28.640385788360607,77.21735215460107,broke incident reported. No leads yet,Male,0
2022-09-05 00:55:00,0,0,Fraud,Eastside,28.605789480196847,77.20882990666016,cheated incident reported. Witness present,Unknown,1
2022-02-04 13:35:00,13,4,Homicide,Eastside,28.614956389877296,77.19686016144597,killed incident reported. Evidence collected,Female,0
2023-03-10 14:10:00,14,4,Robbery,Suburb B,28.598690196697042,77.22068983156349,forcibly incident reported. Evidence collected,Female,1
2023-02-13 15:30:00,15,0,Cyber Crime,Suburb A,28.627987888284036,77.21906302449256,phishing incident reported. CCTV available,Unknown,0
2022-10-25 03:51:00,3,1,Theft,Suburb A,28.639155301572064,77.19997044606647,pickpocket incident reported. No leads yet,Unknown,0
2023-11-06 04:22:00,4,0,Theft,Westside,28.64180451276785,77.1939846480241,purse incident reported. Evidence collected,Male,0
2022-01-27 20:34:00,20,3,Cyber Crime,Suburb A,28.597021907277192,77.17966735196418,phishing incident reported. CCTV available,Unknown,0
2023-05-12 16:18:00,16,4,Cyber Crime,Industrial Area,28.606470078102888,77.20060462771951,hacked incident reported. Witness present,Unknown,0
2022-10-23 03:01:00,3,6,Homicide,Northside,28.62266562133758,77.213064849027,shot incident reported. CCTV available,Female,1
2023-08-17 07:07:00,7,3,Fraud,Suburb B,28.594017110483016,77.2024545626929,scam incident reported. No leads yet,Male,0
2023-11-28 03:05:00,3,1,Cyber Crime,Suburb A,28.607708966315208,77.17940029588397,identity theft incident reported. Evidence collected,Unknown,0
2022-08-25 20:18:00,20,3,Theft,Westside,28.597550887883113,77.19615310615643,missing incident reported. Evidence collected,Female,0
2022-02-13 01:55:00,1,6,Homicide,Suburb A,28.63779375033035,77.21219084526597,killed incident reported. Witness present,Unknown,0
2022-05-14 20:30:00,20,5,Theft,Suburb B,28.624936145899127,77.18402274171419,stole incident reported. No leads yet,Unknown,0
2022-11-14 19:50:00,19,0,Homicide,Eastside,28.6338035747169,77.23068503438374,stabbed incident reported. Evidence collected,Female,0
2023-11-26 07:50:00,7,6,Fraud,Eastside,28.58059425054759,77.19724472126808,cheated incident reported. No leads yet,Unknown,0
2022-05-24 05:19:00,5,1,Cyber Crime,Suburb A,28.62216275955026,77.21973980755897,hacked incident reported. No leads yet,Unknown,0
